TimeUs,Urg (Ch1),Ugen,Ugs (Ch2),Urn (Ch3),Uds (Ch4)
1,,,,,
2,,,,,
3,,,,,
4,,,,,
5,,,,,
6,,,,,
7,,,,,
8,,,,,
9,,,,,
10,,,,,
11,,,,,
12,,,,,
13,,,,,
14,,,,,
15,,,,,
16,,,,,
17,,,,,
18,,,,,
19,,,,,
20,,,,,
21,,,,,
22,,,,,
23,,,,,
24,,,,,
25,,,,,
26,,,,,
27,,,,,
28,,,,,
29,,,,,
30,1970.6666666666667,2536.0,600.0,4234.666666666667,3586.6666666666665
31,1968.0,2530.6666666666665,600.0,4232.0,3592.0
32,1965.3333333333333,2525.3333333333335,600.0,4229.333333333333,3600.0
33,1957.3333333333333,2522.6666666666665,600.0,4229.333333333333,3602.6666666666665
34,1952.0,2517.3333333333335,602.6666666666666,4224.0,3605.3333333333335
35,1949.3333333333333,2512.0,602.6666666666666,4218.666666666667,3613.3333333333335
36,1944.0,2506.6666666666665,602.6666666666666,4213.333333333333,3618.6666666666665
37,1936.0,2501.3333333333335,602.6666666666666,4208.0,3621.3333333333335
38,1933.3333333333333,2496.0,602.6666666666666,4202.666666666667,3626.6666666666665
39,1930.6666666666667,2493.3333333333335,602.6666666666666,4200.0,3632.0
40,1928.0,2488.0,600.0,4197.333333333333,3637.3333333333335
41,1925.3333333333333,2485.3333333333335,600.0,4194.666666666667,3642.6666666666665
42,1920.0,2482.6666666666665,600.0,4189.333333333333,3645.3333333333335
43,1914.6666666666667,2477.3333333333335,600.0,4186.666666666667,3650.6666666666665
44,1909.3333333333333,2472.0,600.0,4181.333333333333,3656.0
45,1906.6666666666667,2469.3333333333335,600.0,4176.0,3661.3333333333335
46,1904.0,2466.6666666666665,600.0,4170.666666666667,3666.6666666666665
47,1901.3333333333333,2461.3333333333335,600.0,4165.333333333333,3672.0
48,1896.0,2458.6666666666665,600.0,4160.0,3680.0
49,1893.3333333333333,2456.0,597.3333333333334,4154.666666666667,3682.6666666666665
50,1888.0,2450.6666666666665,597.3333333333334,4152.0,3688.0
51,1885.3333333333333,2445.3333333333335,597.3333333333334,4149.333333333333,3690.6666666666665
52,1882.6666666666667,2440.0,594.6666666666666,4144.0,3693.3333333333335
53,1877.3333333333333,2434.6666666666665,594.6666666666666,4138.666666666667,3696.0
54,1872.0,2429.3333333333335,594.6666666666666,4136.0,3701.3333333333335
55,1866.6666666666667,2426.6666666666665,597.3333333333334,4133.333333333333,3704.0
56,1864.0,2424.0,600.0,4130.666666666667,3709.3333333333335
57,1861.3333333333333,2424.0,600.0,4128.0,3714.6666666666665
58,1856.0,2421.3333333333335,600.0,4122.666666666667,3720.0
59,1853.3333333333333,2416.0,600.0,4117.333333333333,3725.3333333333335
60,1848.0,2408.0,600.0,4112.0,3730.6666666666665
61,1842.6666666666667,2405.3333333333335,602.6666666666666,4104.0,3736.0
62,1840.0,2402.6666666666665,602.6666666666666,4096.0,3738.6666666666665
63,1837.3333333333333,2397.3333333333335,602.6666666666666,4088.0,3744.0
64,1832.0,2394.6666666666665,600.0,4082.6666666666665,3749.3333333333335
65,1826.6666666666667,2392.0,600.0,4077.3333333333335,3752.0
66,1824.0,2386.6666666666665,600.0,4072.0,3754.6666666666665
67,1821.3333333333333,2381.3333333333335,600.0,4066.6666666666665,3762.6666666666665
68,1816.0,2376.0,600.0,4061.3333333333335,3768.0
69,1810.6666666666667,2370.6666666666665,600.0,4056.0,3773.3333333333335
70,1802.6666666666667,2365.3333333333335,600.0,4048.0,3778.6666666666665
71,1794.6666666666667,2362.6666666666665,600.0,4042.6666666666665,3784.0
72,1789.3333333333333,2357.3333333333335,600.0,4037.3333333333335,3789.3333333333335
73,1784.0,2357.3333333333335,600.0,4029.3333333333335,3794.6666666666665
74,1781.3333333333333,2354.6666666666665,600.0,4024.0,3800.0
75,1776.0,2349.3333333333335,600.0,4018.6666666666665,3808.0
76,1770.6666666666667,2344.0,597.3333333333334,4016.0,3816.0
77,1765.3333333333333,2338.6666666666665,597.3333333333334,4010.6666666666665,3821.3333333333335
78,1760.0,2333.3333333333335,597.3333333333334,4005.3333333333335,3824.0
79,1754.6666666666667,2328.0,600.0,4000.0,3832.0
80,1749.3333333333333,2325.3333333333335,600.0,3994.6666666666665,3837.3333333333335
81,1744.0,2320.0,602.6666666666666,3986.6666666666665,3845.3333333333335
82,1738.6666666666667,2314.6666666666665,602.6666666666666,3981.3333333333335,3853.3333333333335
83,1736.0,2309.3333333333335,602.6666666666666,3973.3333333333335,3861.3333333333335
84,1730.6666666666667,2306.6666666666665,602.6666666666666,3965.3333333333335,3866.6666666666665
85,1728.0,2298.6666666666665,600.0,3960.0,3874.6666666666665
86,1722.6666666666667,2293.3333333333335,597.3333333333334,3952.0,3880.0
87,1717.3333333333333,2288.0,600.0,3944.0,3885.3333333333335
88,1714.6666666666667,2282.6666666666665,600.0,3938.6666666666665,3890.6666666666665
89,1709.3333333333333,2277.3333333333335,600.0,3933.3333333333335,3896.0
90,1704.0,2272.0,597.3333333333334,3928.0,3904.0
91,1698.6666666666667,2266.6666666666665,597.3333333333334,3922.6666666666665,3912.0
92,1690.6666666666667,2261.3333333333335,600.0,3917.3333333333335,3920.0
93,1685.3333333333333,2256.0,600.0,3912.0,3928.0
94,1680.0,2250.6666666666665,600.0,3906.6666666666665,3936.0
95,1674.6666666666667,2242.6666666666665,600.0,3898.6666666666665,3944.0
96,1669.3333333333333,2240.0,597.3333333333334,3893.3333333333335,3952.0
97,1664.0,2234.6666666666665,597.3333333333334,3888.0,3957.3333333333335
98,1658.6666666666667,2229.3333333333335,597.3333333333334,3882.6666666666665,3962.6666666666665
99,1653.3333333333333,2221.3333333333335,597.3333333333334,3874.6666666666665,3968.0
100,1650.6666666666667,2216.0,597.3333333333334,3869.3333333333335,3973.3333333333335
101,1648.0,2210.6666666666665,597.3333333333334,3864.0,3978.6666666666665
102,1645.3333333333333,2205.3333333333335,597.3333333333334,3858.6666666666665,3986.6666666666665
103,1642.6666666666667,2194.6666666666665,597.3333333333334,3853.3333333333335,3994.6666666666665
104,1634.6666666666667,2189.3333333333335,597.3333333333334,3845.3333333333335,4002.6666666666665
105,1632.0,2184.0,597.3333333333334,3840.0,4008.0
106,1626.6666666666667,2181.3333333333335,600.0,3829.3333333333335,4013.3333333333335
107,1624.0,2176.0,602.6666666666666,3821.3333333333335,4021.3333333333335
108,1621.3333333333333,2170.6666666666665,602.6666666666666,3813.3333333333335,4029.3333333333335
109,1618.6666666666667,2165.3333333333335,602.6666666666666,3805.3333333333335,4037.3333333333335
110,1613.3333333333333,2160.0,602.6666666666666,3797.3333333333335,4042.6666666666665
111,1610.6666666666667,2157.3333333333335,600.0,3792.0,4048.0
112,1608.0,2154.6666666666665,600.0,3784.0,4053.3333333333335
113,1602.6666666666667,2149.3333333333335,600.0,3776.0,4058.6666666666665
114,1600.0,2141.3333333333335,600.0,3768.0,4066.6666666666665
115,1594.6666666666667,2136.0,600.0,3757.3333333333335,4072.0
116,1589.3333333333333,2130.6666666666665,602.6666666666666,3749.3333333333335,4077.3333333333335
117,1584.0,2122.6666666666665,600.0,3741.3333333333335,4085.3333333333335
118,1576.0,2117.3333333333335,600.0,3733.3333333333335,4093.3333333333335
119,1570.6666666666667,2112.0,600.0,3722.6666666666665,4101.333333333333
120,1565.3333333333333,2109.3333333333335,600.0,3712.0,4106.666666666667
121,1562.6666666666667,2104.0,597.3333333333334,3701.3333333333335,4112.0
122,1560.0,2098.6666666666665,594.6666666666666,3690.6666666666665,4117.333333333333
123,1554.6666666666667,2093.3333333333335,597.3333333333334,3680.0,4125.333333333333
124,1549.3333333333333,2088.0,597.3333333333334,3669.3333333333335,4133.333333333333
125,1544.0,2085.3333333333335,597.3333333333334,3661.3333333333335,4141.333333333333
126,1538.6666666666667,2080.0,600.0,3650.6666666666665,4149.333333333333
127,1533.3333333333333,2077.3333333333335,600.0,3637.3333333333335,4157.333333333333
128,1528.0,2072.0,600.0,3624.0,4165.333333333333
129,1522.6666666666667,2069.3333333333335,600.0,3616.0,4176.0
130,1517.3333333333333,2064.0,600.0,3608.0,4186.666666666667
131,1512.0,2058.6666666666665,602.6666666666666,3594.6666666666665,4194.666666666667
132,1506.6666666666667,2053.3333333333335,602.6666666666666,3586.6666666666665,4202.666666666667
133,1498.6666666666667,2053.3333333333335,602.6666666666666,3578.6666666666665,4210.666666666667
134,1493.3333333333333,2048.0,602.6666666666666,3570.6666666666665,4221.333333333333
135,1488.0,2042.6666666666667,602.6666666666666,3560.0,4229.333333333333
136,1485.3333333333333,2034.6666666666667,602.6666666666666,3549.3333333333335,4240.0
137,1477.3333333333333,2029.3333333333333,602.6666666666666,3538.6666666666665,4250.666666666667
138,1469.3333333333333,2024.0,602.6666666666666,3528.0,4261.333333333333
139,1461.3333333333333,2016.0,602.6666666666666,3517.3333333333335,4269.333333333333
140,1456.0,2008.0,602.6666666666666,3506.6666666666665,4280.0
141,1448.0,2002.6666666666667,602.6666666666666,3496.0,4290.666666666667
142,1440.0,1997.3333333333333,602.6666666666666,3482.6666666666665,4301.333333333333
143,1434.6666666666667,1994.6666666666667,602.6666666666666,3472.0,4312.0
144,1429.3333333333333,1992.0,602.6666666666666,3461.3333333333335,4320.0
145,1424.0,1986.6666666666667,602.6666666666666,3450.6666666666665,4333.333333333333
146,1416.0,1978.6666666666667,600.0,3440.0,4344.0
147,1410.6666666666667,1973.3333333333333,600.0,3429.3333333333335,4354.666666666667
148,1408.0,1968.0,600.0,3418.6666666666665,4365.333333333333
149,1402.6666666666667,1962.6666666666667,600.0,3410.6666666666665,4376.0
150,1400.0,1957.3333333333333,600.0,3400.0,4386.666666666667
151,1394.6666666666667,1952.0,600.0,3389.3333333333335,4397.333333333333
152,1389.3333333333333,1944.0,600.0,3378.6666666666665,4408.0
153,1386.6666666666667,1938.6666666666667,597.3333333333334,3370.6666666666665,4416.0
154,1381.3333333333333,1933.3333333333333,597.3333333333334,3362.6666666666665,4424.0
155,1376.0,1928.0,597.3333333333334,3352.0,4434.666666666667
156,1370.6666666666667,1922.6666666666667,597.3333333333334,3341.3333333333335,4445.333333333333
157,1365.3333333333333,1917.3333333333333,600.0,3333.3333333333335,4456.0
158,1360.0,1914.6666666666667,600.0,3322.6666666666665,4466.666666666667
159,1354.6666666666667,1909.3333333333333,600.0,3309.3333333333335,4474.666666666667
160,1349.3333333333333,1904.0,600.0,3296.0,4485.333333333333
161,1344.0,1896.0,597.3333333333334,3285.3333333333335,4498.666666666667
162,1338.6666666666667,1890.6666666666667,597.3333333333334,3272.0,4506.666666666667
163,1333.3333333333333,1882.6666666666667,597.3333333333334,3258.6666666666665,4517.333333333333
164,1328.0,1877.3333333333333,597.3333333333334,3248.0,4525.333333333333
165,1322.6666666666667,1872.0,597.3333333333334,3237.3333333333335,4538.666666666667
166,1317.3333333333333,1869.3333333333333,597.3333333333334,3226.6666666666665,4549.333333333333
167,1314.6666666666667,1864.0,594.6666666666666,3218.6666666666665,4560.0
168,1312.0,1858.6666666666667,594.6666666666666,3208.0,4568.0
169,1309.3333333333333,1856.0,594.6666666666666,3197.3333333333335,4578.666666666667
170,1304.0,1853.3333333333333,594.6666666666666,3186.6666666666665,4589.333333333333
171,1298.6666666666667,1845.3333333333333,594.6666666666666,3176.0,4600.0
172,1296.0,1840.0,594.6666666666666,3168.0,4610.666666666667
173,1290.6666666666667,1834.6666666666667,594.6666666666666,3160.0,4624.0
174,1288.0,1829.3333333333333,594.6666666666666,3149.3333333333335,4634.666666666667
175,1285.3333333333333,1826.6666666666667,594.6666666666666,3138.6666666666665,4645.333333333333
176,1282.6666666666667,1821.3333333333333,594.6666666666666,3128.0,4656.0
177,1277.3333333333333,1816.0,594.6666666666666,3117.3333333333335,4666.666666666667
178,1272.0,1810.6666666666667,594.6666666666666,3106.6666666666665,4677.333333333333
179,1266.6666666666667,1805.3333333333333,594.6666666666666,3096.0,4688.0
180,1258.6666666666667,1802.6666666666667,594.6666666666666,3088.0,4701.333333333333
181,1253.3333333333333,1797.3333333333333,594.6666666666666,3080.0,4714.666666666667
182,1248.0,1794.6666666666667,592.0,3069.3333333333335,4728.0
183,1242.6666666666667,1789.3333333333333,592.0,3056.0,4741.333333333333
184,1240.0,1784.0,592.0,3042.6666666666665,4754.666666666667
185,1237.3333333333333,1778.6666666666667,592.0,3032.0,4762.666666666667
186,1234.6666666666667,1773.3333333333333,592.0,3021.3333333333335,4773.333333333333
187,1232.0,1765.3333333333333,589.3333333333334,3010.6666666666665,4786.666666666667
188,1226.6666666666667,1760.0,589.3333333333334,3002.6666666666665,4800.0
189,1224.0,1754.6666666666667,589.3333333333334,2992.0,4813.333333333333
190,1218.6666666666667,1749.3333333333333,589.3333333333334,2981.3333333333335,4824.0
191,1216.0,1744.0,589.3333333333334,2970.6666666666665,4834.666666666667
192,1210.6666666666667,1738.6666666666667,586.6666666666666,2960.0,4850.666666666667
193,1208.0,1733.3333333333333,586.6666666666666,2949.3333333333335,4861.333333333333
194,1205.3333333333333,1728.0,586.6666666666666,2938.6666666666665,4872.0
195,1200.0,1725.3333333333333,586.6666666666666,2928.0,4882.666666666667
196,1194.6666666666667,1717.3333333333333,586.6666666666666,2917.3333333333335,4893.333333333333
197,1189.3333333333333,1712.0,586.6666666666666,2904.0,4906.666666666667
198,1184.0,1706.6666666666667,586.6666666666666,2893.3333333333335,4920.0
199,1178.6666666666667,1701.3333333333333,584.0,2882.6666666666665,4930.666666666667
200,1176.0,1696.0,584.0,2872.0,4941.333333333333
201,1170.6666666666667,1690.6666666666667,581.3333333333334,2861.3333333333335,4952.0
202,1165.3333333333333,1685.3333333333333,581.3333333333334,2848.0,4962.666666666667
203,1162.6666666666667,1680.0,581.3333333333334,2837.3333333333335,4976.0
204,1154.6666666666667,1674.6666666666667,581.3333333333334,2826.6666666666665,4992.0
205,1149.3333333333333,1669.3333333333333,581.3333333333334,2816.0,5005.333333333333
206,1146.6666666666667,1666.6666666666667,581.3333333333334,2805.3333333333335,5018.666666666667
207,1144.0,1661.3333333333333,581.3333333333334,2794.6666666666665,5032.0
208,1141.3333333333333,1658.6666666666667,581.3333333333334,2784.0,5048.0
209,1136.0,1653.3333333333333,581.3333333333334,2770.6666666666665,5061.333333333333
210,1133.3333333333333,1645.3333333333333,581.3333333333334,2760.0,5072.0
211,1128.0,1640.0,581.3333333333334,2746.6666666666665,5085.333333333333
212,1122.6666666666667,1634.6666666666667,584.0,2736.0,5098.666666666667
213,1117.3333333333333,1629.3333333333333,581.3333333333334,2722.6666666666665,5112.0
214,1112.0,1624.0,581.3333333333334,2709.3333333333335,5125.333333333333
215,1106.6666666666667,1618.6666666666667,581.3333333333334,2698.6666666666665,5141.333333333333
216,1101.3333333333333,1613.3333333333333,581.3333333333334,2688.0,5154.666666666667
217,1096.0,1608.0,581.3333333333334,2674.6666666666665,5165.333333333333
218,1093.3333333333333,1602.6666666666667,581.3333333333334,2664.0,5178.666666666667
219,1088.0,1597.3333333333333,581.3333333333334,2656.0,5192.0
220,1085.3333333333333,1594.6666666666667,578.6666666666666,2648.0,5208.0
221,1080.0,1589.3333333333333,578.6666666666666,2637.3333333333335,5221.333333333333
222,1077.3333333333333,1584.0,581.3333333333334,2626.6666666666665,5232.0
223,1072.0,1578.6666666666667,581.3333333333334,2618.6666666666665,5248.0
224,1066.6666666666667,1573.3333333333333,581.3333333333334,2610.6666666666665,5261.333333333333
225,1061.3333333333333,1565.3333333333333,581.3333333333334,2600.0,5272.0
226,1056.0,1560.0,581.3333333333334,2592.0,5285.333333333333
227,1050.6666666666667,1554.6666666666667,581.3333333333334,2584.0,5298.666666666667
228,1045.3333333333333,1549.3333333333333,581.3333333333334,2570.6666666666665,5314.666666666667
229,1040.0,1544.0,584.0,2557.3333333333335,5330.666666666667
230,1037.3333333333333,1538.6666666666667,584.0,2544.0,5346.666666666667
231,1034.6666666666667,1536.0,586.6666666666666,2530.6666666666665,5362.666666666667
232,1032.0,1530.6666666666667,586.6666666666666,2520.0,5378.666666666667
233,1026.6666666666667,1525.3333333333333,586.6666666666666,2506.6666666666665,5386.666666666667
234,1024.0,1520.0,586.6666666666666,2496.0,5397.333333333333
235,1018.6666666666666,1514.6666666666667,586.6666666666666,2482.6666666666665,5408.0
236,1013.3333333333334,1509.3333333333333,586.6666666666666,2469.3333333333335,5421.333333333333
237,1008.0,1506.6666666666667,586.6666666666666,2458.6666666666665,5432.0
238,1002.6666666666666,1498.6666666666667,586.6666666666666,2442.6666666666665,5440.0
239,1000.0,1493.3333333333333,586.6666666666666,2432.0,5450.666666666667
240,994.6666666666666,1490.6666666666667,586.6666666666666,2418.6666666666665,5458.666666666667
241,989.3333333333334,1485.3333333333333,586.6666666666666,2405.3333333333335,5466.666666666667
242,984.0,1480.0,586.6666666666666,2394.6666666666665,5480.0
243,978.6666666666666,1474.6666666666667,589.3333333333334,2384.0,5493.333333333333
244,973.3333333333334,1472.0,589.3333333333334,2373.3333333333335,5506.666666666667
245,968.0,1466.6666666666667,589.3333333333334,2357.3333333333335,5520.0
246,965.3333333333334,1461.3333333333333,589.3333333333334,2344.0,5533.333333333333
247,960.0,1456.0,589.3333333333334,2330.6666666666665,5546.666666666667
248,954.6666666666666,1450.6666666666667,589.3333333333334,2317.3333333333335,5557.333333333333
249,949.3333333333334,1445.3333333333333,589.3333333333334,2304.0,5568.0
250,944.0,1440.0,592.0,2290.6666666666665,5581.333333333333
251,938.6666666666666,1437.3333333333333,592.0,2277.3333333333335,5594.666666666667
252,933.3333333333334,1434.6666666666667,589.3333333333334,2261.3333333333335,5610.666666666667
253,930.6666666666666,1432.0,589.3333333333334,2245.3333333333335,5624.0
254,925.3333333333334,1429.3333333333333,589.3333333333334,2226.6666666666665,5637.333333333333
255,920.0,1424.0,589.3333333333334,2210.6666666666665,5653.333333333333
256,914.6666666666666,1418.6666666666667,589.3333333333334,2194.6666666666665,5666.666666666667
257,909.3333333333334,1416.0,589.3333333333334,2178.6666666666665,5677.333333333333
258,904.0,1410.6666666666667,589.3333333333334,2168.0,5688.0
259,898.6666666666666,1405.3333333333333,589.3333333333334,2154.6666666666665,5701.333333333333
260,893.3333333333334,1402.6666666666667,589.3333333333334,2141.3333333333335,5712.0
261,888.0,1397.3333333333333,589.3333333333334,2128.0,5722.666666666667
262,882.6666666666666,1392.0,589.3333333333334,2114.6666666666665,5736.0
263,877.3333333333334,1386.6666666666667,589.3333333333334,2101.3333333333335,5749.333333333333
264,872.0,1381.3333333333333,586.6666666666666,2088.0,5762.666666666667
265,866.6666666666666,1376.0,586.6666666666666,2077.3333333333335,5778.666666666667
266,861.3333333333334,1370.6666666666667,586.6666666666666,2066.6666666666665,5794.666666666667
267,856.0,1365.3333333333333,586.6666666666666,2050.6666666666665,5810.666666666667
268,850.6666666666666,1362.6666666666667,584.0,2040.0,5826.666666666667
269,845.3333333333334,1357.3333333333333,584.0,2026.6666666666667,5842.666666666667
270,842.6666666666666,1349.3333333333333,584.0,2013.3333333333333,5861.333333333333
271,840.0,1344.0,584.0,2002.6666666666667,5877.333333333333
272,834.6666666666666,1341.3333333333333,581.3333333333334,1989.3333333333333,5888.0
273,832.0,1338.6666666666667,581.3333333333334,1978.6666666666667,5901.333333333333
274,829.3333333333334,1333.3333333333333,581.3333333333334,1965.3333333333333,5914.666666666667
275,826.6666666666666,1330.6666666666667,581.3333333333334,1954.6666666666667,5930.666666666667
276,821.3333333333334,1325.3333333333333,581.3333333333334,1941.3333333333333,5944.0
277,818.6666666666666,1322.6666666666667,581.3333333333334,1930.6666666666667,5957.333333333333
278,813.3333333333334,1317.3333333333333,578.6666666666666,1917.3333333333333,5970.666666666667
279,808.0,1312.0,578.6666666666666,1904.0,5986.666666666667
280,802.6666666666666,1306.6666666666667,578.6666666666666,1890.6666666666667,5997.333333333333
281,797.3333333333334,1301.3333333333333,578.6666666666666,1880.0,6013.333333333333
282,792.0,1296.0,581.3333333333334,1869.3333333333333,6026.666666666667
283,786.6666666666666,1290.6666666666667,581.3333333333334,1856.0,6037.333333333333
284,784.0,1285.3333333333333,581.3333333333334,1842.6666666666667,6053.333333333333
285,781.3333333333334,1282.6666666666667,578.6666666666666,1832.0,6066.666666666667
286,778.6666666666666,1277.3333333333333,576.0,1818.6666666666667,6077.333333333333
287,776.0,1272.0,573.3333333333334,1808.0,6090.666666666667
288,770.6666666666666,1269.3333333333333,573.3333333333334,1797.3333333333333,6104.0
289,768.0,1264.0,573.3333333333334,1789.3333333333333,6114.666666666667
290,762.6666666666666,1256.0,570.6666666666666,1778.6666666666667,6128.0
291,760.0,1253.3333333333333,570.6666666666666,1765.3333333333333,6141.333333333333
292,754.6666666666666,1248.0,570.6666666666666,1754.6666666666667,6152.0
293,752.0,1242.6666666666667,570.6666666666666,1741.3333333333333,6168.0
294,749.3333333333334,1237.3333333333333,570.6666666666666,1730.6666666666667,6181.333333333333
295,744.0,1232.0,570.6666666666666,1720.0,6192.0
296,741.3333333333334,1226.6666666666667,570.6666666666666,1706.6666666666667,6202.666666666667
297,736.0,1221.3333333333333,568.0,1698.6666666666667,6216.0
298,730.6666666666666,1216.0,570.6666666666666,1688.0,6229.333333333333
299,725.3333333333334,1213.3333333333333,568.0,1674.6666666666667,6240.0
300,720.0,1210.6666666666667,565.3333333333334,1661.3333333333333,6253.333333333333
301,714.6666666666666,1208.0,565.3333333333334,1648.0,6266.666666666667
302,712.0,1200.0,565.3333333333334,1634.6666666666667,6280.0
303,706.6666666666666,1194.6666666666667,565.3333333333334,1621.3333333333333,6290.666666666667
304,698.6666666666666,1189.3333333333333,562.6666666666666,1613.3333333333333,6304.0
305,693.3333333333334,1184.0,560.0,1602.6666666666667,6314.666666666667
306,688.0,1178.6666666666667,557.3333333333334,1589.3333333333333,6328.0
307,682.6666666666666,1176.0,557.3333333333334,1576.0,6341.333333333333
308,680.0,1170.6666666666667,557.3333333333334,1562.6666666666667,6354.666666666667
309,677.3333333333334,1165.3333333333333,557.3333333333334,1549.3333333333333,6368.0
310,672.0,1160.0,554.6666666666666,1536.0,6378.666666666667
311,669.3333333333334,1154.6666666666667,552.0,1522.6666666666667,6386.666666666667
312,664.0,1149.3333333333333,552.0,1512.0,6397.333333333333
313,661.3333333333334,1144.0,552.0,1501.3333333333333,6413.333333333333
314,656.0,1138.6666666666667,552.0,1490.6666666666667,6424.0
315,650.6666666666666,1133.3333333333333,552.0,1477.3333333333333,6434.666666666667
316,645.3333333333334,1130.6666666666667,552.0,1466.6666666666667,6450.666666666667
317,640.0,1125.3333333333333,554.6666666666666,1453.3333333333333,6464.0
318,637.3333333333334,1117.3333333333333,554.6666666666666,1440.0,6477.333333333333
319,632.0,1114.6666666666667,552.0,1426.6666666666667,6490.666666666667
320,626.6666666666666,1112.0,552.0,1416.0,6504.0
321,621.3333333333334,1106.6666666666667,552.0,1408.0,6520.0
322,616.0,1104.0,552.0,1394.6666666666667,6536.0
323,610.6666666666666,1101.3333333333333,549.3333333333334,1384.0,6549.333333333333
324,605.3333333333334,1096.0,552.0,1370.6666666666667,6562.666666666667
325,602.6666666666666,1090.6666666666667,552.0,1357.3333333333333,6576.0
326,594.6666666666666,1085.3333333333333,552.0,1344.0,6586.666666666667
327,589.3333333333334,1080.0,552.0,1330.6666666666667,6597.333333333333
328,584.0,1074.6666666666667,549.3333333333334,1320.0,6610.666666666667
329,578.6666666666666,1069.3333333333333,549.3333333333334,1312.0,6626.666666666667
330,573.3333333333334,1066.6666666666667,552.0,1301.3333333333333,6640.0
331,568.0,1061.3333333333333,552.0,1290.6666666666667,6650.666666666667
332,562.6666666666666,1056.0,552.0,1277.3333333333333,6664.0
333,557.3333333333334,1050.6666666666667,549.3333333333334,1266.6666666666667,6677.333333333333
334,554.6666666666666,1045.3333333333333,552.0,1250.6666666666667,6688.0
335,549.3333333333334,1040.0,554.6666666666666,1240.0,6701.333333333333
336,544.0,1037.3333333333333,554.6666666666666,1234.6666666666667,6714.666666666667
337,538.6666666666666,1032.0,552.0,1224.0,6728.0
338,533.3333333333334,1029.3333333333333,552.0,1213.3333333333333,6741.333333333333
339,528.0,1024.0,549.3333333333334,1200.0,6752.0
340,525.3333333333334,1018.6666666666666,549.3333333333334,1189.3333333333333,6765.333333333333
341,520.0,1013.3333333333334,549.3333333333334,1178.6666666666667,6778.666666666667
342,517.3333333333334,1010.6666666666666,546.6666666666666,1168.0,6789.333333333333
343,509.3333333333333,1005.3333333333334,544.0,1157.3333333333333,6800.0
344,506.6666666666667,1000.0,544.0,1146.6666666666667,6813.333333333333
345,501.3333333333333,994.6666666666666,546.6666666666666,1138.6666666666667,6826.666666666667
346,498.6666666666667,989.3333333333334,546.6666666666666,1128.0,6837.333333333333
347,496.0,984.0,544.0,1117.3333333333333,6848.0
348,490.6666666666667,981.3333333333334,541.3333333333334,1106.6666666666667,6858.666666666667
349,488.0,976.0,541.3333333333334,1098.6666666666667,6869.333333333333
350,482.6666666666667,970.6666666666666,541.3333333333334,1090.6666666666667,6882.666666666667
351,477.3333333333333,965.3333333333334,538.6666666666666,1082.6666666666667,6893.333333333333
352,472.0,960.0,538.6666666666666,1077.3333333333333,6906.666666666667
353,466.6666666666667,954.6666666666666,541.3333333333334,1066.6666666666667,6920.0
354,461.3333333333333,952.0,538.6666666666666,1053.3333333333333,6933.333333333333
355,456.0,949.3333333333334,536.0,1040.0,6946.666666666667
356,453.3333333333333,944.0,536.0,1029.3333333333333,6962.666666666667
357,450.6666666666667,938.6666666666666,538.6666666666666,1016.0,6973.333333333333
358,448.0,936.0,538.6666666666666,1002.6666666666666,6984.0
359,445.3333333333333,930.6666666666666,541.3333333333334,989.3333333333334,6994.666666666667
360,442.6666666666667,925.3333333333334,538.6666666666666,981.3333333333334,7002.666666666667
361,440.0,922.6666666666666,536.0,970.6666666666666,7013.333333333333
362,437.3333333333333,920.0,538.6666666666666,960.0,7024.0
363,434.6666666666667,914.6666666666666,538.6666666666666,946.6666666666666,7032.0
364,432.0,909.3333333333334,536.0,938.6666666666666,7042.666666666667
365,426.6666666666667,904.0,536.0,925.3333333333334,7050.666666666667
366,421.3333333333333,898.6666666666666,536.0,909.3333333333334,7058.666666666667
367,416.0,893.3333333333334,536.0,898.6666666666666,7072.0
368,410.6666666666667,888.0,536.0,888.0,7085.333333333333
369,405.3333333333333,885.3333333333334,538.6666666666666,877.3333333333334,7098.666666666667
370,400.0,880.0,541.3333333333334,864.0,7112.0
371,394.6666666666667,874.6666666666666,544.0,850.6666666666666,7125.333333333333
372,389.3333333333333,866.6666666666666,544.0,834.6666666666666,7138.666666666667
373,386.6666666666667,861.3333333333334,544.0,818.6666666666666,7149.333333333333
374,381.3333333333333,856.0,541.3333333333334,808.0,7160.0
375,378.6666666666667,850.6666666666666,538.6666666666666,794.6666666666666,7173.333333333333
376,373.3333333333333,848.0,538.6666666666666,781.3333333333334,7186.666666666667
377,368.0,842.6666666666666,538.6666666666666,768.0,7200.0
378,365.3333333333333,837.3333333333334,538.6666666666666,754.6666666666666,7216.0
379,360.0,832.0,538.6666666666666,738.6666666666666,7232.0
380,357.3333333333333,824.0,538.6666666666666,722.6666666666666,7245.333333333333
381,352.0,818.6666666666666,538.6666666666666,706.6666666666666,7258.666666666667
382,349.3333333333333,813.3333333333334,538.6666666666666,690.6666666666666,7269.333333333333
383,344.0,808.0,536.0,677.3333333333334,7280.0
384,338.6666666666667,802.6666666666666,536.0,666.6666666666666,7290.666666666667
385,333.3333333333333,797.3333333333334,536.0,656.0,7304.0
386,328.0,794.6666666666666,533.3333333333334,645.3333333333334,7317.333333333333
387,322.6666666666667,789.3333333333334,530.6666666666666,634.6666666666666,7330.666666666667
388,314.6666666666667,781.3333333333334,530.6666666666666,624.0,7344.0
389,309.3333333333333,776.0,528.0,613.3333333333334,7354.666666666667
390,304.0,770.6666666666666,528.0,600.0,7370.666666666667
391,298.6666666666667,762.6666666666666,530.6666666666666,589.3333333333334,7386.666666666667
392,290.6666666666667,757.3333333333334,530.6666666666666,578.6666666666666,7402.666666666667
393,285.3333333333333,752.0,530.6666666666666,568.0,7421.333333333333
394,280.0,746.6666666666666,530.6666666666666,554.6666666666666,7437.333333333333
395,277.3333333333333,741.3333333333334,528.0,544.0,7453.333333333333
396,274.6666666666667,736.0,528.0,533.3333333333334,7469.333333333333
397,269.3333333333333,728.0,528.0,520.0,7480.0
398,264.0,722.6666666666666,528.0,506.6666666666667,7493.333333333333
399,258.6666666666667,717.3333333333334,525.3333333333334,496.0,7506.666666666667
400,256.0,714.6666666666666,522.6666666666666,485.3333333333333,7520.0
401,253.33333333333334,712.0,520.0,472.0,7533.333333333333
402,248.0,706.6666666666666,520.0,464.0,7546.666666666667
403,242.66666666666666,701.3333333333334,520.0,456.0,7560.0
404,237.33333333333334,698.6666666666666,520.0,445.3333333333333,7573.333333333333
405,232.0,696.0,520.0,434.6666666666667,7584.0
406,226.66666666666666,688.0,520.0,426.6666666666667,7597.333333333333
407,221.33333333333334,685.3333333333334,520.0,416.0,7613.333333333333
408,216.0,680.0,520.0,405.3333333333333,7624.0
409,210.66666666666666,674.6666666666666,520.0,392.0,7637.333333333333
410,205.33333333333334,672.0,520.0,378.6666666666667,7650.666666666667
411,202.66666666666666,666.6666666666666,520.0,365.3333333333333,7664.0
412,197.33333333333334,661.3333333333334,517.3333333333334,354.6666666666667,7677.333333333333
413,192.0,656.0,517.3333333333334,344.0,7690.666666666667
414,189.33333333333334,650.6666666666666,517.3333333333334,333.3333333333333,7704.0
415,186.66666666666666,645.3333333333334,517.3333333333334,322.6666666666667,7714.666666666667
416,184.0,640.0,517.3333333333334,312.0,7725.333333333333
417,181.33333333333334,634.6666666666666,517.3333333333334,301.3333333333333,7738.666666666667
418,181.33333333333334,629.3333333333334,517.3333333333334,288.0,7749.333333333333
419,178.66666666666666,624.0,517.3333333333334,274.6666666666667,7762.666666666667
420,173.33333333333334,618.6666666666666,517.3333333333334,261.3333333333333,7773.333333333333
421,168.0,613.3333333333334,514.6666666666666,250.66666666666666,7786.666666666667
422,165.33333333333334,608.0,512.0,242.66666666666666,7797.333333333333
423,162.66666666666666,605.3333333333334,512.0,232.0,7810.666666666667
424,157.33333333333334,600.0,512.0,221.33333333333334,7824.0
425,152.0,594.6666666666666,512.0,210.66666666666666,7837.333333333333
426,146.66666666666666,589.3333333333334,512.0,200.0,7848.0
427,144.0,586.6666666666666,512.0,192.0,7861.333333333333
428,141.33333333333334,581.3333333333334,512.0,184.0,7872.0
429,138.66666666666666,576.0,512.0,176.0,7882.666666666667
430,136.0,570.6666666666666,512.0,168.0,7896.0
431,130.66666666666666,565.3333333333334,512.0,160.0,7906.666666666667
432,128.0,560.0,509.3333333333333,152.0,7920.0
433,125.33333333333333,557.3333333333334,509.3333333333333,141.33333333333334,7933.333333333333
434,122.66666666666667,549.3333333333334,506.6666666666667,130.66666666666666,7946.666666666667
435,120.0,544.0,504.0,122.66666666666667,7960.0
436,117.33333333333333,541.3333333333334,501.3333333333333,112.0,7970.666666666667
437,114.66666666666667,536.0,498.6666666666667,106.66666666666667,7978.666666666667
438,112.0,530.6666666666666,496.0,101.33333333333333,7989.333333333333
439,109.33333333333333,525.3333333333334,493.3333333333333,98.66666666666667,7997.333333333333
440,106.66666666666667,520.0,490.6666666666667,93.33333333333333,8005.333333333333
441,104.0,514.6666666666666,488.0,88.0,8013.333333333333
442,101.33333333333333,509.3333333333333,488.0,80.0,8021.333333333333
443,98.66666666666667,504.0,485.3333333333333,74.66666666666667,8029.333333333333
444,93.33333333333333,498.6666666666667,482.6666666666667,72.0,8037.333333333333
445,90.66666666666667,493.3333333333333,480.0,66.66666666666667,8045.333333333333
446,88.0,488.0,477.3333333333333,61.333333333333336,8056.0
447,85.33333333333333,488.0,474.6666666666667,56.0,8066.666666666667
448,80.0,485.3333333333333,472.0,53.333333333333336,8074.666666666667
449,74.66666666666667,482.6666666666667,469.3333333333333,50.666666666666664,8085.333333333333
450,72.0,474.6666666666667,466.6666666666667,48.0,8093.333333333333
451,72.0,472.0,464.0,42.666666666666664,8101.333333333333
452,72.0,466.6666666666667,458.6666666666667,37.333333333333336,8106.666666666667
453,66.66666666666667,461.3333333333333,456.0,34.666666666666664,8112.0
454,66.66666666666667,458.6666666666667,453.3333333333333,32.0,8117.333333333333
455,66.66666666666667,456.0,450.6666666666667,32.0,8122.666666666667
456,64.0,450.6666666666667,448.0,29.333333333333332,8130.666666666667
457,61.333333333333336,445.3333333333333,445.3333333333333,26.666666666666668,8133.333333333333
458,58.666666666666664,440.0,440.0,24.0,8138.666666666667
459,58.666666666666664,434.6666666666667,434.6666666666667,21.333333333333332,8144.0
460,56.0,429.3333333333333,429.3333333333333,18.666666666666668,8146.666666666667
461,53.333333333333336,424.0,426.6666666666667,18.666666666666668,8152.0
462,53.333333333333336,421.3333333333333,424.0,18.666666666666668,8154.666666666667
463,50.666666666666664,416.0,418.6666666666667,18.666666666666668,8157.333333333333
464,50.666666666666664,413.3333333333333,416.0,18.666666666666668,8160.0
465,50.666666666666664,408.0,413.3333333333333,16.0,8162.666666666667
466,48.0,400.0,410.6666666666667,16.0,8165.333333333333
467,45.333333333333336,394.6666666666667,408.0,13.333333333333334,8168.0
468,45.333333333333336,389.3333333333333,402.6666666666667,10.666666666666666,8170.666666666667
469,45.333333333333336,384.0,397.3333333333333,8.0,8173.333333333333
470,42.666666666666664,378.6666666666667,394.6666666666667,8.0,8176.0
471,42.666666666666664,373.3333333333333,389.3333333333333,8.0,8178.666666666667
472,40.0,368.0,381.3333333333333,8.0,8181.333333333333
473,40.0,362.6666666666667,378.6666666666667,8.0,8186.666666666667
474,40.0,357.3333333333333,373.3333333333333,5.333333333333333,8189.333333333333
475,37.333333333333336,352.0,368.0,5.333333333333333,8192.0
476,37.333333333333336,346.6666666666667,362.6666666666667,5.333333333333333,8192.0
477,37.333333333333336,341.3333333333333,357.3333333333333,5.333333333333333,8192.0
478,40.0,336.0,352.0,5.333333333333333,8194.666666666666
479,40.0,330.6666666666667,346.6666666666667,5.333333333333333,8194.666666666666
480,42.666666666666664,328.0,341.3333333333333,5.333333333333333,8197.333333333334
481,42.666666666666664,322.6666666666667,336.0,5.333333333333333,8197.333333333334
482,42.666666666666664,320.0,333.3333333333333,5.333333333333333,8200.0
483,45.333333333333336,314.6666666666667,328.0,5.333333333333333,8200.0
484,45.333333333333336,309.3333333333333,322.6666666666667,5.333333333333333,8200.0
485,45.333333333333336,304.0,317.3333333333333,2.6666666666666665,8200.0
486,45.333333333333336,301.3333333333333,312.0,2.6666666666666665,8200.0
487,45.333333333333336,298.6666666666667,306.6666666666667,2.6666666666666665,8202.666666666666
488,45.333333333333336,293.3333333333333,304.0,2.6666666666666665,8202.666666666666
489,42.666666666666664,288.0,298.6666666666667,2.6666666666666665,8202.666666666666
490,40.0,282.6666666666667,293.3333333333333,2.6666666666666665,8202.666666666666
491,40.0,277.3333333333333,285.3333333333333,2.6666666666666665,8202.666666666666
492,37.333333333333336,272.0,280.0,0.0,8202.666666666666
493,37.333333333333336,266.6666666666667,274.6666666666667,0.0,8202.666666666666
494,34.666666666666664,261.3333333333333,269.3333333333333,0.0,8202.666666666666
495,34.666666666666664,256.0,264.0,0.0,8202.666666666666
496,37.333333333333336,250.66666666666666,258.6666666666667,0.0,8202.666666666666
497,40.0,245.33333333333334,253.33333333333334,0.0,8202.666666666666
498,40.0,240.0,250.66666666666666,0.0,8202.666666666666
499,40.0,237.33333333333334,248.0,0.0,8200.0
500,42.666666666666664,232.0,242.66666666666666,0.0,8200.0
501,40.0,229.33333333333334,240.0,0.0,8200.0
502,40.0,226.66666666666666,234.66666666666666,0.0,8200.0
503,40.0,221.33333333333334,226.66666666666666,0.0,8197.333333333334
504,40.0,216.0,221.33333333333334,0.0,8197.333333333334
505,40.0,210.66666666666666,216.0,0.0,8197.333333333334
506,40.0,205.33333333333334,210.66666666666666,0.0,8194.666666666666
507,40.0,197.33333333333334,205.33333333333334,2.6666666666666665,8194.666666666666
508,40.0,192.0,200.0,2.6666666666666665,8197.333333333334
509,42.666666666666664,186.66666666666666,197.33333333333334,5.333333333333333,8197.333333333334
510,40.0,181.33333333333334,192.0,5.333333333333333,8200.0
511,40.0,176.0,186.66666666666666,5.333333333333333,8202.666666666666
512,40.0,168.0,181.33333333333334,5.333333333333333,8205.333333333334
513,40.0,160.0,176.0,8.0,8205.333333333334
514,37.333333333333336,152.0,170.66666666666666,8.0,8208.0
515,37.333333333333336,146.66666666666666,165.33333333333334,8.0,8208.0
516,37.333333333333336,138.66666666666666,157.33333333333334,8.0,8208.0
517,40.0,133.33333333333334,152.0,10.666666666666666,8208.0
518,42.666666666666664,128.0,144.0,10.666666666666666,8208.0
519,42.666666666666664,122.66666666666667,138.66666666666666,10.666666666666666,8208.0
520,42.666666666666664,117.33333333333333,133.33333333333334,10.666666666666666,8208.0
521,42.666666666666664,112.0,128.0,10.666666666666666,8208.0
522,42.666666666666664,106.66666666666667,122.66666666666667,10.666666666666666,8208.0
523,45.333333333333336,101.33333333333333,117.33333333333333,10.666666666666666,8210.666666666666
524,48.0,96.0,112.0,10.666666666666666,8210.666666666666
525,48.0,90.66666666666667,106.66666666666667,10.666666666666666,8210.666666666666
526,48.0,88.0,101.33333333333333,10.666666666666666,8210.666666666666
527,48.0,80.0,98.66666666666667,10.666666666666666,8213.333333333334
528,45.333333333333336,77.33333333333333,93.33333333333333,10.666666666666666,8213.333333333334
529,42.666666666666664,72.0,88.0,10.666666666666666,8218.666666666666
530,40.0,66.66666666666667,82.66666666666667,10.666666666666666,8218.666666666666
531,40.0,61.333333333333336,77.33333333333333,10.666666666666666,8218.666666666666
532,40.0,53.333333333333336,74.66666666666667,10.666666666666666,8221.333333333334
533,40.0,48.0,72.0,10.666666666666666,8224.0
534,42.666666666666664,42.666666666666664,69.33333333333333,10.666666666666666,8224.0
535,42.666666666666664,40.0,66.66666666666667,10.666666666666666,8226.666666666666
536,40.0,34.666666666666664,64.0,10.666666666666666,8229.333333333334
537,37.333333333333336,29.333333333333332,61.333333333333336,8.0,8232.0
538,34.666666666666664,24.0,56.0,8.0,8232.0
539,32.0,18.666666666666668,50.666666666666664,5.333333333333333,8234.666666666666
540,34.666666666666664,13.333333333333334,45.333333333333336,5.333333333333333,8234.666666666666
541,32.0,8.0,42.666666666666664,5.333333333333333,8234.666666666666
542,29.333333333333332,8.0,40.0,5.333333333333333,8232.0
543,26.666666666666668,8.0,37.333333333333336,2.6666666666666665,8234.666666666666
544,26.666666666666668,8.0,37.333333333333336,2.6666666666666665,8234.666666666666
545,26.666666666666668,5.333333333333333,34.666666666666664,5.333333333333333,8234.666666666666
546,26.666666666666668,2.6666666666666665,34.666666666666664,5.333333333333333,8237.333333333334
547,26.666666666666668,0.0,32.0,2.6666666666666665,8240.0
548,24.0,-2.6666666666666665,32.0,0.0,8242.666666666666
549,26.666666666666668,-2.6666666666666665,32.0,2.6666666666666665,8242.666666666666
550,29.333333333333332,-2.6666666666666665,32.0,2.6666666666666665,8245.333333333334
551,32.0,0.0,32.0,2.6666666666666665,8248.0
552,32.0,0.0,32.0,2.6666666666666665,8250.666666666666
553,32.0,0.0,34.666666666666664,2.6666666666666665,8250.666666666666
554,32.0,0.0,37.333333333333336,5.333333333333333,8253.333333333334
555,32.0,0.0,40.0,5.333333333333333,8256.0
556,29.333333333333332,0.0,40.0,5.333333333333333,8258.666666666666
557,26.666666666666668,5.333333333333333,40.0,5.333333333333333,8258.666666666666
558,29.333333333333332,5.333333333333333,40.0,5.333333333333333,8261.333333333334
559,29.333333333333332,8.0,40.0,5.333333333333333,8261.333333333334
560,29.333333333333332,13.333333333333334,42.666666666666664,5.333333333333333,8261.333333333334
561,29.333333333333332,16.0,45.333333333333336,5.333333333333333,8261.333333333334
562,29.333333333333332,21.333333333333332,48.0,5.333333333333333,8258.666666666666
563,29.333333333333332,26.666666666666668,50.666666666666664,5.333333333333333,8258.666666666666
564,26.666666666666668,32.0,53.333333333333336,5.333333333333333,8258.666666666666
565,26.666666666666668,34.666666666666664,56.0,5.333333333333333,8258.666666666666
566,29.333333333333332,40.0,58.666666666666664,5.333333333333333,8261.333333333334
567,32.0,45.333333333333336,61.333333333333336,2.6666666666666665,8261.333333333334
568,32.0,50.666666666666664,66.66666666666667,2.6666666666666665,8258.666666666666
569,34.666666666666664,56.0,72.0,2.6666666666666665,8258.666666666666
570,34.666666666666664,61.333333333333336,77.33333333333333,2.6666666666666665,8258.666666666666
571,34.666666666666664,66.66666666666667,80.0,2.6666666666666665,8258.666666666666
572,37.333333333333336,69.33333333333333,82.66666666666667,2.6666666666666665,8258.666666666666
573,37.333333333333336,72.0,85.33333333333333,2.6666666666666665,8258.666666666666
574,37.333333333333336,77.33333333333333,85.33333333333333,2.6666666666666665,8258.666666666666
575,34.666666666666664,80.0,90.66666666666667,0.0,8261.333333333334
576,37.333333333333336,88.0,96.0,0.0,8261.333333333334
577,34.666666666666664,93.33333333333333,101.33333333333333,0.0,8261.333333333334
578,34.666666666666664,101.33333333333333,106.66666666666667,2.6666666666666665,8258.666666666666
579,32.0,106.66666666666667,112.0,0.0,8261.333333333334
580,29.333333333333332,112.0,117.33333333333333,0.0,8261.333333333334
581,29.333333333333332,114.66666666666667,122.66666666666667,0.0,8261.333333333334
582,29.333333333333332,120.0,128.0,2.6666666666666665,8261.333333333334
583,29.333333333333332,125.33333333333333,133.33333333333334,2.6666666666666665,8261.333333333334
584,29.333333333333332,130.66666666666666,136.0,0.0,8261.333333333334
585,26.666666666666668,136.0,138.66666666666666,2.6666666666666665,8258.666666666666
586,26.666666666666668,141.33333333333334,144.0,5.333333333333333,8258.666666666666
587,29.333333333333332,146.66666666666666,146.66666666666666,5.333333333333333,8258.666666666666
588,26.666666666666668,154.66666666666666,152.0,5.333333333333333,8258.666666666666
589,29.333333333333332,160.0,160.0,5.333333333333333,8258.666666666666
590,32.0,165.33333333333334,162.66666666666666,5.333333333333333,8261.333333333334
591,32.0,170.66666666666666,168.0,5.333333333333333,8264.0
592,34.666666666666664,176.0,173.33333333333334,5.333333333333333,8264.0
593,34.666666666666664,178.66666666666666,178.66666666666666,8.0,8264.0
594,34.666666666666664,184.0,184.0,8.0,8264.0
595,37.333333333333336,189.33333333333334,186.66666666666666,8.0,8264.0
596,34.666666666666664,194.66666666666666,192.0,8.0,8264.0
597,34.666666666666664,200.0,197.33333333333334,13.333333333333334,8264.0
598,37.333333333333336,205.33333333333334,202.66666666666666,13.333333333333334,8266.666666666666
599,37.333333333333336,210.66666666666666,208.0,13.333333333333334,8266.666666666666
600,37.333333333333336,216.0,216.0,13.333333333333334,8266.666666666666
601,37.333333333333336,221.33333333333334,224.0,16.0,8266.666666666666
602,37.333333333333336,226.66666666666666,229.33333333333334,16.0,8269.333333333334
603,37.333333333333336,232.0,234.66666666666666,16.0,8269.333333333334
604,37.333333333333336,237.33333333333334,240.0,16.0,8269.333333333334
605,37.333333333333336,245.33333333333334,242.66666666666666,16.0,8269.333333333334
606,37.333333333333336,250.66666666666666,245.33333333333334,18.666666666666668,8269.333333333334
607,40.0,256.0,250.66666666666666,18.666666666666668,8269.333333333334
608,40.0,261.3333333333333,256.0,18.666666666666668,8272.0
609,42.666666666666664,266.6666666666667,261.3333333333333,18.666666666666668,8272.0
610,42.666666666666664,272.0,266.6666666666667,18.666666666666668,8272.0
611,40.0,277.3333333333333,272.0,18.666666666666668,8272.0
612,42.666666666666664,282.6666666666667,277.3333333333333,16.0,8272.0
613,42.666666666666664,288.0,280.0,18.666666666666668,8272.0
614,42.666666666666664,293.3333333333333,288.0,21.333333333333332,8272.0
615,45.333333333333336,298.6666666666667,296.0,18.666666666666668,8274.666666666666
616,45.333333333333336,304.0,304.0,16.0,8274.666666666666
617,42.666666666666664,306.6666666666667,312.0,18.666666666666668,8274.666666666666
618,42.666666666666664,309.3333333333333,317.3333333333333,21.333333333333332,8274.666666666666
619,40.0,312.0,320.0,24.0,8274.666666666666
620,37.333333333333336,317.3333333333333,325.3333333333333,26.666666666666668,8274.666666666666
621,37.333333333333336,322.6666666666667,328.0,26.666666666666668,8274.666666666666
622,34.666666666666664,325.3333333333333,333.3333333333333,29.333333333333332,8277.333333333334
623,34.666666666666664,333.3333333333333,338.6666666666667,29.333333333333332,8277.333333333334
624,37.333333333333336,338.6666666666667,344.0,32.0,8280.0
625,34.666666666666664,344.0,352.0,34.666666666666664,8280.0
626,34.666666666666664,349.3333333333333,357.3333333333333,37.333333333333336,8280.0
627,32.0,354.6666666666667,362.6666666666667,37.333333333333336,8277.333333333334
628,32.0,360.0,368.0,40.0,8277.333333333334
629,32.0,365.3333333333333,370.6666666666667,42.666666666666664,8277.333333333334
630,29.333333333333332,373.3333333333333,373.3333333333333,45.333333333333336,8277.333333333334
631,32.0,381.3333333333333,376.0,48.0,8277.333333333334
632,32.0,386.6666666666667,381.3333333333333,50.666666666666664,8274.666666666666
633,34.666666666666664,392.0,386.6666666666667,53.333333333333336,8272.0
634,34.666666666666664,394.6666666666667,392.0,58.666666666666664,8269.333333333334
635,37.333333333333336,397.3333333333333,397.3333333333333,64.0,8266.666666666666
636,37.333333333333336,402.6666666666667,402.6666666666667,66.66666666666667,8264.0
637,34.666666666666664,408.0,408.0,72.0,8261.333333333334
638,37.333333333333336,413.3333333333333,410.6666666666667,77.33333333333333,8258.666666666666
639,37.333333333333336,418.6666666666667,413.3333333333333,82.66666666666667,8256.0
640,40.0,424.0,416.0,88.0,8256.0
641,42.666666666666664,429.3333333333333,418.6666666666667,93.33333333333333,8253.333333333334
642,42.666666666666664,434.6666666666667,421.3333333333333,101.33333333333333,8250.666666666666
643,42.666666666666664,440.0,424.0,106.66666666666667,8248.0
644,42.666666666666664,445.3333333333333,424.0,114.66666666666667,8245.333333333334
645,42.666666666666664,450.6666666666667,424.0,122.66666666666667,8242.666666666666
646,45.333333333333336,456.0,424.0,130.66666666666666,8240.0
647,48.0,461.3333333333333,426.6666666666667,136.0,8237.333333333334
648,50.666666666666664,466.6666666666667,432.0,138.66666666666666,8232.0
649,53.333333333333336,472.0,437.3333333333333,144.0,8226.666666666666
650,56.0,474.6666666666667,440.0,152.0,8221.333333333334
651,58.666666666666664,477.3333333333333,445.3333333333333,162.66666666666666,8216.0
652,61.333333333333336,485.3333333333333,448.0,170.66666666666666,8210.666666666666
653,64.0,490.6666666666667,450.6666666666667,181.33333333333334,8205.333333333334
654,66.66666666666667,496.0,450.6666666666667,189.33333333333334,8200.0
655,69.33333333333333,501.3333333333333,453.3333333333333,197.33333333333334,8194.666666666666
656,74.66666666666667,506.6666666666667,456.0,205.33333333333334,8189.333333333333
657,77.33333333333333,512.0,458.6666666666667,216.0,8184.0
658,80.0,517.3333333333334,461.3333333333333,226.66666666666666,8176.0
659,80.0,522.6666666666666,464.0,237.33333333333334,8168.0
660,82.66666666666667,525.3333333333334,464.0,248.0,8160.0
661,82.66666666666667,528.0,466.6666666666667,258.6666666666667,8152.0
662,85.33333333333333,533.3333333333334,469.3333333333333,269.3333333333333,8149.333333333333
663,88.0,538.6666666666666,472.0,280.0,8144.0
664,93.33333333333333,544.0,474.6666666666667,288.0,8138.666666666667
665,93.33333333333333,549.3333333333334,477.3333333333333,298.6666666666667,8130.666666666667
666,96.0,552.0,480.0,309.3333333333333,8122.666666666667
667,101.33333333333333,554.6666666666666,480.0,320.0,8117.333333333333
668,104.0,560.0,482.6666666666667,330.6666666666667,8109.333333333333
669,106.66666666666667,565.3333333333334,482.6666666666667,344.0,8101.333333333333
670,109.33333333333333,568.0,485.3333333333333,354.6666666666667,8090.666666666667
671,112.0,573.3333333333334,488.0,368.0,8080.0
672,114.66666666666667,578.6666666666666,490.6666666666667,376.0,8069.333333333333
673,117.33333333333333,584.0,493.3333333333333,386.6666666666667,8058.666666666667
674,120.0,586.6666666666666,496.0,394.6666666666667,8048.0
675,122.66666666666667,592.0,498.6666666666667,405.3333333333333,8037.333333333333
676,125.33333333333333,597.3333333333334,501.3333333333333,416.0,8026.666666666667
677,128.0,602.6666666666666,501.3333333333333,426.6666666666667,8016.0
678,130.66666666666666,608.0,501.3333333333333,440.0,8008.0
679,133.33333333333334,613.3333333333334,501.3333333333333,450.6666666666667,8000.0
680,138.66666666666666,618.6666666666666,504.0,461.3333333333333,7989.333333333333
681,144.0,624.0,504.0,472.0,7976.0
682,146.66666666666666,626.6666666666666,504.0,482.6666666666667,7965.333333333333
683,149.33333333333334,632.0,504.0,490.6666666666667,7954.666666666667
684,152.0,637.3333333333334,506.6666666666667,504.0,7944.0
685,157.33333333333334,640.0,506.6666666666667,514.6666666666666,7936.0
686,160.0,645.3333333333334,506.6666666666667,528.0,7925.333333333333
687,165.33333333333334,650.6666666666666,506.6666666666667,536.0,7914.666666666667
688,168.0,656.0,506.6666666666667,546.6666666666666,7901.333333333333
689,173.33333333333334,661.3333333333334,506.6666666666667,557.3333333333334,7888.0
690,178.66666666666666,666.6666666666666,509.3333333333333,570.6666666666666,7877.333333333333
691,184.0,672.0,509.3333333333333,581.3333333333334,7866.666666666667
692,186.66666666666666,677.3333333333334,509.3333333333333,594.6666666666666,7853.333333333333
693,192.0,682.6666666666666,512.0,608.0,7840.0
694,194.66666666666666,688.0,512.0,621.3333333333334,7829.333333333333
695,200.0,693.3333333333334,512.0,632.0,7818.666666666667
696,205.33333333333334,698.6666666666666,512.0,642.6666666666666,7808.0
697,208.0,704.0,512.0,656.0,7792.0
698,210.66666666666666,706.6666666666666,512.0,669.3333333333334,7778.666666666667
699,216.0,712.0,517.3333333333334,677.3333333333334,7765.333333333333
700,218.66666666666666,717.3333333333334,517.3333333333334,688.0,7752.0
701,224.0,722.6666666666666,517.3333333333334,696.0,7744.0
702,229.33333333333334,728.0,517.3333333333334,709.3333333333334,7733.333333333333
703,234.66666666666666,733.3333333333334,517.3333333333334,717.3333333333334,7720.0
704,240.0,741.3333333333334,517.3333333333334,728.0,7706.666666666667
705,245.33333333333334,744.0,520.0,738.6666666666666,7693.333333333333
706,248.0,746.6666666666666,520.0,752.0,7680.0
707,253.33333333333334,752.0,522.6666666666666,765.3333333333334,7666.666666666667
708,258.6666666666667,757.3333333333334,522.6666666666666,778.6666666666666,7653.333333333333
709,264.0,762.6666666666666,522.6666666666666,792.0,7640.0
710,266.6666666666667,768.0,522.6666666666666,802.6666666666666,7629.333333333333
711,272.0,773.3333333333334,522.6666666666666,813.3333333333334,7618.666666666667
712,277.3333333333333,778.6666666666666,522.6666666666666,826.6666666666666,7605.333333333333
713,282.6666666666667,781.3333333333334,522.6666666666666,840.0,7592.0
714,285.3333333333333,784.0,522.6666666666666,850.6666666666666,7578.666666666667
715,288.0,789.3333333333334,522.6666666666666,864.0,7562.666666666667
716,290.6666666666667,794.6666666666666,522.6666666666666,874.6666666666666,7549.333333333333
717,296.0,800.0,522.6666666666666,888.0,7538.666666666667
718,301.3333333333333,805.3333333333334,522.6666666666666,898.6666666666666,7530.666666666667
719,306.6666666666667,808.0,522.6666666666666,909.3333333333334,7520.0
720,309.3333333333333,810.6666666666666,522.6666666666666,917.3333333333334,7506.666666666667
721,314.6666666666667,816.0,525.3333333333334,928.0,7493.333333333333
722,320.0,821.3333333333334,525.3333333333334,938.6666666666666,7480.0
723,322.6666666666667,826.6666666666666,525.3333333333334,949.3333333333334,7469.333333333333
724,328.0,832.0,525.3333333333334,960.0,7456.0
725,333.3333333333333,837.3333333333334,528.0,973.3333333333334,7445.333333333333
726,336.0,842.6666666666666,528.0,984.0,7432.0
727,344.0,848.0,528.0,994.6666666666666,7418.666666666667
728,349.3333333333333,853.3333333333334,528.0,1008.0,7405.333333333333
729,352.0,856.0,528.0,1024.0,7392.0
730,357.3333333333333,861.3333333333334,528.0,1037.3333333333333,7378.666666666667
731,360.0,864.0,528.0,1050.6666666666667,7362.666666666667
732,365.3333333333333,866.6666666666666,530.6666666666666,1061.3333333333333,7349.333333333333
733,368.0,869.3333333333334,530.6666666666666,1074.6666666666667,7341.333333333333
734,373.3333333333333,872.0,533.3333333333334,1085.3333333333333,7328.0
735,378.6666666666667,880.0,530.6666666666666,1098.6666666666667,7314.666666666667
736,386.6666666666667,888.0,533.3333333333334,1109.3333333333333,7301.333333333333
737,392.0,893.3333333333334,533.3333333333334,1120.0,7288.0
738,397.3333333333333,898.6666666666666,533.3333333333334,1133.3333333333333,7277.333333333333
739,402.6666666666667,904.0,533.3333333333334,1144.0,7266.666666666667
740,408.0,909.3333333333334,536.0,1154.6666666666667,7253.333333333333
741,408.0,914.6666666666666,536.0,1165.3333333333333,7242.666666666667
742,413.3333333333333,920.0,538.6666666666666,1173.3333333333333,7229.333333333333
743,418.6666666666667,925.3333333333334,541.3333333333334,1184.0,7216.0
744,424.0,933.3333333333334,541.3333333333334,1197.3333333333333,7202.666666666667
745,429.3333333333333,941.3333333333334,544.0,1210.6666666666667,7189.333333333333
746,434.6666666666667,946.6666666666666,546.6666666666666,1224.0,7176.0
747,440.0,949.3333333333334,549.3333333333334,1237.3333333333333,7162.666666666667
748,442.6666666666667,952.0,549.3333333333334,1250.6666666666667,7149.333333333333
749,445.3333333333333,957.3333333333334,552.0,1261.3333333333333,7138.666666666667
750,453.3333333333333,965.3333333333334,554.6666666666666,1274.6666666666667,7125.333333333333
751,458.6666666666667,968.0,554.6666666666666,1285.3333333333333,7112.0
752,464.0,970.6666666666666,554.6666666666666,1298.6666666666667,7098.666666666667
753,466.6666666666667,976.0,554.6666666666666,1312.0,7085.333333333333
754,472.0,981.3333333333334,554.6666666666666,1325.3333333333333,7072.0
755,477.3333333333333,986.6666666666666,552.0,1336.0,7058.666666666667
756,482.6666666666667,992.0,554.6666666666666,1349.3333333333333,7048.0
757,485.3333333333333,997.3333333333334,557.3333333333334,1360.0,7037.333333333333
758,490.6666666666667,1002.6666666666666,557.3333333333334,1368.0,7026.666666666667
759,496.0,1008.0,554.6666666666666,1376.0,7016.0
760,501.3333333333333,1013.3333333333334,557.3333333333334,1389.3333333333333,7005.333333333333
761,506.6666666666667,1021.3333333333334,557.3333333333334,1402.6666666666667,6994.666666666667
762,509.3333333333333,1026.6666666666667,557.3333333333334,1416.0,6984.0
763,514.6666666666666,1034.6666666666667,560.0,1429.3333333333333,6970.666666666667
764,517.3333333333334,1042.6666666666667,557.3333333333334,1442.6666666666667,6960.0
765,522.6666666666666,1048.0,560.0,1453.3333333333333,6949.333333333333
766,525.3333333333334,1053.3333333333333,560.0,1464.0,6938.666666666667
767,528.0,1056.0,557.3333333333334,1477.3333333333333,6928.0
768,533.3333333333334,1058.6666666666667,560.0,1488.0,6912.0
769,536.0,1064.0,562.6666666666666,1504.0,6898.666666666667
770,541.3333333333334,1069.3333333333333,562.6666666666666,1517.3333333333333,6885.333333333333
771,549.3333333333334,1074.6666666666667,562.6666666666666,1530.6666666666667,6872.0
772,554.6666666666666,1080.0,562.6666666666666,1544.0,6861.333333333333
773,560.0,1085.3333333333333,562.6666666666666,1554.6666666666667,6850.666666666667
774,565.3333333333334,1088.0,565.3333333333334,1562.6666666666667,6837.333333333333
775,570.6666666666666,1088.0,565.3333333333334,1573.3333333333333,6824.0
776,576.0,1090.6666666666667,562.6666666666666,1586.6666666666667,6810.666666666667
777,578.6666666666666,1096.0,562.6666666666666,1597.3333333333333,6797.333333333333
778,584.0,1101.3333333333333,562.6666666666666,1608.0,6784.0
779,589.3333333333334,1106.6666666666667,562.6666666666666,1624.0,6770.666666666667
780,594.6666666666666,1112.0,560.0,1634.6666666666667,6760.0
781,597.3333333333334,1117.3333333333333,560.0,1645.3333333333333,6746.666666666667
782,600.0,1122.6666666666667,562.6666666666666,1656.0,6733.333333333333
783,605.3333333333334,1125.3333333333333,562.6666666666666,1666.6666666666667,6720.0
784,608.0,1128.0,565.3333333333334,1677.3333333333333,6706.666666666667
785,610.6666666666666,1133.3333333333333,565.3333333333334,1688.0,6693.333333333333
786,613.3333333333334,1138.6666666666667,562.6666666666666,1698.6666666666667,6680.0
787,618.6666666666666,1144.0,562.6666666666666,1712.0,6669.333333333333
788,624.0,1149.3333333333333,565.3333333333334,1725.3333333333333,6658.666666666667
789,629.3333333333334,1152.0,568.0,1738.6666666666667,6645.333333333333
790,634.6666666666666,1154.6666666666667,565.3333333333334,1749.3333333333333,6632.0
791,640.0,1157.3333333333333,565.3333333333334,1760.0,6618.666666666667
792,645.3333333333334,1162.6666666666667,562.6666666666666,1773.3333333333333,6605.333333333333
793,648.0,1165.3333333333333,562.6666666666666,1786.6666666666667,6592.0
794,653.3333333333334,1168.0,565.3333333333334,1800.0,6581.333333333333
795,656.0,1170.6666666666667,562.6666666666666,1810.6666666666667,6570.666666666667
796,661.3333333333334,1173.3333333333333,560.0,1824.0,6557.333333333333
797,669.3333333333334,1178.6666666666667,562.6666666666666,1834.6666666666667,6544.0
798,672.0,1184.0,560.0,1845.3333333333333,6533.333333333333
799,677.3333333333334,1186.6666666666667,560.0,1856.0,6520.0
800,680.0,1192.0,560.0,1869.3333333333333,6509.333333333333
801,685.3333333333334,1194.6666666666667,562.6666666666666,1882.6666666666667,6498.666666666667
802,690.6666666666666,1197.3333333333333,562.6666666666666,1896.0,6485.333333333333
803,696.0,1202.6666666666667,562.6666666666666,1909.3333333333333,6472.0
804,701.3333333333334,1205.3333333333333,562.6666666666666,1922.6666666666667,6461.333333333333
805,706.6666666666666,1210.6666666666667,562.6666666666666,1936.0,6450.666666666667
806,712.0,1216.0,565.3333333333334,1946.6666666666667,6437.333333333333
807,717.3333333333334,1218.6666666666667,565.3333333333334,1960.0,6424.0
808,720.0,1224.0,568.0,1973.3333333333333,6410.666666666667
809,725.3333333333334,1229.3333333333333,568.0,1984.0,6397.333333333333
810,728.0,1232.0,570.6666666666666,1997.3333333333333,6384.0
811,733.3333333333334,1237.3333333333333,570.6666666666666,2010.6666666666667,6376.0
812,738.6666666666666,1242.6666666666667,570.6666666666666,2021.3333333333333,6362.666666666667
813,744.0,1248.0,570.6666666666666,2029.3333333333333,6349.333333333333
814,749.3333333333334,1253.3333333333333,570.6666666666666,2042.6666666666667,6338.666666666667
815,754.6666666666666,1256.0,573.3333333333334,2056.0,6328.0
816,760.0,1258.6666666666667,576.0,2072.0,6314.666666666667
817,762.6666666666666,1261.3333333333333,576.0,2080.0,6304.0
818,768.0,1264.0,576.0,2090.6666666666665,6290.666666666667
819,773.3333333333334,1272.0,576.0,2104.0,6280.0
820,776.0,1280.0,578.6666666666666,2117.3333333333335,6266.666666666667
821,781.3333333333334,1285.3333333333333,581.3333333333334,2128.0,6253.333333333333
822,784.0,1290.6666666666667,584.0,2138.6666666666665,6240.0
823,792.0,1296.0,584.0,2152.0,6226.666666666667
824,797.3333333333334,1301.3333333333333,584.0,2165.3333333333335,6216.0
825,802.6666666666666,1306.6666666666667,586.6666666666666,2181.3333333333335,6202.666666666667
826,810.6666666666666,1312.0,589.3333333333334,2194.6666666666665,6192.0
827,813.3333333333334,1317.3333333333333,589.3333333333334,2208.0,6178.666666666667
828,818.6666666666666,1322.6666666666667,589.3333333333334,2221.3333333333335,6162.666666666667
829,824.0,1328.0,589.3333333333334,2232.0,6149.333333333333
830,829.3333333333334,1330.6666666666667,589.3333333333334,2245.3333333333335,6136.0
831,834.6666666666666,1336.0,589.3333333333334,2258.6666666666665,6122.666666666667
832,837.3333333333334,1341.3333333333333,589.3333333333334,2272.0,6112.0
833,842.6666666666666,1346.6666666666667,589.3333333333334,2285.3333333333335,6098.666666666667
834,848.0,1354.6666666666667,589.3333333333334,2298.6666666666665,6088.0
835,853.3333333333334,1362.6666666666667,589.3333333333334,2309.3333333333335,6074.666666666667
836,858.6666666666666,1368.0,586.6666666666666,2320.0,6061.333333333333
837,864.0,1376.0,586.6666666666666,2333.3333333333335,6048.0
838,872.0,1381.3333333333333,584.0,2346.6666666666665,6037.333333333333
839,877.3333333333334,1386.6666666666667,584.0,2360.0,6026.666666666667
840,882.6666666666666,1392.0,581.3333333333334,2373.3333333333335,6016.0
841,888.0,1397.3333333333333,581.3333333333334,2386.6666666666665,6000.0
842,893.3333333333334,1402.6666666666667,581.3333333333334,2400.0,5989.333333333333
843,898.6666666666666,1408.0,581.3333333333334,2416.0,5978.666666666667
844,904.0,1413.3333333333333,581.3333333333334,2426.6666666666665,5965.333333333333
845,909.3333333333334,1418.6666666666667,581.3333333333334,2440.0,5949.333333333333
846,914.6666666666666,1424.0,581.3333333333334,2450.6666666666665,5936.0
847,920.0,1429.3333333333333,581.3333333333334,2466.6666666666665,5920.0
848,922.6666666666666,1437.3333333333333,581.3333333333334,2482.6666666666665,5906.666666666667
849,928.0,1440.0,581.3333333333334,2493.3333333333335,5893.333333333333
850,936.0,1442.6666666666667,578.6666666666666,2504.0,5882.666666666667
851,941.3333333333334,1448.0,578.6666666666666,2517.3333333333335,5869.333333333333
852,949.3333333333334,1450.6666666666667,578.6666666666666,2528.0,5856.0
853,952.0,1453.3333333333333,578.6666666666666,2538.6666666666665,5842.666666666667
854,957.3333333333334,1458.6666666666667,576.0,2549.3333333333335,5826.666666666667
855,960.0,1464.0,576.0,2560.0,5813.333333333333
856,962.6666666666666,1469.3333333333333,576.0,2570.6666666666665,5800.0
857,968.0,1474.6666666666667,576.0,2581.3333333333335,5789.333333333333
858,973.3333333333334,1480.0,578.6666666666666,2592.0,5778.666666666667
859,978.6666666666666,1485.3333333333333,578.6666666666666,2602.6666666666665,5765.333333333333
860,984.0,1490.6666666666667,578.6666666666666,2610.6666666666665,5752.0
861,986.6666666666666,1496.0,578.6666666666666,2621.3333333333335,5738.666666666667
862,992.0,1501.3333333333333,578.6666666666666,2632.0,5725.333333333333
863,994.6666666666666,1506.6666666666667,578.6666666666666,2642.6666666666665,5714.666666666667
864,997.3333333333334,1509.3333333333333,578.6666666666666,2656.0,5701.333333333333
865,1002.6666666666666,1514.6666666666667,578.6666666666666,2666.6666666666665,5690.666666666667
866,1005.3333333333334,1517.3333333333333,581.3333333333334,2677.3333333333335,5680.0
867,1008.0,1520.0,581.3333333333334,2685.3333333333335,5666.666666666667
868,1010.6666666666666,1525.3333333333333,584.0,2696.0,5653.333333333333
869,1013.3333333333334,1530.6666666666667,584.0,2706.6666666666665,5637.333333333333
870,1018.6666666666666,1536.0,586.6666666666666,2717.3333333333335,5621.333333333333
871,1021.3333333333334,1541.3333333333333,586.6666666666666,2728.0,5608.0
872,1024.0,1544.0,586.6666666666666,2738.6666666666665,5594.666666666667
873,1029.3333333333333,1549.3333333333333,586.6666666666666,2749.3333333333335,5584.0
874,1032.0,1554.6666666666667,586.6666666666666,2760.0,5570.666666666667
875,1037.3333333333333,1560.0,586.6666666666666,2768.0,5557.333333333333
876,1042.6666666666667,1565.3333333333333,586.6666666666666,2778.6666666666665,5544.0
877,1045.3333333333333,1570.6666666666667,586.6666666666666,2792.0,5530.666666666667
878,1050.6666666666667,1576.0,586.6666666666666,2800.0,5517.333333333333
879,1053.3333333333333,1584.0,586.6666666666666,2810.6666666666665,5504.0
880,1056.0,1592.0,589.3333333333334,2821.3333333333335,5490.666666666667
881,1058.6666666666667,1597.3333333333333,589.3333333333334,2834.6666666666665,5480.0
882,1061.3333333333333,1602.6666666666667,592.0,2848.0,5469.333333333333
883,1066.6666666666667,1608.0,592.0,2858.6666666666665,5456.0
884,1069.3333333333333,1613.3333333333333,592.0,2872.0,5442.666666666667
885,1074.6666666666667,1616.0,592.0,2885.3333333333335,5429.333333333333
886,1077.3333333333333,1618.6666666666667,592.0,2898.6666666666665,5416.0
887,1080.0,1624.0,589.3333333333334,2912.0,5402.666666666667
888,1082.6666666666667,1629.3333333333333,589.3333333333334,2925.3333333333335,5392.0
889,1088.0,1634.6666666666667,589.3333333333334,2938.6666666666665,5381.333333333333
890,1093.3333333333333,1640.0,589.3333333333334,2952.0,5368.0
891,1098.6666666666667,1648.0,589.3333333333334,2962.6666666666665,5354.666666666667
892,1104.0,1653.3333333333333,589.3333333333334,2976.0,5341.333333333333
893,1109.3333333333333,1656.0,589.3333333333334,2989.3333333333335,5328.0
894,1114.6666666666667,1661.3333333333333,589.3333333333334,3000.0,5314.666666666667
895,1117.3333333333333,1666.6666666666667,589.3333333333334,3013.3333333333335,5301.333333333333
896,1122.6666666666667,1672.0,589.3333333333334,3024.0,5290.666666666667
897,1128.0,1680.0,589.3333333333334,3037.3333333333335,5280.0
898,1136.0,1685.3333333333333,589.3333333333334,3048.0,5266.666666666667
899,1141.3333333333333,1690.6666666666667,589.3333333333334,3058.6666666666665,5253.333333333333
900,1144.0,1696.0,589.3333333333334,3072.0,5242.666666666667
901,1149.3333333333333,1701.3333333333333,589.3333333333334,3085.3333333333335,5229.333333333333
902,1154.6666666666667,1709.3333333333333,589.3333333333334,3098.6666666666665,5216.0
903,1157.3333333333333,1714.6666666666667,589.3333333333334,3112.0,5200.0
904,1162.6666666666667,1720.0,589.3333333333334,3125.3333333333335,5189.333333333333
905,1168.0,1725.3333333333333,589.3333333333334,3138.6666666666665,5181.333333333333
906,1173.3333333333333,1730.6666666666667,589.3333333333334,3149.3333333333335,5168.0
907,1181.3333333333333,1736.0,589.3333333333334,3157.3333333333335,5154.666666666667
908,1186.6666666666667,1738.6666666666667,589.3333333333334,3170.6666666666665,5141.333333333333
909,1192.0,1741.3333333333333,589.3333333333334,3181.3333333333335,5128.0
910,1197.3333333333333,1746.6666666666667,589.3333333333334,3194.6666666666665,5114.666666666667
911,1202.6666666666667,1749.3333333333333,589.3333333333334,3205.3333333333335,5101.333333333333
912,1208.0,1754.6666666666667,586.6666666666666,3216.0,5088.0
913,1213.3333333333333,1762.6666666666667,586.6666666666666,3226.6666666666665,5077.333333333333
914,1218.6666666666667,1765.3333333333333,589.3333333333334,3234.6666666666665,5064.0
915,1224.0,1773.3333333333333,589.3333333333334,3242.6666666666665,5050.666666666667
916,1229.3333333333333,1778.6666666666667,589.3333333333334,3253.3333333333335,5037.333333333333
917,1234.6666666666667,1784.0,592.0,3264.0,5024.0
918,1240.0,1789.3333333333333,592.0,3274.6666666666665,5010.666666666667
919,1242.6666666666667,1794.6666666666667,592.0,3285.3333333333335,4997.333333333333
920,1245.3333333333333,1800.0,592.0,3296.0,4986.666666666667
921,1248.0,1802.6666666666667,592.0,3306.6666666666665,4976.0
922,1253.3333333333333,1808.0,592.0,3314.6666666666665,4962.666666666667
923,1258.6666666666667,1813.3333333333333,592.0,3322.6666666666665,4949.333333333333
924,1261.3333333333333,1818.6666666666667,592.0,3330.6666666666665,4936.0
925,1266.6666666666667,1821.3333333333333,589.3333333333334,3341.3333333333335,4922.666666666667
926,1269.3333333333333,1829.3333333333333,589.3333333333334,3354.6666666666665,4909.333333333333
927,1274.6666666666667,1832.0,589.3333333333334,3365.3333333333335,4898.666666666667
928,1277.3333333333333,1837.3333333333333,589.3333333333334,3376.0,4888.0
929,1282.6666666666667,1840.0,589.3333333333334,3386.6666666666665,4880.0
930,1288.0,1845.3333333333333,589.3333333333334,3394.6666666666665,4866.666666666667
931,1293.3333333333333,1850.6666666666667,589.3333333333334,3402.6666666666665,4856.0
932,1298.6666666666667,1856.0,589.3333333333334,3410.6666666666665,4845.333333333333
933,1304.0,1861.3333333333333,589.3333333333334,3421.3333333333335,4834.666666666667
934,1309.3333333333333,1866.6666666666667,589.3333333333334,3432.0,4821.333333333333
935,1314.6666666666667,1872.0,589.3333333333334,3442.6666666666665,4808.0
936,1320.0,1877.3333333333333,589.3333333333334,3453.3333333333335,4800.0
937,1322.6666666666667,1882.6666666666667,589.3333333333334,3461.3333333333335,4789.333333333333
938,1325.3333333333333,1890.6666666666667,589.3333333333334,3469.3333333333335,4778.666666666667
939,1328.0,1896.0,589.3333333333334,3480.0,4765.333333333333
940,1330.6666666666667,1898.6666666666667,589.3333333333334,3490.6666666666665,4754.666666666667
941,1333.3333333333333,1904.0,589.3333333333334,3501.3333333333335,4744.0
942,1338.6666666666667,1912.0,589.3333333333334,3509.3333333333335,4733.333333333333
943,1344.0,1917.3333333333333,589.3333333333334,3520.0,4722.666666666667
944,1349.3333333333333,1922.6666666666667,589.3333333333334,3530.6666666666665,4714.666666666667
945,1357.3333333333333,1928.0,589.3333333333334,3541.3333333333335,4704.0
946,1362.6666666666667,1936.0,589.3333333333334,3549.3333333333335,4693.333333333333
947,1368.0,1938.6666666666667,589.3333333333334,3557.3333333333335,4682.666666666667
948,1373.3333333333333,1944.0,589.3333333333334,3565.3333333333335,4672.0
949,1378.6666666666667,1949.3333333333333,589.3333333333334,3573.3333333333335,4658.666666666667
950,1384.0,1954.6666666666667,589.3333333333334,3581.3333333333335,4648.0
951,1389.3333333333333,1960.0,589.3333333333334,3592.0,4637.333333333333
952,1392.0,1965.3333333333333,589.3333333333334,3602.6666666666665,4629.333333333333
953,1394.6666666666667,1970.6666666666667,589.3333333333334,3613.3333333333335,4621.333333333333
954,1400.0,1976.0,589.3333333333334,3624.0,4610.666666666667
955,1402.6666666666667,1981.3333333333333,592.0,3632.0,4600.0
956,1410.6666666666667,1984.0,592.0,3640.0,4589.333333333333
957,1413.3333333333333,1989.3333333333333,592.0,3650.6666666666665,4576.0
958,1418.6666666666667,1994.6666666666667,592.0,3661.3333333333335,4565.333333333333
959,1424.0,2002.6666666666667,594.6666666666666,3669.3333333333335,4554.666666666667
960,1429.3333333333333,2008.0,594.6666666666666,3680.0,4544.0
961,1434.6666666666667,2013.3333333333333,592.0,3688.0,4533.333333333333
962,1440.0,2018.6666666666667,592.0,3696.0,4522.666666666667
963,1442.6666666666667,2021.3333333333333,592.0,3704.0,4512.0
964,1448.0,2026.6666666666667,592.0,3712.0,4501.333333333333
965,1450.6666666666667,2032.0,592.0,3720.0,4490.666666666667
966,1453.3333333333333,2040.0,592.0,3728.0,4480.0
967,1461.3333333333333,2045.3333333333333,592.0,3738.6666666666665,4472.0
968,1466.6666666666667,2048.0,592.0,3746.6666666666665,4461.333333333333
969,1472.0,2053.3333333333335,592.0,3754.6666666666665,4456.0
970,1477.3333333333333,2058.6666666666665,592.0,3762.6666666666665,4448.0
971,1482.6666666666667,2064.0,592.0,3770.6666666666665,4437.333333333333
972,1488.0,2069.3333333333335,592.0,3781.3333333333335,4426.666666666667
973,1493.3333333333333,2072.0,592.0,3789.3333333333335,4416.0
974,1498.6666666666667,2080.0,592.0,3797.3333333333335,4405.333333333333
975,1501.3333333333333,2082.6666666666665,592.0,3805.3333333333335,4397.333333333333
976,1506.6666666666667,2088.0,592.0,3813.3333333333335,4389.333333333333
977,1509.3333333333333,2096.0,594.6666666666666,3821.3333333333335,4381.333333333333
978,1514.6666666666667,2098.6666666666665,594.6666666666666,3829.3333333333335,4373.333333333333
979,1520.0,2104.0,594.6666666666666,3837.3333333333335,4365.333333333333
980,1525.3333333333333,2109.3333333333335,597.3333333333334,3848.0,4354.666666666667
981,1530.6666666666667,2114.6666666666665,597.3333333333334,3853.3333333333335,4346.666666666667
982,1536.0,2120.0,597.3333333333334,3861.3333333333335,4336.0
983,1541.3333333333333,2125.3333333333335,597.3333333333334,3869.3333333333335,4325.333333333333
984,1546.6666666666667,2130.6666666666665,597.3333333333334,3877.3333333333335,4317.333333333333
985,1554.6666666666667,2136.0,597.3333333333334,3882.6666666666665,4309.333333333333
986,1557.3333333333333,2141.3333333333335,597.3333333333334,3890.6666666666665,4301.333333333333
987,1565.3333333333333,2146.6666666666665,597.3333333333334,3896.0,4296.0
988,1568.0,2152.0,597.3333333333334,3901.3333333333335,4288.0
989,1570.6666666666667,2154.6666666666665,594.6666666666666,3909.3333333333335,4280.0
990,1573.3333333333333,2160.0,594.6666666666666,3914.6666666666665,4274.666666666667
991,1578.6666666666667,2165.3333333333335,597.3333333333334,3922.6666666666665,4266.666666666667
992,1584.0,2170.6666666666665,600.0,3930.6666666666665,4261.333333333333
993,1592.0,2178.6666666666665,600.0,3936.0,4253.333333333333
994,1597.3333333333333,2184.0,602.6666666666666,3944.0,4245.333333333333
995,1600.0,2189.3333333333335,602.6666666666666,3952.0,4237.333333333333
996,1602.6666666666667,2192.0,602.6666666666666,3960.0,4229.333333333333
997,1605.3333333333333,2197.3333333333335,602.6666666666666,3968.0,4221.333333333333
998,1613.3333333333333,2202.6666666666665,602.6666666666666,3976.0,4216.0
999,1618.6666666666667,2208.0,602.6666666666666,3984.0,4208.0
1000,1624.0,2213.3333333333335,602.6666666666666,3989.3333333333335,4200.0
1001,1629.3333333333333,2218.6666666666665,602.6666666666666,3994.6666666666665,4192.0
1002,1629.3333333333333,2221.3333333333335,605.3333333333334,4000.0,4186.666666666667
1003,1632.0,2226.6666666666665,605.3333333333334,4008.0,4178.666666666667
1004,1634.6666666666667,2232.0,605.3333333333334,4013.3333333333335,4170.666666666667
1005,1637.3333333333333,2240.0,605.3333333333334,4018.6666666666665,4162.666666666667
1006,1642.6666666666667,2245.3333333333335,605.3333333333334,4024.0,4154.666666666667
1007,1650.6666666666667,2248.0,602.6666666666666,4029.3333333333335,4146.666666666667
1008,1656.0,2256.0,602.6666666666666,4037.3333333333335,4136.0
1009,1658.6666666666667,2261.3333333333335,602.6666666666666,4045.3333333333335,4130.666666666667
1010,1664.0,2264.0,600.0,4050.6666666666665,4122.666666666667
1011,1669.3333333333333,2269.3333333333335,600.0,4058.6666666666665,4114.666666666667
1012,1674.6666666666667,2274.6666666666665,600.0,4064.0,4109.333333333333
1013,1680.0,2280.0,600.0,4069.3333333333335,4101.333333333333
1014,1688.0,2285.3333333333335,602.6666666666666,4074.6666666666665,4096.0
1015,1690.6666666666667,2290.6666666666665,602.6666666666666,4082.6666666666665,4088.0
1016,1696.0,2296.0,602.6666666666666,4088.0,4082.6666666666665
1017,1698.6666666666667,2301.3333333333335,602.6666666666666,4093.3333333333335,4074.6666666666665
1018,1704.0,2304.0,602.6666666666666,4098.666666666667,4066.6666666666665
1019,1709.3333333333333,2312.0,602.6666666666666,4104.0,4058.6666666666665
1020,1714.6666666666667,2317.3333333333335,602.6666666666666,4112.0,4050.6666666666665
1021,1720.0,2322.6666666666665,602.6666666666666,4117.333333333333,4045.3333333333335
1022,1725.3333333333333,2325.3333333333335,600.0,4122.666666666667,4037.3333333333335
1023,1730.6666666666667,2328.0,600.0,4128.0,4032.0
1024,1736.0,2333.3333333333335,597.3333333333334,4133.333333333333,4026.6666666666665
1025,1744.0,2338.6666666666665,597.3333333333334,4136.0,4018.6666666666665
1026,1749.3333333333333,2344.0,600.0,4141.333333333333,4013.3333333333335
1027,1754.6666666666667,2349.3333333333335,600.0,4146.666666666667,4005.3333333333335
1028,1757.3333333333333,2354.6666666666665,600.0,4152.0,3997.3333333333335
1029,1762.6666666666667,2360.0,602.6666666666666,4154.666666666667,3989.3333333333335
1030,1768.0,2365.3333333333335,605.3333333333334,4160.0,3981.3333333333335
1031,1773.3333333333333,2370.6666666666665,605.3333333333334,4162.666666666667,3976.0
1032,1781.3333333333333,2376.0,602.6666666666666,4168.0,3968.0
1033,1789.3333333333333,2381.3333333333335,602.6666666666666,4170.666666666667,3962.6666666666665
1034,1797.3333333333333,2384.0,602.6666666666666,4176.0,3957.3333333333335
1035,1802.6666666666667,2386.6666666666665,602.6666666666666,4181.333333333333,3952.0
1036,1805.3333333333333,2389.3333333333335,602.6666666666666,4186.666666666667,3946.6666666666665
1037,1808.0,2394.6666666666665,602.6666666666666,4192.0,3941.3333333333335
1038,1810.6666666666667,2397.3333333333335,602.6666666666666,4194.666666666667,3938.6666666666665
1039,1816.0,2400.0,602.6666666666666,4197.333333333333,3933.3333333333335
1040,1821.3333333333333,2405.3333333333335,602.6666666666666,4200.0,3930.6666666666665
1041,1824.0,2408.0,602.6666666666666,4205.333333333333,3925.3333333333335
1042,1826.6666666666667,2413.3333333333335,602.6666666666666,4210.666666666667,3920.0
1043,1829.3333333333333,2416.0,602.6666666666666,4216.0,3917.3333333333335
1044,1832.0,2421.3333333333335,600.0,4221.333333333333,3912.0
1045,1837.3333333333333,2424.0,600.0,4226.666666666667,3909.3333333333335
1046,1842.6666666666667,2429.3333333333335,600.0,4232.0,3904.0
1047,1848.0,2432.0,602.6666666666666,4237.333333333333,3898.6666666666665
1048,1853.3333333333333,2437.3333333333335,602.6666666666666,4242.666666666667,3893.3333333333335
1049,1858.6666666666667,2440.0,602.6666666666666,4248.0,3888.0
1050,1864.0,2442.6666666666665,602.6666666666666,4250.666666666667,3882.6666666666665
1051,1866.6666666666667,2445.3333333333335,602.6666666666666,4256.0,3877.3333333333335
1052,1869.3333333333333,2448.0,602.6666666666666,4261.333333333333,3872.0
1053,1872.0,2453.3333333333335,602.6666666666666,4266.666666666667,3866.6666666666665
1054,1874.6666666666667,2456.0,602.6666666666666,4269.333333333333,3861.3333333333335
1055,1877.3333333333333,2458.6666666666665,602.6666666666666,4274.666666666667,3858.6666666666665
1056,1882.6666666666667,2461.3333333333335,602.6666666666666,4277.333333333333,3853.3333333333335
1057,1885.3333333333333,2464.0,605.3333333333334,4280.0,3850.6666666666665
1058,1888.0,2466.6666666666665,605.3333333333334,4282.666666666667,3845.3333333333335
1059,1890.6666666666667,2469.3333333333335,602.6666666666666,4288.0,3842.6666666666665
1060,1896.0,2474.6666666666665,602.6666666666666,4293.333333333333,3840.0
1061,1898.6666666666667,2480.0,602.6666666666666,4298.666666666667,3834.6666666666665
1062,1904.0,2485.3333333333335,602.6666666666666,4304.0,3829.3333333333335
1063,1909.3333333333333,2490.6666666666665,602.6666666666666,4306.666666666667,3824.0
1064,1912.0,2496.0,602.6666666666666,4312.0,3821.3333333333335
1065,1917.3333333333333,2498.6666666666665,602.6666666666666,4317.333333333333,3818.6666666666665
1066,1922.6666666666667,2504.0,602.6666666666666,4322.666666666667,3813.3333333333335
1067,1928.0,2509.3333333333335,602.6666666666666,4328.0,3808.0
1068,1936.0,2514.6666666666665,605.3333333333334,4333.333333333333,3802.6666666666665
1069,1941.3333333333333,2520.0,608.0,4338.666666666667,3797.3333333333335
1070,1946.6666666666667,2525.3333333333335,608.0,4344.0,3792.0
1071,1952.0,2530.6666666666665,608.0,4346.666666666667,3786.6666666666665
1072,1960.0,2533.3333333333335,608.0,4349.333333333333,3781.3333333333335
1073,1965.3333333333333,2538.6666666666665,610.6666666666666,4354.666666666667,3776.0
1074,1968.0,2544.0,610.6666666666666,4357.333333333333,3768.0
1075,1970.6666666666667,2552.0,610.6666666666666,4360.0,3760.0
1076,1976.0,2554.6666666666665,610.6666666666666,4362.666666666667,3752.0
1077,1981.3333333333333,2560.0,608.0,4365.333333333333,3746.6666666666665
1078,1986.6666666666667,2562.6666666666665,608.0,4368.0,3741.3333333333335
1079,1992.0,2568.0,610.6666666666666,4370.666666666667,3736.0
1080,1994.6666666666667,2570.6666666666665,610.6666666666666,4376.0,3730.6666666666665
1081,2000.0,2576.0,610.6666666666666,4381.333333333333,3725.3333333333335
1082,2005.3333333333333,2584.0,610.6666666666666,4386.666666666667,3720.0
1083,2010.6666666666667,2589.3333333333335,610.6666666666666,4392.0,3714.6666666666665
1084,2016.0,2594.6666666666665,610.6666666666666,4397.333333333333,3709.3333333333335
1085,2021.3333333333333,2600.0,613.3333333333334,4402.666666666667,3704.0
1086,2026.6666666666667,2605.3333333333335,610.6666666666666,4408.0,3698.6666666666665
1087,2032.0,2610.6666666666665,608.0,4413.333333333333,3690.6666666666665
1088,2037.3333333333333,2616.0,608.0,4421.333333333333,3688.0
1089,2042.6666666666667,2621.3333333333335,608.0,4426.666666666667,3682.6666666666665
1090,2045.3333333333333,2624.0,605.3333333333334,4429.333333333333,3677.3333333333335
1091,2053.3333333333335,2626.6666666666665,608.0,4437.333333333333,3672.0
1092,2058.6666666666665,2629.3333333333335,608.0,4440.0,3666.6666666666665
1093,2061.3333333333335,2634.6666666666665,608.0,4445.333333333333,3664.0
1094,2066.6666666666665,2637.3333333333335,608.0,4448.0,3656.0
1095,2072.0,2642.6666666666665,608.0,4453.333333333333,3648.0
1096,2074.6666666666665,2645.3333333333335,608.0,4456.0,3642.6666666666665
1097,2080.0,2650.6666666666665,608.0,4461.333333333333,3637.3333333333335
1098,2082.6666666666665,2656.0,608.0,4466.666666666667,3632.0
1099,2088.0,2661.3333333333335,605.3333333333334,4469.333333333333,3626.6666666666665
1100,2090.6666666666665,2666.6666666666665,605.3333333333334,4472.0,3621.3333333333335
1101,2096.0,2672.0,608.0,4477.333333333333,3613.3333333333335
1102,2101.3333333333335,2677.3333333333335,608.0,4482.666666666667,3605.3333333333335
1103,2106.6666666666665,2682.6666666666665,605.3333333333334,4485.333333333333,3600.0
1104,2112.0,2685.3333333333335,605.3333333333334,4490.666666666667,3594.6666666666665
1105,2117.3333333333335,2688.0,605.3333333333334,4496.0,3589.3333333333335
1106,2120.0,2693.3333333333335,605.3333333333334,4501.333333333333,3584.0
1107,2125.3333333333335,2698.6666666666665,608.0,4506.666666666667,3578.6666666666665
1108,2130.6666666666665,2706.6666666666665,608.0,4512.0,3573.3333333333335
1109,2136.0,2709.3333333333335,605.3333333333334,4517.333333333333,3568.0
1110,2144.0,2714.6666666666665,605.3333333333334,4520.0,3562.6666666666665
1111,2149.3333333333335,2717.3333333333335,605.3333333333334,4525.333333333333,3557.3333333333335
1112,2154.6666666666665,2722.6666666666665,605.3333333333334,4528.0,3552.0
1113,2160.0,2728.0,605.3333333333334,4533.333333333333,3546.6666666666665
1114,2165.3333333333335,2733.3333333333335,605.3333333333334,4538.666666666667,3541.3333333333335
1115,2173.3333333333335,2738.6666666666665,602.6666666666666,4544.0,3536.0
1116,2178.6666666666665,2744.0,605.3333333333334,4546.666666666667,3530.6666666666665
1117,2184.0,2746.6666666666665,605.3333333333334,4552.0,3528.0
1118,2189.3333333333335,2752.0,605.3333333333334,4552.0,3522.6666666666665
1119,2194.6666666666665,2757.3333333333335,605.3333333333334,4554.666666666667,3517.3333333333335
1120,2200.0,2762.6666666666665,605.3333333333334,4560.0,3512.0
1121,2202.6666666666665,2768.0,602.6666666666666,4562.666666666667,3509.3333333333335
1122,2208.0,2776.0,605.3333333333334,4568.0,3506.6666666666665
1123,2213.3333333333335,2778.6666666666665,605.3333333333334,4573.333333333333,3501.3333333333335
1124,2218.6666666666665,2784.0,608.0,4578.666666666667,3498.6666666666665
1125,2221.3333333333335,2789.3333333333335,608.0,4581.333333333333,3496.0
1126,2229.3333333333335,2794.6666666666665,608.0,4586.666666666667,3493.3333333333335
1127,2234.6666666666665,2797.3333333333335,610.6666666666666,4589.333333333333,3490.6666666666665
1128,2240.0,2800.0,610.6666666666666,4592.0,3485.3333333333335
1129,2245.3333333333335,2805.3333333333335,610.6666666666666,4597.333333333333,3480.0
1130,2250.6666666666665,2810.6666666666665,610.6666666666666,4602.666666666667,3474.6666666666665
1131,2256.0,2813.3333333333335,608.0,4605.333333333333,3472.0
1132,2258.6666666666665,2818.6666666666665,608.0,4608.0,3469.3333333333335
1133,2264.0,2824.0,608.0,4610.666666666667,3464.0
1134,2269.3333333333335,2826.6666666666665,608.0,4616.0,3461.3333333333335
1135,2274.6666666666665,2832.0,608.0,4618.666666666667,3458.6666666666665
1136,2280.0,2837.3333333333335,608.0,4624.0,3456.0
1137,2282.6666666666665,2842.6666666666665,605.3333333333334,4629.333333333333,3453.3333333333335
1138,2285.3333333333335,2845.3333333333335,605.3333333333334,4632.0,3450.6666666666665
1139,2290.6666666666665,2850.6666666666665,605.3333333333334,4637.333333333333,3448.0
1140,2296.0,2856.0,605.3333333333334,4640.0,3445.3333333333335
1141,2298.6666666666665,2861.3333333333335,605.3333333333334,4642.666666666667,3442.6666666666665
1142,2304.0,2864.0,605.3333333333334,4648.0,3437.3333333333335
1143,2309.3333333333335,2866.6666666666665,605.3333333333334,4648.0,3434.6666666666665
1144,2314.6666666666665,2872.0,605.3333333333334,4650.666666666667,3429.3333333333335
1145,2317.3333333333335,2874.6666666666665,605.3333333333334,4650.666666666667,3424.0
1146,2322.6666666666665,2877.3333333333335,602.6666666666666,4656.0,3421.3333333333335
1147,2328.0,2885.3333333333335,602.6666666666666,4658.666666666667,3416.0
1148,2336.0,2890.6666666666665,605.3333333333334,4664.0,3410.6666666666665
1149,2344.0,2896.0,608.0,4669.333333333333,3405.3333333333335
1150,2349.3333333333335,2901.3333333333335,608.0,4672.0,3400.0
1151,2357.3333333333335,2906.6666666666665,610.6666666666666,4674.666666666667,3394.6666666666665
1152,2360.0,2909.3333333333335,608.0,4677.333333333333,3389.3333333333335
1153,2365.3333333333335,2914.6666666666665,610.6666666666666,4680.0,3384.0
1154,2370.6666666666665,2920.0,608.0,4682.666666666667,3376.0
1155,2376.0,2925.3333333333335,610.6666666666666,4685.333333333333,3370.6666666666665
1156,2381.3333333333335,2930.6666666666665,613.3333333333334,4688.0,3365.3333333333335
1157,2386.6666666666665,2936.0,610.6666666666666,4693.333333333333,3360.0
1158,2392.0,2941.3333333333335,608.0,4696.0,3354.6666666666665
1159,2397.3333333333335,2944.0,608.0,4698.666666666667,3352.0
1160,2402.6666666666665,2946.6666666666665,608.0,4704.0,3346.6666666666665
1161,2408.0,2952.0,610.6666666666666,4706.666666666667,3341.3333333333335
1162,2413.3333333333335,2954.6666666666665,610.6666666666666,4709.333333333333,3338.6666666666665
1163,2418.6666666666665,2960.0,610.6666666666666,4712.0,3336.0
1164,2424.0,2968.0,610.6666666666666,4714.666666666667,3333.3333333333335
1165,2429.3333333333335,2970.6666666666665,610.6666666666666,4720.0,3328.0
1166,2434.6666666666665,2973.3333333333335,613.3333333333334,4720.0,3322.6666666666665
1167,2440.0,2978.6666666666665,613.3333333333334,4722.666666666667,3317.3333333333335
1168,2445.3333333333335,2984.0,613.3333333333334,4728.0,3312.0
1169,2448.0,2989.3333333333335,616.0,4730.666666666667,3306.6666666666665
1170,2450.6666666666665,2994.6666666666665,616.0,4736.0,3301.3333333333335
1171,2458.6666666666665,3000.0,618.6666666666666,4738.666666666667,3296.0
1172,2464.0,3005.3333333333335,621.3333333333334,4741.333333333333,3293.3333333333335
1173,2466.6666666666665,3010.6666666666665,624.0,4746.666666666667,3288.0
1174,2472.0,3013.3333333333335,624.0,4749.333333333333,3285.3333333333335
1175,2474.6666666666665,3018.6666666666665,624.0,4754.666666666667,3282.6666666666665
1176,2480.0,3024.0,626.6666666666666,4757.333333333333,3277.3333333333335
1177,2488.0,3026.6666666666665,626.6666666666666,4760.0,3274.6666666666665
1178,2490.6666666666665,3032.0,624.0,4762.666666666667,3269.3333333333335
1179,2493.3333333333335,3034.6666666666665,624.0,4768.0,3266.6666666666665
1180,2498.6666666666665,3037.3333333333335,624.0,4773.333333333333,3264.0
1181,2501.3333333333335,3042.6666666666665,621.3333333333334,4778.666666666667,3261.3333333333335
1182,2506.6666666666665,3048.0,621.3333333333334,4781.333333333333,3258.6666666666665
1183,2509.3333333333335,3053.3333333333335,618.6666666666666,4786.666666666667,3256.0
1184,2512.0,3058.6666666666665,618.6666666666666,4789.333333333333,3256.0
1185,2520.0,3064.0,616.0,4792.0,3250.6666666666665
1186,2525.3333333333335,3069.3333333333335,613.3333333333334,4794.666666666667,3248.0
1187,2530.6666666666665,3074.6666666666665,616.0,4797.333333333333,3242.6666666666665
1188,2533.3333333333335,3080.0,616.0,4802.666666666667,3240.0
1189,2538.6666666666665,3085.3333333333335,618.6666666666666,4805.333333333333,3237.3333333333335
1190,2544.0,3093.3333333333335,618.6666666666666,4805.333333333333,3234.6666666666665
1191,2549.3333333333335,3098.6666666666665,616.0,4810.666666666667,3232.0
1192,2552.0,3104.0,616.0,4816.0,3226.6666666666665
1193,2557.3333333333335,3106.6666666666665,616.0,4821.333333333333,3221.3333333333335
1194,2562.6666666666665,3112.0,616.0,4824.0,3216.0
1195,2568.0,3117.3333333333335,616.0,4826.666666666667,3213.3333333333335
1196,2573.3333333333335,3122.6666666666665,613.3333333333334,4832.0,3210.6666666666665
1197,2578.6666666666665,3128.0,616.0,4834.666666666667,3208.0
1198,2584.0,3133.3333333333335,616.0,4837.333333333333,3205.3333333333335
1199,2589.3333333333335,3136.0,613.3333333333334,4840.0,3202.6666666666665
1200,2594.6666666666665,3141.3333333333335,616.0,4842.666666666667,3200.0
1201,2597.3333333333335,3146.6666666666665,613.3333333333334,4845.333333333333,3197.3333333333335
1202,2602.6666666666665,3152.0,610.6666666666666,4848.0,3194.6666666666665
1203,2608.0,3157.3333333333335,608.0,4850.666666666667,3192.0
1204,2613.3333333333335,3162.6666666666665,608.0,4853.333333333333,3186.6666666666665
1205,2621.3333333333335,3168.0,610.6666666666666,4858.666666666667,3184.0
1206,2624.0,3173.3333333333335,608.0,4861.333333333333,3178.6666666666665
1207,2624.0,3181.3333333333335,610.6666666666666,4864.0,3173.3333333333335
1208,2629.3333333333335,3184.0,610.6666666666666,4866.666666666667,3170.6666666666665
1209,2634.6666666666665,3189.3333333333335,608.0,4866.666666666667,3165.3333333333335
1210,2640.0,3197.3333333333335,608.0,4866.666666666667,3160.0
1211,2645.3333333333335,3200.0,610.6666666666666,4869.333333333333,3154.6666666666665
1212,2650.6666666666665,3202.6666666666665,613.3333333333334,4874.666666666667,3152.0
1213,2656.0,3208.0,613.3333333333334,4874.666666666667,3146.6666666666665
1214,2661.3333333333335,3213.3333333333335,616.0,4880.0,3141.3333333333335
1215,2664.0,3218.6666666666665,616.0,4882.666666666667,3138.6666666666665
1216,2666.6666666666665,3224.0,616.0,4888.0,3133.3333333333335
1217,2672.0,3229.3333333333335,613.3333333333334,4890.666666666667,3130.6666666666665
1218,2680.0,3234.6666666666665,613.3333333333334,4893.333333333333,3128.0
1219,2685.3333333333335,3240.0,610.6666666666666,4898.666666666667,3122.6666666666665
1220,2688.0,3242.6666666666665,610.6666666666666,4904.0,3120.0
1221,2690.6666666666665,3248.0,610.6666666666666,4904.0,3117.3333333333335
1222,2698.6666666666665,3256.0,610.6666666666666,4906.666666666667,3114.6666666666665
1223,2701.3333333333335,3264.0,613.3333333333334,4909.333333333333,3112.0
1224,2706.6666666666665,3269.3333333333335,613.3333333333334,4912.0,3109.3333333333335
1225,2712.0,3274.6666666666665,613.3333333333334,4914.666666666667,3106.6666666666665
1226,2717.3333333333335,3280.0,616.0,4917.333333333333,3101.3333333333335
1227,2722.6666666666665,3282.6666666666665,616.0,4920.0,3096.0
1228,2728.0,3285.3333333333335,616.0,4922.666666666667,3090.6666666666665
1229,2733.3333333333335,3290.6666666666665,616.0,4925.333333333333,3085.3333333333335
1230,2738.6666666666665,3296.0,613.3333333333334,4928.0,3080.0
1231,2744.0,3301.3333333333335,613.3333333333334,4930.666666666667,3074.6666666666665
1232,2746.6666666666665,3306.6666666666665,616.0,4933.333333333333,3069.3333333333335
1233,2752.0,3312.0,616.0,4936.0,3064.0
1234,2754.6666666666665,3317.3333333333335,616.0,4938.666666666667,3061.3333333333335
1235,2757.3333333333335,3322.6666666666665,616.0,4938.666666666667,3056.0
1236,2762.6666666666665,3328.0,616.0,4941.333333333333,3053.3333333333335
1237,2770.6666666666665,3330.6666666666665,616.0,4944.0,3050.6666666666665
1238,2773.3333333333335,3338.6666666666665,616.0,4946.666666666667,3048.0
1239,2776.0,3344.0,616.0,4949.333333333333,3045.3333333333335
1240,2781.3333333333335,3346.6666666666665,616.0,4952.0,3042.6666666666665
1241,2786.6666666666665,3354.6666666666665,616.0,4952.0,3040.0
1242,2792.0,3360.0,613.3333333333334,4952.0,3034.6666666666665
1243,2797.3333333333335,3365.3333333333335,616.0,4954.666666666667,3032.0
1244,2802.6666666666665,3368.0,613.3333333333334,4957.333333333333,3029.3333333333335
1245,2808.0,3373.3333333333335,613.3333333333334,4962.666666666667,3024.0
1246,2813.3333333333335,3378.6666666666665,613.3333333333334,4965.333333333333,3018.6666666666665
1247,2816.0,3384.0,613.3333333333334,4968.0,3016.0
1248,2818.6666666666665,3389.3333333333335,613.3333333333334,4970.666666666667,3013.3333333333335
1249,2824.0,3394.6666666666665,616.0,4973.333333333333,3008.0
1250,2832.0,3400.0,616.0,4973.333333333333,3005.3333333333335
1251,2837.3333333333335,3405.3333333333335,616.0,4978.666666666667,3000.0
1252,2840.0,3408.0,616.0,4981.333333333333,2997.3333333333335
1253,2845.3333333333335,3410.6666666666665,613.3333333333334,4984.0,2992.0
1254,2848.0,3413.3333333333335,613.3333333333334,4986.666666666667,2986.6666666666665
1255,2853.3333333333335,3421.3333333333335,616.0,4989.333333333333,2981.3333333333335
1256,2858.6666666666665,3426.6666666666665,616.0,4992.0,2978.6666666666665
1257,2864.0,3432.0,616.0,4997.333333333333,2976.0
1258,2869.3333333333335,3440.0,618.6666666666666,5000.0,2973.3333333333335
1259,2872.0,3445.3333333333335,618.6666666666666,5005.333333333333,2970.6666666666665
1260,2877.3333333333335,3448.0,618.6666666666666,5008.0,2968.0
1261,2882.6666666666665,3453.3333333333335,618.6666666666666,5010.666666666667,2965.3333333333335
1262,2888.0,3458.6666666666665,616.0,5013.333333333333,2962.6666666666665
1263,2893.3333333333335,3464.0,618.6666666666666,5016.0,2960.0
1264,2898.6666666666665,3469.3333333333335,618.6666666666666,5021.333333333333,2957.3333333333335
1265,2904.0,3474.6666666666665,616.0,5024.0,2954.6666666666665
1266,2909.3333333333335,3480.0,618.6666666666666,5026.666666666667,2952.0
1267,2914.6666666666665,3485.3333333333335,616.0,5032.0,2949.3333333333335
1268,2920.0,3488.0,616.0,5037.333333333333,2946.6666666666665
1269,2925.3333333333335,3493.3333333333335,618.6666666666666,5040.0,2944.0
1270,2930.6666666666665,3498.6666666666665,618.6666666666666,5045.333333333333,2941.3333333333335
1271,2936.0,3501.3333333333335,618.6666666666666,5050.666666666667,2938.6666666666665
1272,2941.3333333333335,3509.3333333333335,618.6666666666666,5053.333333333333,2936.0
1273,2944.0,3512.0,616.0,5058.666666666667,2930.6666666666665
1274,2949.3333333333335,3517.3333333333335,616.0,5061.333333333333,2925.3333333333335
1275,2954.6666666666665,3520.0,616.0,5064.0,2922.6666666666665
1276,2960.0,3525.3333333333335,618.6666666666666,5066.666666666667,2920.0
1277,2965.3333333333335,3530.6666666666665,618.6666666666666,5069.333333333333,2914.6666666666665
1278,2970.6666666666665,3536.0,618.6666666666666,5072.0,2909.3333333333335
1279,2976.0,3541.3333333333335,616.0,5074.666666666667,2906.6666666666665
1280,2978.6666666666665,3546.6666666666665,616.0,5080.0,2901.3333333333335
1281,2984.0,3552.0,618.6666666666666,5082.666666666667,2898.6666666666665
1282,2989.3333333333335,3557.3333333333335,618.6666666666666,5085.333333333333,2893.3333333333335
1283,2994.6666666666665,3562.6666666666665,621.3333333333334,5088.0,2890.6666666666665
1284,3000.0,3568.0,621.3333333333334,5090.666666666667,2888.0
1285,3002.6666666666665,3570.6666666666665,621.3333333333334,5093.333333333333,2885.3333333333335
1286,3005.3333333333335,3576.0,621.3333333333334,5096.0,2882.6666666666665
1287,3008.0,3581.3333333333335,618.6666666666666,5096.0,2880.0
1288,3013.3333333333335,3584.0,616.0,5098.666666666667,2877.3333333333335
1289,3018.6666666666665,3589.3333333333335,616.0,5098.666666666667,2874.6666666666665
1290,3021.3333333333335,3597.3333333333335,618.6666666666666,5101.333333333333,2872.0
1291,3026.6666666666665,3600.0,621.3333333333334,5106.666666666667,2866.6666666666665
1292,3029.3333333333335,3605.3333333333335,621.3333333333334,5109.333333333333,2864.0
1293,3034.6666666666665,3610.6666666666665,621.3333333333334,5112.0,2861.3333333333335
1294,3040.0,3613.3333333333335,624.0,5114.666666666667,2858.6666666666665
1295,3045.3333333333335,3616.0,624.0,5117.333333333333,2856.0
1296,3050.6666666666665,3618.6666666666665,624.0,5120.0,2853.3333333333335
1297,3053.3333333333335,3624.0,626.6666666666666,5120.0,2850.6666666666665
1298,3058.6666666666665,3629.3333333333335,629.3333333333334,5120.0,2848.0
1299,3064.0,3634.6666666666665,626.6666666666666,5125.333333333333,2842.6666666666665
1300,3066.6666666666665,3640.0,626.6666666666666,5125.333333333333,2837.3333333333335
1301,3069.3333333333335,3645.3333333333335,626.6666666666666,5125.333333333333,2832.0
1302,3072.0,3650.6666666666665,626.6666666666666,5130.666666666667,2826.6666666666665
1303,3080.0,3658.6666666666665,629.3333333333334,5133.333333333333,2824.0
1304,3082.6666666666665,3664.0,629.3333333333334,5133.333333333333,2821.3333333333335
1305,3085.3333333333335,3669.3333333333335,629.3333333333334,5133.333333333333,2818.6666666666665
1306,3090.6666666666665,3672.0,626.6666666666666,5136.0,2816.0
1307,3093.3333333333335,3677.3333333333335,629.3333333333334,5138.666666666667,2813.3333333333335
1308,3096.0,3682.6666666666665,629.3333333333334,5141.333333333333,2810.6666666666665
1309,3096.0,3685.3333333333335,629.3333333333334,5144.0,2805.3333333333335
1310,3101.3333333333335,3690.6666666666665,629.3333333333334,5146.666666666667,2802.6666666666665
1311,3106.6666666666665,3696.0,629.3333333333334,5149.333333333333,2800.0
1312,3112.0,3701.3333333333335,629.3333333333334,5152.0,2797.3333333333335
1313,3117.3333333333335,3706.6666666666665,629.3333333333334,5154.666666666667,2794.6666666666665
1314,3122.6666666666665,3712.0,632.0,5157.333333333333,2792.0
1315,3128.0,3717.3333333333335,632.0,5160.0,2789.3333333333335
1316,3133.3333333333335,3722.6666666666665,629.3333333333334,5162.666666666667,2786.6666666666665
1317,3138.6666666666665,3730.6666666666665,629.3333333333334,5165.333333333333,2781.3333333333335
1318,3141.3333333333335,3736.0,629.3333333333334,5168.0,2778.6666666666665
1319,3149.3333333333335,3744.0,632.0,5170.666666666667,2776.0
1320,3157.3333333333335,3746.6666666666665,632.0,5173.333333333333,2773.3333333333335
1321,3160.0,3752.0,632.0,5173.333333333333,2773.3333333333335
1322,3165.3333333333335,3754.6666666666665,632.0,5176.0,2770.6666666666665
1323,3170.6666666666665,3760.0,632.0,5178.666666666667,2765.3333333333335
1324,3173.3333333333335,3768.0,632.0,5178.666666666667,2760.0
1325,3178.6666666666665,3776.0,634.6666666666666,5184.0,2754.6666666666665
1326,3184.0,3784.0,632.0,5186.666666666667,2749.3333333333335
1327,3189.3333333333335,3789.3333333333335,632.0,5189.333333333333,2744.0
1328,3194.6666666666665,3794.6666666666665,629.3333333333334,5192.0,2738.6666666666665
1329,3200.0,3800.0,632.0,5192.0,2736.0
1330,3205.3333333333335,3805.3333333333335,632.0,5197.333333333333,2733.3333333333335
1331,3210.6666666666665,3810.6666666666665,632.0,5202.666666666667,2730.6666666666665
1332,3213.3333333333335,3813.3333333333335,632.0,5205.333333333333,2728.0
1333,3216.0,3816.0,632.0,5208.0,2725.3333333333335
1334,3221.3333333333335,3821.3333333333335,634.6666666666666,5213.333333333333,2722.6666666666665
1335,3226.6666666666665,3826.6666666666665,634.6666666666666,5216.0,2720.0
1336,3229.3333333333335,3832.0,637.3333333333334,5218.666666666667,2717.3333333333335
1337,3234.6666666666665,3834.6666666666665,634.6666666666666,5218.666666666667,2714.6666666666665
1338,3237.3333333333335,3837.3333333333335,637.3333333333334,5218.666666666667,2712.0
1339,3242.6666666666665,3845.3333333333335,640.0,5218.666666666667,2712.0
1340,3248.0,3850.6666666666665,642.6666666666666,5221.333333333333,2709.3333333333335
1341,3250.6666666666665,3856.0,642.6666666666666,5224.0,2706.6666666666665
1342,3256.0,3861.3333333333335,642.6666666666666,5224.0,2704.0
1343,3261.3333333333335,3866.6666666666665,640.0,5226.666666666667,2701.3333333333335
1344,3266.6666666666665,3869.3333333333335,640.0,5229.333333333333,2698.6666666666665
1345,3272.0,3874.6666666666665,637.3333333333334,5232.0,2696.0
1346,3277.3333333333335,3880.0,637.3333333333334,5234.666666666667,2693.3333333333335
1347,3282.6666666666665,3882.6666666666665,637.3333333333334,5237.333333333333,2693.3333333333335
1348,3288.0,3888.0,637.3333333333334,5242.666666666667,2690.6666666666665
1349,3290.6666666666665,3893.3333333333335,637.3333333333334,5245.333333333333,2688.0
1350,3293.3333333333335,3898.6666666666665,637.3333333333334,5248.0,2685.3333333333335
1351,3301.3333333333335,3904.0,634.6666666666666,5250.666666666667,2682.6666666666665
1352,3306.6666666666665,3909.3333333333335,637.3333333333334,5253.333333333333,2677.3333333333335
1353,3309.3333333333335,3912.0,634.6666666666666,5256.0,2674.6666666666665
1354,3314.6666666666665,3914.6666666666665,632.0,5258.666666666667,2672.0
1355,3317.3333333333335,3920.0,632.0,5258.666666666667,2669.3333333333335
1356,3320.0,3925.3333333333335,634.6666666666666,5264.0,2666.6666666666665
1357,3325.3333333333335,3930.6666666666665,632.0,5266.666666666667,2666.6666666666665
1358,3330.6666666666665,3936.0,632.0,5269.333333333333,2664.0
1359,3336.0,3941.3333333333335,629.3333333333334,5272.0,2661.3333333333335
1360,3341.3333333333335,3946.6666666666665,629.3333333333334,5274.666666666667,2658.6666666666665
1361,3346.6666666666665,3952.0,626.6666666666666,5277.333333333333,2656.0
1362,3354.6666666666665,3957.3333333333335,629.3333333333334,5280.0,2653.3333333333335
1363,3360.0,3962.6666666666665,629.3333333333334,5282.666666666667,2650.6666666666665
1364,3365.3333333333335,3970.6666666666665,626.6666666666666,5285.333333333333,2648.0
1365,3370.6666666666665,3976.0,626.6666666666666,5290.666666666667,2645.3333333333335
1366,3376.0,3984.0,626.6666666666666,5293.333333333333,2642.6666666666665
1367,3381.3333333333335,3989.3333333333335,629.3333333333334,5296.0,2640.0
1368,3392.0,3994.6666666666665,626.6666666666666,5301.333333333333,2637.3333333333335
1369,3397.3333333333335,3997.3333333333335,624.0,5306.666666666667,2634.6666666666665
1370,3400.0,4002.6666666666665,624.0,5309.333333333333,2632.0
1371,3408.0,4008.0,621.3333333333334,5312.0,2629.3333333333335
1372,3413.3333333333335,4013.3333333333335,621.3333333333334,5317.333333333333,2626.6666666666665
1373,3416.0,4016.0,624.0,5320.0,2624.0
1374,3421.3333333333335,4024.0,621.3333333333334,5322.666666666667,2621.3333333333335
1375,3426.6666666666665,4029.3333333333335,621.3333333333334,5325.333333333333,2618.6666666666665
1376,3432.0,4034.6666666666665,624.0,5328.0,2616.0
1377,3437.3333333333335,4040.0,624.0,5330.666666666667,2613.3333333333335
1378,3440.0,4045.3333333333335,626.6666666666666,5330.666666666667,2610.6666666666665
1379,3442.6666666666665,4048.0,624.0,5333.333333333333,2608.0
1380,3448.0,4053.3333333333335,624.0,5336.0,2605.3333333333335
1381,3450.6666666666665,4058.6666666666665,624.0,5341.333333333333,2602.6666666666665
1382,3456.0,4064.0,624.0,5344.0,2602.6666666666665
1383,3461.3333333333335,4069.3333333333335,626.6666666666666,5346.666666666667,2602.6666666666665
1384,3466.6666666666665,4077.3333333333335,629.3333333333334,5349.333333333333,2600.0
1385,3472.0,4082.6666666666665,629.3333333333334,5352.0,2597.3333333333335
1386,3477.3333333333335,4088.0,629.3333333333334,5354.666666666667,2594.6666666666665
1387,3480.0,4090.6666666666665,632.0,5357.333333333333,2589.3333333333335
1388,3485.3333333333335,4096.0,634.6666666666666,5362.666666666667,2586.6666666666665
1389,3490.6666666666665,4101.333333333333,637.3333333333334,5365.333333333333,2586.6666666666665
1390,3496.0,4106.666666666667,637.3333333333334,5365.333333333333,2584.0
1391,3501.3333333333335,4112.0,640.0,5365.333333333333,2581.3333333333335
1392,3504.0,4117.333333333333,640.0,5368.0,2578.6666666666665
1393,3509.3333333333335,4122.666666666667,640.0,5370.666666666667,2576.0
1394,3514.6666666666665,4128.0,640.0,5370.666666666667,2573.3333333333335
1395,3520.0,4133.333333333333,642.6666666666666,5373.333333333333,2570.6666666666665
1396,3525.3333333333335,4136.0,640.0,5376.0,2568.0
1397,3530.6666666666665,4141.333333333333,637.3333333333334,5381.333333333333,2565.3333333333335
1398,3533.3333333333335,4146.666666666667,640.0,5381.333333333333,2562.6666666666665
1399,3538.6666666666665,4152.0,642.6666666666666,5384.0,2560.0
1400,3544.0,4154.666666666667,642.6666666666666,5384.0,2557.3333333333335
1401,3546.6666666666665,4157.333333333333,642.6666666666666,5386.666666666667,2554.6666666666665
1402,3549.3333333333335,4160.0,642.6666666666666,5389.333333333333,2552.0
1403,3554.6666666666665,4168.0,640.0,5392.0,2549.3333333333335
1404,3560.0,4170.666666666667,642.6666666666666,5394.666666666667,2546.6666666666665
1405,3565.3333333333335,4173.333333333333,642.6666666666666,5394.666666666667,2544.0
1406,3570.6666666666665,4176.0,640.0,5397.333333333333,2541.3333333333335
1407,3576.0,4181.333333333333,640.0,5400.0,2538.6666666666665
1408,3584.0,4186.666666666667,637.3333333333334,5402.666666666667,2536.0
1409,3592.0,4192.0,640.0,5405.333333333333,2533.3333333333335
1410,3597.3333333333335,4197.333333333333,640.0,5408.0,2530.6666666666665
1411,3602.6666666666665,4202.666666666667,640.0,5408.0,2525.3333333333335
1412,3608.0,4208.0,637.3333333333334,5410.666666666667,2522.6666666666665
1413,3613.3333333333335,4213.333333333333,637.3333333333334,5413.333333333333,2517.3333333333335
1414,3618.6666666666665,4216.0,637.3333333333334,5416.0,2514.6666666666665
1415,3624.0,4218.666666666667,637.3333333333334,5418.666666666667,2512.0
1416,3629.3333333333335,4221.333333333333,634.6666666666666,5418.666666666667,2509.3333333333335
1417,3634.6666666666665,4226.666666666667,634.6666666666666,5421.333333333333,2509.3333333333335
1418,3640.0,4229.333333333333,632.0,5421.333333333333,2506.6666666666665
1419,3642.6666666666665,4234.666666666667,629.3333333333334,5426.666666666667,2501.3333333333335
1420,3648.0,4240.0,632.0,5429.333333333333,2498.6666666666665
1421,3653.3333333333335,4245.333333333333,632.0,5432.0,2498.6666666666665
1422,3661.3333333333335,4250.666666666667,629.3333333333334,5432.0,2496.0
1423,3666.6666666666665,4256.0,626.6666666666666,5432.0,2493.3333333333335
1424,3672.0,4258.666666666667,626.6666666666666,5434.666666666667,2490.6666666666665
1425,3677.3333333333335,4264.0,624.0,5437.333333333333,2488.0
1426,3682.6666666666665,4272.0,626.6666666666666,5437.333333333333,2485.3333333333335
1427,3688.0,4277.333333333333,626.6666666666666,5440.0,2482.6666666666665
1428,3693.3333333333335,4282.666666666667,624.0,5445.333333333333,2480.0
1429,3698.6666666666665,4288.0,624.0,5448.0,2477.3333333333335
1430,3704.0,4293.333333333333,624.0,5450.666666666667,2474.6666666666665
1431,3709.3333333333335,4298.666666666667,624.0,5453.333333333333,2472.0
1432,3714.6666666666665,4304.0,626.6666666666666,5456.0,2466.6666666666665
1433,3720.0,4309.333333333333,626.6666666666666,5456.0,2464.0
1434,3725.3333333333335,4314.666666666667,624.0,5458.666666666667,2461.3333333333335
1435,3730.6666666666665,4320.0,624.0,5461.333333333333,2458.6666666666665
1436,3736.0,4328.0,626.6666666666666,5464.0,2456.0
1437,3741.3333333333335,4333.333333333333,626.6666666666666,5466.666666666667,2453.3333333333335
1438,3746.6666666666665,4338.666666666667,626.6666666666666,5469.333333333333,2448.0
1439,3752.0,4341.333333333333,626.6666666666666,5472.0,2442.6666666666665
1440,3757.3333333333335,4346.666666666667,624.0,5474.666666666667,2437.3333333333335
1441,3762.6666666666665,4352.0,626.6666666666666,5477.333333333333,2434.6666666666665
1442,3765.3333333333335,4357.333333333333,626.6666666666666,5480.0,2429.3333333333335
1443,3773.3333333333335,4362.666666666667,624.0,5482.666666666667,2429.3333333333335
1444,3781.3333333333335,4368.0,621.3333333333334,5485.333333333333,2426.6666666666665
1445,3786.6666666666665,4373.333333333333,618.6666666666666,5485.333333333333,2424.0
1446,3792.0,4378.666666666667,621.3333333333334,5488.0,2424.0
1447,3800.0,4384.0,618.6666666666666,5490.666666666667,2418.6666666666665
1448,3802.6666666666665,4389.333333333333,621.3333333333334,5493.333333333333,2416.0
1449,3808.0,4394.666666666667,624.0,5493.333333333333,2413.3333333333335
1450,3810.6666666666665,4397.333333333333,624.0,5496.0,2410.6666666666665
1451,3813.3333333333335,4400.0,621.3333333333334,5501.333333333333,2405.3333333333335
1452,3818.6666666666665,4402.666666666667,621.3333333333334,5504.0,2402.6666666666665
1453,3824.0,4405.333333333333,624.0,5506.666666666667,2400.0
1454,3829.3333333333335,4408.0,624.0,5512.0,2397.3333333333335
1455,3834.6666666666665,4410.666666666667,624.0,5512.0,2394.6666666666665
1456,3840.0,4413.333333333333,624.0,5514.666666666667,2392.0
1457,3845.3333333333335,4418.666666666667,624.0,5514.666666666667,2389.3333333333335
1458,3850.6666666666665,4421.333333333333,626.6666666666666,5514.666666666667,2386.6666666666665
1459,3856.0,4426.666666666667,626.6666666666666,5514.666666666667,2384.0
1460,3861.3333333333335,4429.333333333333,626.6666666666666,5517.333333333333,2381.3333333333335
1461,3866.6666666666665,4434.666666666667,629.3333333333334,5517.333333333333,2378.6666666666665
1462,3872.0,4440.0,626.6666666666666,5517.333333333333,2378.6666666666665
1463,3877.3333333333335,4442.666666666667,629.3333333333334,5522.666666666667,2376.0
1464,3880.0,4448.0,629.3333333333334,5525.333333333333,2373.3333333333335
1465,3885.3333333333335,4453.333333333333,629.3333333333334,5528.0,2370.6666666666665
1466,3890.6666666666665,4456.0,626.6666666666666,5530.666666666667,2368.0
1467,3896.0,4458.666666666667,629.3333333333334,5530.666666666667,2365.3333333333335
1468,3901.3333333333335,4464.0,632.0,5533.333333333333,2365.3333333333335
1469,3906.6666666666665,4469.333333333333,632.0,5533.333333333333,2365.3333333333335
1470,3909.3333333333335,4472.0,634.6666666666666,5533.333333333333,2365.3333333333335
1471,3914.6666666666665,4474.666666666667,632.0,5536.0,2365.3333333333335
1472,3922.6666666666665,4480.0,634.6666666666666,5536.0,2365.3333333333335
1473,3925.3333333333335,4485.333333333333,634.6666666666666,5538.666666666667,2362.6666666666665
1474,3928.0,4490.666666666667,637.3333333333334,5541.333333333333,2362.6666666666665
1475,3933.3333333333335,4496.0,640.0,5546.666666666667,2362.6666666666665
1476,3941.3333333333335,4501.333333333333,640.0,5549.333333333333,2360.0
1477,3944.0,4506.666666666667,640.0,5552.0,2357.3333333333335
1478,3949.3333333333335,4512.0,640.0,5554.666666666667,2357.3333333333335
1479,3954.6666666666665,4514.666666666667,637.3333333333334,5557.333333333333,2354.6666666666665
1480,3960.0,4520.0,637.3333333333334,5560.0,2352.0
1481,3965.3333333333335,4525.333333333333,640.0,5560.0,2349.3333333333335
1482,3970.6666666666665,4530.666666666667,642.6666666666666,5562.666666666667,2346.6666666666665
1483,3976.0,4536.0,642.6666666666666,5565.333333333333,2344.0
1484,3981.3333333333335,4541.333333333333,642.6666666666666,5565.333333333333,2341.3333333333335
1485,3986.6666666666665,4546.666666666667,645.3333333333334,5568.0,2338.6666666666665
1486,3992.0,4549.333333333333,642.6666666666666,5570.666666666667,2336.0
1487,3997.3333333333335,4552.0,642.6666666666666,5573.333333333333,2333.3333333333335
1488,4002.6666666666665,4560.0,640.0,5576.0,2330.6666666666665
1489,4005.3333333333335,4565.333333333333,637.3333333333334,5578.666666666667,2328.0
1490,4010.6666666666665,4570.666666666667,637.3333333333334,5581.333333333333,2325.3333333333335
1491,4016.0,4576.0,637.3333333333334,5584.0,2322.6666666666665
1492,4021.3333333333335,4581.333333333333,637.3333333333334,5586.666666666667,2320.0
1493,4026.6666666666665,4586.666666666667,637.3333333333334,5586.666666666667,2317.3333333333335
1494,4032.0,4592.0,640.0,5586.666666666667,2314.6666666666665
1495,4034.6666666666665,4597.333333333333,640.0,5589.333333333333,2312.0
1496,4037.3333333333335,4602.666666666667,640.0,5592.0,2309.3333333333335
1497,4042.6666666666665,4608.0,637.3333333333334,5594.666666666667,2306.6666666666665
1498,4048.0,4610.666666666667,637.3333333333334,5594.666666666667,2304.0
1499,4053.3333333333335,4618.666666666667,634.6666666666666,5597.333333333333,2301.3333333333335
1500,4061.3333333333335,4626.666666666667,634.6666666666666,5600.0,2298.6666666666665
1501,4064.0,4634.666666666667,637.3333333333334,5602.666666666667,2296.0
1502,4069.3333333333335,4637.333333333333,637.3333333333334,5608.0,2290.6666666666665
1503,4074.6666666666665,4640.0,637.3333333333334,5608.0,2288.0
1504,4080.0,4645.333333333333,637.3333333333334,5608.0,2285.3333333333335
1505,4085.3333333333335,4650.666666666667,637.3333333333334,5610.666666666667,2282.6666666666665
1506,4088.0,4656.0,634.6666666666666,5610.666666666667,2280.0
1507,4093.3333333333335,4661.333333333333,637.3333333333334,5610.666666666667,2280.0
1508,4098.666666666667,4666.666666666667,634.6666666666666,5613.333333333333,2277.3333333333335
1509,4104.0,4672.0,634.6666666666666,5616.0,2274.6666666666665
1510,4109.333333333333,4677.333333333333,632.0,5618.666666666667,2272.0
1511,4114.666666666667,4682.666666666667,632.0,5621.333333333333,2269.3333333333335
1512,4117.333333333333,4688.0,632.0,5624.0,2269.3333333333335
1513,4120.0,4693.333333333333,632.0,5626.666666666667,2269.3333333333335
1514,4125.333333333333,4698.666666666667,634.6666666666666,5629.333333333333,2266.6666666666665
1515,4130.666666666667,4704.0,632.0,5632.0,2264.0
1516,4136.0,4709.333333333333,632.0,5632.0,2261.3333333333335
1517,4141.333333333333,4714.666666666667,634.6666666666666,5634.666666666667,2258.6666666666665
1518,4146.666666666667,4717.333333333333,634.6666666666666,5637.333333333333,2256.0
1519,4154.666666666667,4720.0,637.3333333333334,5640.0,2253.3333333333335
1520,4160.0,4728.0,637.3333333333334,5642.666666666667,2250.6666666666665
1521,4165.333333333333,4730.666666666667,637.3333333333334,5645.333333333333,2248.0
1522,4170.666666666667,4736.0,640.0,5648.0,2245.3333333333335
1523,4176.0,4741.333333333333,640.0,5650.666666666667,2242.6666666666665
1524,4181.333333333333,4746.666666666667,640.0,5653.333333333333,2240.0
1525,4186.666666666667,4752.0,642.6666666666666,5656.0,2237.3333333333335
1526,4192.0,4757.333333333333,642.6666666666666,5656.0,2234.6666666666665
1527,4194.666666666667,4762.666666666667,642.6666666666666,5658.666666666667,2232.0
1528,4197.333333333333,4768.0,642.6666666666666,5661.333333333333,2226.6666666666665
1529,4200.0,4770.666666666667,645.3333333333334,5664.0,2224.0
1530,4205.333333333333,4773.333333333333,642.6666666666666,5666.666666666667,2221.3333333333335
1531,4213.333333333333,4776.0,642.6666666666666,5666.666666666667,2218.6666666666665
1532,4218.666666666667,4778.666666666667,640.0,5666.666666666667,2218.6666666666665
1533,4221.333333333333,4784.0,642.6666666666666,5669.333333333333,2216.0
1534,4226.666666666667,4786.666666666667,642.6666666666666,5672.0,2213.3333333333335
1535,4232.0,4789.333333333333,640.0,5669.333333333333,2210.6666666666665
1536,4237.333333333333,4792.0,642.6666666666666,5672.0,2208.0
1537,4242.666666666667,4794.666666666667,640.0,5674.666666666667,2202.6666666666665
1538,4248.0,4797.333333333333,642.6666666666666,5674.666666666667,2200.0
1539,4250.666666666667,4800.0,645.3333333333334,5674.666666666667,2200.0
1540,4256.0,4802.666666666667,648.0,5674.666666666667,2200.0
1541,4258.666666666667,4805.333333333333,645.3333333333334,5674.666666666667,2200.0
1542,4264.0,4808.0,642.6666666666666,5674.666666666667,2194.6666666666665
1543,4269.333333333333,4810.666666666667,642.6666666666666,5674.666666666667,2189.3333333333335
1544,4272.0,4813.333333333333,640.0,5674.666666666667,2186.6666666666665
1545,4274.666666666667,4816.0,640.0,5674.666666666667,2184.0
1546,4274.666666666667,4818.666666666667,642.6666666666666,5677.333333333333,2181.3333333333335
1547,4274.666666666667,4821.333333333333,640.0,5677.333333333333,2181.3333333333335
1548,4274.666666666667,4824.0,642.6666666666666,5677.333333333333,2181.3333333333335
1549,4277.333333333333,4826.666666666667,642.6666666666666,5674.666666666667,2181.3333333333335
1550,4277.333333333333,4826.666666666667,642.6666666666666,5674.666666666667,2181.3333333333335
1551,4277.333333333333,4829.333333333333,642.6666666666666,5672.0,2178.6666666666665
1552,4277.333333333333,4826.666666666667,640.0,5672.0,2176.0
1553,4277.333333333333,4824.0,637.3333333333334,5669.333333333333,2176.0
1554,4277.333333333333,4824.0,634.6666666666666,5669.333333333333,2173.3333333333335
1555,4277.333333333333,4821.333333333333,634.6666666666666,5666.666666666667,2173.3333333333335
1556,4277.333333333333,4818.666666666667,637.3333333333334,5664.0,2170.6666666666665
1557,4277.333333333333,4816.0,640.0,5661.333333333333,2170.6666666666665
1558,4277.333333333333,4813.333333333333,637.3333333333334,5658.666666666667,2173.3333333333335
1559,4277.333333333333,4810.666666666667,634.6666666666666,5656.0,2173.3333333333335
1560,4272.0,4808.0,637.3333333333334,5653.333333333333,2173.3333333333335
1561,4266.666666666667,4805.333333333333,634.6666666666666,5650.666666666667,2173.3333333333335
1562,4261.333333333333,4805.333333333333,634.6666666666666,5648.0,2173.3333333333335
1563,4258.666666666667,4802.666666666667,634.6666666666666,5645.333333333333,2173.3333333333335
1564,4253.333333333333,4800.0,632.0,5642.666666666667,2173.3333333333335
1565,4248.0,4797.333333333333,632.0,5642.666666666667,2173.3333333333335
1566,4242.666666666667,4794.666666666667,629.3333333333334,5640.0,2173.3333333333335
1567,4237.333333333333,4792.0,632.0,5637.333333333333,2173.3333333333335
1568,4232.0,4786.666666666667,632.0,5634.666666666667,2176.0
1569,4229.333333333333,4781.333333333333,629.3333333333334,5632.0,2176.0
1570,4221.333333333333,4778.666666666667,629.3333333333334,5629.333333333333,2176.0
1571,4218.666666666667,4776.0,629.3333333333334,5626.666666666667,2178.6666666666665
1572,4213.333333333333,4770.666666666667,632.0,5624.0,2181.3333333333335
1573,4208.0,4768.0,629.3333333333334,5621.333333333333,2184.0
1574,4202.666666666667,4762.666666666667,632.0,5618.666666666667,2186.6666666666665
1575,4194.666666666667,4757.333333333333,634.6666666666666,5616.0,2189.3333333333335
1576,4189.333333333333,4752.0,632.0,5613.333333333333,2192.0
1577,4184.0,4746.666666666667,632.0,5610.666666666667,2194.6666666666665
1578,4178.666666666667,4741.333333333333,629.3333333333334,5608.0,2194.6666666666665
1579,4170.666666666667,4736.0,629.3333333333334,5608.0,2194.6666666666665
1580,4165.333333333333,4730.666666666667,626.6666666666666,5605.333333333333,2194.6666666666665
1581,4160.0,4725.333333333333,626.6666666666666,5605.333333333333,2197.3333333333335
1582,4154.666666666667,4720.0,626.6666666666666,5602.666666666667,2200.0
1583,4149.333333333333,4717.333333333333,629.3333333333334,5602.666666666667,2200.0
1584,4144.0,4712.0,632.0,5600.0,2205.3333333333335
1585,4138.666666666667,4706.666666666667,629.3333333333334,5597.333333333333,2205.3333333333335
1586,4133.333333333333,4701.333333333333,626.6666666666666,5594.666666666667,2208.0
1587,4125.333333333333,4696.0,626.6666666666666,5592.0,2210.6666666666665
1588,4120.0,4690.666666666667,629.3333333333334,5589.333333333333,2213.3333333333335
1589,4114.666666666667,4685.333333333333,632.0,5586.666666666667,2216.0
1590,4112.0,4680.0,629.3333333333334,5586.666666666667,2218.6666666666665
1591,4109.333333333333,4674.666666666667,629.3333333333334,5586.666666666667,2221.3333333333335
1592,4104.0,4669.333333333333,632.0,5584.0,2221.3333333333335
1593,4101.333333333333,4664.0,629.3333333333334,5581.333333333333,2224.0
1594,4098.666666666667,4658.666666666667,632.0,5581.333333333333,2226.6666666666665
1595,4096.0,4653.333333333333,632.0,5578.666666666667,2229.3333333333335
1596,4090.6666666666665,4648.0,634.6666666666666,5578.666666666667,2232.0
1597,4085.3333333333335,4640.0,634.6666666666666,5576.0,2237.3333333333335
1598,4080.0,4634.666666666667,634.6666666666666,5573.333333333333,2237.3333333333335
1599,4074.6666666666665,4632.0,637.3333333333334,5570.666666666667,2240.0
1600,4072.0,4626.666666666667,637.3333333333334,5568.0,2242.6666666666665
1601,4066.6666666666665,4621.333333333333,637.3333333333334,5565.333333333333,2242.6666666666665
1602,4061.3333333333335,4618.666666666667,637.3333333333334,5562.666666666667,2245.3333333333335
1603,4056.0,4613.333333333333,640.0,5562.666666666667,2248.0
1604,4050.6666666666665,4608.0,637.3333333333334,5562.666666666667,2250.6666666666665
1605,4045.3333333333335,4602.666666666667,634.6666666666666,5560.0,2253.3333333333335
1606,4042.6666666666665,4600.0,634.6666666666666,5557.333333333333,2256.0
1607,4040.0,4597.333333333333,637.3333333333334,5554.666666666667,2256.0
1608,4034.6666666666665,4592.0,637.3333333333334,5552.0,2258.6666666666665
1609,4032.0,4586.666666666667,637.3333333333334,5549.333333333333,2261.3333333333335
1610,4029.3333333333335,4584.0,640.0,5544.0,2264.0
1611,4026.6666666666665,4581.333333333333,640.0,5541.333333333333,2266.6666666666665
1612,4024.0,4578.666666666667,642.6666666666666,5538.666666666667,2269.3333333333335
1613,4021.3333333333335,4573.333333333333,642.6666666666666,5536.0,2272.0
1614,4018.6666666666665,4568.0,642.6666666666666,5533.333333333333,2272.0
1615,4013.3333333333335,4565.333333333333,645.3333333333334,5533.333333333333,2274.6666666666665
1616,4008.0,4562.666666666667,645.3333333333334,5533.333333333333,2277.3333333333335
1617,4005.3333333333335,4557.333333333333,645.3333333333334,5533.333333333333,2277.3333333333335
1618,4000.0,4554.666666666667,642.6666666666666,5533.333333333333,2277.3333333333335
1619,3994.6666666666665,4549.333333333333,642.6666666666666,5533.333333333333,2280.0
1620,3989.3333333333335,4546.666666666667,645.3333333333334,5530.666666666667,2282.6666666666665
1621,3984.0,4541.333333333333,648.0,5525.333333333333,2285.3333333333335
1622,3981.3333333333335,4536.0,645.3333333333334,5522.666666666667,2288.0
1623,3976.0,4530.666666666667,648.0,5520.0,2290.6666666666665
1624,3970.6666666666665,4525.333333333333,648.0,5517.333333333333,2293.3333333333335
1625,3965.3333333333335,4520.0,648.0,5514.666666666667,2296.0
1626,3962.6666666666665,4514.666666666667,648.0,5512.0,2298.6666666666665
1627,3957.3333333333335,4512.0,645.3333333333334,5512.0,2301.3333333333335
1628,3954.6666666666665,4509.333333333333,642.6666666666666,5509.333333333333,2304.0
1629,3952.0,4504.0,640.0,5506.666666666667,2306.6666666666665
1630,3946.6666666666665,4498.666666666667,640.0,5504.0,2309.3333333333335
1631,3941.3333333333335,4493.333333333333,640.0,5501.333333333333,2312.0
1632,3936.0,4488.0,637.3333333333334,5498.666666666667,2314.6666666666665
1633,3930.6666666666665,4482.666666666667,634.6666666666666,5493.333333333333,2317.3333333333335
1634,3925.3333333333335,4480.0,634.6666666666666,5488.0,2320.0
1635,3922.6666666666665,4477.333333333333,637.3333333333334,5485.333333333333,2322.6666666666665
1636,3917.3333333333335,4469.333333333333,640.0,5482.666666666667,2325.3333333333335
1637,3912.0,4464.0,637.3333333333334,5480.0,2328.0
1638,3906.6666666666665,4458.666666666667,640.0,5477.333333333333,2330.6666666666665
1639,3901.3333333333335,4453.333333333333,637.3333333333334,5474.666666666667,2333.3333333333335
1640,3893.3333333333335,4445.333333333333,634.6666666666666,5474.666666666667,2336.0
1641,3885.3333333333335,4437.333333333333,634.6666666666666,5472.0,2338.6666666666665
1642,3877.3333333333335,4432.0,634.6666666666666,5469.333333333333,2341.3333333333335
1643,3869.3333333333335,4426.666666666667,632.0,5466.666666666667,2344.0
1644,3864.0,4421.333333333333,629.3333333333334,5464.0,2346.6666666666665
1645,3858.6666666666665,4416.0,629.3333333333334,5461.333333333333,2349.3333333333335
1646,3850.6666666666665,4410.666666666667,629.3333333333334,5458.666666666667,2352.0
1647,3845.3333333333335,4405.333333333333,629.3333333333334,5456.0,2354.6666666666665
1648,3840.0,4400.0,629.3333333333334,5453.333333333333,2357.3333333333335
1649,3834.6666666666665,4397.333333333333,626.6666666666666,5450.666666666667,2357.3333333333335
1650,3829.3333333333335,4392.0,626.6666666666666,5448.0,2360.0
1651,3824.0,4386.666666666667,626.6666666666666,5448.0,2362.6666666666665
1652,3818.6666666666665,4381.333333333333,626.6666666666666,5445.333333333333,2365.3333333333335
1653,3813.3333333333335,4376.0,624.0,5442.666666666667,2365.3333333333335
1654,3805.3333333333335,4370.666666666667,624.0,5440.0,2365.3333333333335
1655,3800.0,4365.333333333333,624.0,5437.333333333333,2368.0
1656,3792.0,4360.0,621.3333333333334,5434.666666666667,2370.6666666666665
1657,3786.6666666666665,4354.666666666667,621.3333333333334,5432.0,2370.6666666666665
1658,3781.3333333333335,4349.333333333333,624.0,5429.333333333333,2370.6666666666665
1659,3773.3333333333335,4344.0,626.6666666666666,5426.666666666667,2373.3333333333335
1660,3770.6666666666665,4338.666666666667,626.6666666666666,5424.0,2373.3333333333335
1661,3765.3333333333335,4333.333333333333,629.3333333333334,5421.333333333333,2373.3333333333335
1662,3760.0,4328.0,632.0,5418.666666666667,2376.0
1663,3754.6666666666665,4322.666666666667,634.6666666666666,5416.0,2378.6666666666665
1664,3749.3333333333335,4317.333333333333,637.3333333333334,5413.333333333333,2381.3333333333335
1665,3744.0,4312.0,637.3333333333334,5410.666666666667,2384.0
1666,3738.6666666666665,4309.333333333333,637.3333333333334,5408.0,2386.6666666666665
1667,3733.3333333333335,4301.333333333333,640.0,5405.333333333333,2389.3333333333335
1668,3730.6666666666665,4296.0,640.0,5405.333333333333,2392.0
1669,3722.6666666666665,4290.666666666667,642.6666666666666,5405.333333333333,2392.0
1670,3717.3333333333335,4288.0,642.6666666666666,5402.666666666667,2394.6666666666665
1671,3712.0,4282.666666666667,640.0,5400.0,2397.3333333333335
1672,3706.6666666666665,4277.333333333333,640.0,5397.333333333333,2400.0
1673,3701.3333333333335,4272.0,640.0,5394.666666666667,2402.6666666666665
1674,3693.3333333333335,4266.666666666667,642.6666666666666,5392.0,2405.3333333333335
1675,3688.0,4261.333333333333,642.6666666666666,5389.333333333333,2408.0
1676,3688.0,4256.0,645.3333333333334,5386.666666666667,2410.6666666666665
1677,3682.6666666666665,4253.333333333333,645.3333333333334,5384.0,2413.3333333333335
1678,3677.3333333333335,4248.0,648.0,5381.333333333333,2418.6666666666665
1679,3672.0,4242.666666666667,650.6666666666666,5376.0,2421.3333333333335
1680,3666.6666666666665,4237.333333333333,648.0,5373.333333333333,2424.0
1681,3661.3333333333335,4234.666666666667,648.0,5370.666666666667,2426.6666666666665
1682,3656.0,4232.0,648.0,5370.666666666667,2429.3333333333335
1683,3650.6666666666665,4229.333333333333,650.6666666666666,5370.666666666667,2432.0
1684,3648.0,4224.0,650.6666666666666,5368.0,2434.6666666666665
1685,3640.0,4218.666666666667,650.6666666666666,5368.0,2434.6666666666665
1686,3634.6666666666665,4213.333333333333,650.6666666666666,5362.666666666667,2437.3333333333335
1687,3632.0,4210.666666666667,653.3333333333334,5360.0,2440.0
1688,3624.0,4208.0,653.3333333333334,5360.0,2445.3333333333335
1689,3618.6666666666665,4202.666666666667,653.3333333333334,5357.333333333333,2448.0
1690,3610.6666666666665,4200.0,650.6666666666666,5357.333333333333,2450.6666666666665
1691,3608.0,4192.0,650.6666666666666,5354.666666666667,2453.3333333333335
1692,3602.6666666666665,4186.666666666667,650.6666666666666,5352.0,2456.0
1693,3597.3333333333335,4181.333333333333,650.6666666666666,5349.333333333333,2458.6666666666665
1694,3589.3333333333335,4176.0,648.0,5346.666666666667,2458.6666666666665
1695,3584.0,4170.666666666667,645.3333333333334,5344.0,2461.3333333333335
1696,3578.6666666666665,4165.333333333333,642.6666666666666,5344.0,2464.0
1697,3573.3333333333335,4162.666666666667,642.6666666666666,5341.333333333333,2466.6666666666665
1698,3568.0,4160.0,640.0,5336.0,2469.3333333333335
1699,3565.3333333333335,4157.333333333333,637.3333333333334,5333.333333333333,2474.6666666666665
1700,3562.6666666666665,4149.333333333333,637.3333333333334,5330.666666666667,2474.6666666666665
1701,3557.3333333333335,4144.0,640.0,5328.0,2474.6666666666665
1702,3554.6666666666665,4138.666666666667,637.3333333333334,5325.333333333333,2477.3333333333335
1703,3549.3333333333335,4133.333333333333,637.3333333333334,5322.666666666667,2480.0
1704,3546.6666666666665,4128.0,637.3333333333334,5320.0,2482.6666666666665
1705,3541.3333333333335,4122.666666666667,634.6666666666666,5317.333333333333,2485.3333333333335
1706,3533.3333333333335,4117.333333333333,632.0,5314.666666666667,2488.0
1707,3530.6666666666665,4112.0,629.3333333333334,5312.0,2490.6666666666665
1708,3525.3333333333335,4106.666666666667,629.3333333333334,5309.333333333333,2490.6666666666665
1709,3520.0,4101.333333333333,626.6666666666666,5309.333333333333,2493.3333333333335
1710,3514.6666666666665,4096.0,629.3333333333334,5306.666666666667,2493.3333333333335
1711,3509.3333333333335,4090.6666666666665,629.3333333333334,5304.0,2493.3333333333335
1712,3504.0,4082.6666666666665,632.0,5301.333333333333,2496.0
1713,3498.6666666666665,4077.3333333333335,629.3333333333334,5298.666666666667,2498.6666666666665
1714,3493.3333333333335,4072.0,626.6666666666666,5296.0,2504.0
1715,3490.6666666666665,4066.6666666666665,629.3333333333334,5290.666666666667,2506.6666666666665
1716,3485.3333333333335,4064.0,632.0,5290.666666666667,2506.6666666666665
1717,3480.0,4056.0,632.0,5288.0,2509.3333333333335
1718,3477.3333333333335,4050.6666666666665,632.0,5285.333333333333,2509.3333333333335
1719,3472.0,4045.3333333333335,629.3333333333334,5285.333333333333,2509.3333333333335
1720,3466.6666666666665,4040.0,629.3333333333334,5282.666666666667,2514.6666666666665
1721,3461.3333333333335,4037.3333333333335,629.3333333333334,5282.666666666667,2517.3333333333335
1722,3458.6666666666665,4032.0,626.6666666666666,5282.666666666667,2517.3333333333335
1723,3453.3333333333335,4026.6666666666665,624.0,5282.666666666667,2517.3333333333335
1724,3450.6666666666665,4021.3333333333335,624.0,5282.666666666667,2522.6666666666665
1725,3445.3333333333335,4016.0,626.6666666666666,5282.666666666667,2522.6666666666665
1726,3440.0,4010.6666666666665,626.6666666666666,5277.333333333333,2525.3333333333335
1727,3434.6666666666665,4005.3333333333335,626.6666666666666,5277.333333333333,2528.0
1728,3429.3333333333335,4000.0,629.3333333333334,5277.333333333333,2530.6666666666665
1729,3424.0,3994.6666666666665,629.3333333333334,5274.666666666667,2533.3333333333335
1730,3418.6666666666665,3992.0,629.3333333333334,5272.0,2538.6666666666665
1731,3416.0,3989.3333333333335,626.6666666666666,5269.333333333333,2544.0
1732,3410.6666666666665,3986.6666666666665,629.3333333333334,5266.666666666667,2546.6666666666665
1733,3405.3333333333335,3984.0,632.0,5264.0,2549.3333333333335
1734,3400.0,3981.3333333333335,629.3333333333334,5261.333333333333,2552.0
1735,3397.3333333333335,3978.6666666666665,629.3333333333334,5258.666666666667,2554.6666666666665
1736,3394.6666666666665,3976.0,632.0,5256.0,2557.3333333333335
1737,3389.3333333333335,3973.3333333333335,634.6666666666666,5253.333333333333,2560.0
1738,3386.6666666666665,3968.0,634.6666666666666,5250.666666666667,2562.6666666666665
1739,3381.3333333333335,3962.6666666666665,634.6666666666666,5248.0,2565.3333333333335
1740,3376.0,3957.3333333333335,634.6666666666666,5245.333333333333,2568.0
1741,3370.6666666666665,3952.0,634.6666666666666,5242.666666666667,2570.6666666666665
1742,3365.3333333333335,3949.3333333333335,632.0,5240.0,2573.3333333333335
1743,3360.0,3944.0,632.0,5237.333333333333,2576.0
1744,3354.6666666666665,3941.3333333333335,632.0,5234.666666666667,2576.0
1745,3349.3333333333335,3938.6666666666665,632.0,5234.666666666667,2578.6666666666665
1746,3346.6666666666665,3933.3333333333335,632.0,5232.0,2581.3333333333335
1747,3341.3333333333335,3930.6666666666665,632.0,5226.666666666667,2584.0
1748,3336.0,3922.6666666666665,632.0,5221.333333333333,2586.6666666666665
1749,3330.6666666666665,3917.3333333333335,634.6666666666666,5218.666666666667,2589.3333333333335
1750,3325.3333333333335,3909.3333333333335,637.3333333333334,5213.333333333333,2589.3333333333335
1751,3317.3333333333335,3906.6666666666665,637.3333333333334,5210.666666666667,2594.6666666666665
1752,3312.0,3901.3333333333335,640.0,5208.0,2597.3333333333335
1753,3309.3333333333335,3896.0,642.6666666666666,5202.666666666667,2602.6666666666665
1754,3306.6666666666665,3890.6666666666665,642.6666666666666,5197.333333333333,2605.3333333333335
1755,3301.3333333333335,3885.3333333333335,642.6666666666666,5192.0,2608.0
1756,3296.0,3880.0,645.3333333333334,5189.333333333333,2610.6666666666665
1757,3290.6666666666665,3874.6666666666665,642.6666666666666,5184.0,2610.6666666666665
1758,3285.3333333333335,3869.3333333333335,642.6666666666666,5178.666666666667,2613.3333333333335
1759,3280.0,3864.0,642.6666666666666,5176.0,2616.0
1760,3274.6666666666665,3858.6666666666665,645.3333333333334,5173.333333333333,2618.6666666666665
1761,3269.3333333333335,3853.3333333333335,645.3333333333334,5170.666666666667,2621.3333333333335
1762,3264.0,3848.0,645.3333333333334,5168.0,2624.0
1763,3261.3333333333335,3840.0,645.3333333333334,5165.333333333333,2626.6666666666665
1764,3253.3333333333335,3832.0,648.0,5162.666666666667,2629.3333333333335
1765,3245.3333333333335,3826.6666666666665,650.6666666666666,5160.0,2632.0
1766,3240.0,3818.6666666666665,648.0,5157.333333333333,2634.6666666666665
1767,3234.6666666666665,3813.3333333333335,648.0,5154.666666666667,2637.3333333333335
1768,3226.6666666666665,3810.6666666666665,648.0,5152.0,2640.0
1769,3221.3333333333335,3805.3333333333335,648.0,5149.333333333333,2642.6666666666665
1770,3218.6666666666665,3800.0,645.3333333333334,5146.666666666667,2645.3333333333335
1771,3213.3333333333335,3794.6666666666665,642.6666666666666,5144.0,2648.0
1772,3208.0,3789.3333333333335,642.6666666666666,5141.333333333333,2650.6666666666665
1773,3202.6666666666665,3784.0,645.3333333333334,5138.666666666667,2653.3333333333335
1774,3200.0,3778.6666666666665,648.0,5136.0,2656.0
1775,3194.6666666666665,3773.3333333333335,645.3333333333334,5130.666666666667,2658.6666666666665
1776,3189.3333333333335,3768.0,642.6666666666666,5128.0,2661.3333333333335
1777,3184.0,3762.6666666666665,642.6666666666666,5125.333333333333,2666.6666666666665
1778,3178.6666666666665,3760.0,642.6666666666666,5125.333333333333,2669.3333333333335
1779,3176.0,3754.6666666666665,642.6666666666666,5122.666666666667,2674.6666666666665
1780,3173.3333333333335,3752.0,640.0,5122.666666666667,2680.0
1781,3170.6666666666665,3744.0,637.3333333333334,5120.0,2680.0
1782,3165.3333333333335,3741.3333333333335,634.6666666666666,5114.666666666667,2682.6666666666665
1783,3160.0,3738.6666666666665,632.0,5114.666666666667,2682.6666666666665
1784,3154.6666666666665,3733.3333333333335,632.0,5114.666666666667,2685.3333333333335
1785,3152.0,3728.0,632.0,5114.666666666667,2688.0
1786,3146.6666666666665,3722.6666666666665,629.3333333333334,5114.666666666667,2690.6666666666665
1787,3144.0,3717.3333333333335,629.3333333333334,5112.0,2696.0
1788,3138.6666666666665,3712.0,629.3333333333334,5109.333333333333,2696.0
1789,3133.3333333333335,3706.6666666666665,632.0,5104.0,2698.6666666666665
1790,3130.6666666666665,3701.3333333333335,632.0,5101.333333333333,2701.3333333333335
1791,3128.0,3696.0,632.0,5098.666666666667,2704.0
1792,3122.6666666666665,3690.6666666666665,632.0,5096.0,2706.6666666666665
1793,3117.3333333333335,3685.3333333333335,632.0,5096.0,2709.3333333333335
1794,3114.6666666666665,3680.0,629.3333333333334,5093.333333333333,2712.0
1795,3112.0,3674.6666666666665,626.6666666666666,5090.666666666667,2717.3333333333335
1796,3106.6666666666665,3672.0,626.6666666666666,5088.0,2720.0
1797,3101.3333333333335,3666.6666666666665,626.6666666666666,5085.333333333333,2722.6666666666665
1798,3098.6666666666665,3661.3333333333335,626.6666666666666,5082.666666666667,2725.3333333333335
1799,3096.0,3656.0,626.6666666666666,5080.0,2728.0
1800,3090.6666666666665,3650.6666666666665,629.3333333333334,5077.333333333333,2730.6666666666665
1801,3088.0,3645.3333333333335,629.3333333333334,5074.666666666667,2733.3333333333335
1802,3082.6666666666665,3640.0,629.3333333333334,5072.0,2736.0
1803,3077.3333333333335,3634.6666666666665,626.6666666666666,5069.333333333333,2738.6666666666665
1804,3072.0,3629.3333333333335,626.6666666666666,5066.666666666667,2741.3333333333335
1805,3066.6666666666665,3624.0,629.3333333333334,5066.666666666667,2746.6666666666665
1806,3061.3333333333335,3618.6666666666665,632.0,5064.0,2749.3333333333335
1807,3056.0,3613.3333333333335,629.3333333333334,5064.0,2749.3333333333335
1808,3050.6666666666665,3605.3333333333335,629.3333333333334,5058.666666666667,2752.0
1809,3045.3333333333335,3600.0,626.6666666666666,5056.0,2754.6666666666665
1810,3040.0,3594.6666666666665,626.6666666666666,5050.666666666667,2754.6666666666665
1811,3034.6666666666665,3589.3333333333335,629.3333333333334,5048.0,2757.3333333333335
1812,3029.3333333333335,3584.0,629.3333333333334,5048.0,2760.0
1813,3024.0,3578.6666666666665,632.0,5045.333333333333,2765.3333333333335
1814,3018.6666666666665,3576.0,634.6666666666666,5040.0,2765.3333333333335
1815,3013.3333333333335,3570.6666666666665,632.0,5037.333333333333,2768.0
1816,3010.6666666666665,3565.3333333333335,632.0,5032.0,2770.6666666666665
1817,3005.3333333333335,3560.0,632.0,5029.333333333333,2770.6666666666665
1818,3002.6666666666665,3554.6666666666665,629.3333333333334,5026.666666666667,2776.0
1819,3000.0,3549.3333333333335,626.6666666666666,5024.0,2778.6666666666665
1820,2994.6666666666665,3544.0,624.0,5021.333333333333,2781.3333333333335
1821,2986.6666666666665,3538.6666666666665,624.0,5018.666666666667,2781.3333333333335
1822,2981.3333333333335,3536.0,621.3333333333334,5016.0,2784.0
1823,2978.6666666666665,3530.6666666666665,618.6666666666666,5010.666666666667,2786.6666666666665
1824,2976.0,3525.3333333333335,618.6666666666666,5008.0,2789.3333333333335
1825,2970.6666666666665,3520.0,618.6666666666666,5005.333333333333,2789.3333333333335
1826,2965.3333333333335,3514.6666666666665,618.6666666666666,5002.666666666667,2792.0
1827,2960.0,3509.3333333333335,616.0,5000.0,2794.6666666666665
1828,2954.6666666666665,3504.0,613.3333333333334,4997.333333333333,2800.0
1829,2949.3333333333335,3501.3333333333335,613.3333333333334,4994.666666666667,2802.6666666666665
1830,2944.0,3498.6666666666665,613.3333333333334,4992.0,2805.3333333333335
1831,2938.6666666666665,3496.0,616.0,4989.333333333333,2808.0
1832,2936.0,3490.6666666666665,618.6666666666666,4986.666666666667,2810.6666666666665
1833,2933.3333333333335,3485.3333333333335,621.3333333333334,4984.0,2816.0
1834,2928.0,3480.0,618.6666666666666,4981.333333333333,2818.6666666666665
1835,2925.3333333333335,3474.6666666666665,616.0,4978.666666666667,2818.6666666666665
1836,2922.6666666666665,3472.0,613.3333333333334,4976.0,2824.0
1837,2920.0,3466.6666666666665,616.0,4973.333333333333,2829.3333333333335
1838,2917.3333333333335,3464.0,613.3333333333334,4970.666666666667,2832.0
1839,2914.6666666666665,3461.3333333333335,613.3333333333334,4965.333333333333,2832.0
1840,2912.0,3456.0,613.3333333333334,4962.666666666667,2837.3333333333335
1841,2906.6666666666665,3453.3333333333335,613.3333333333334,4957.333333333333,2840.0
1842,2901.3333333333335,3448.0,613.3333333333334,4954.666666666667,2845.3333333333335
1843,2896.0,3440.0,613.3333333333334,4952.0,2848.0
1844,2890.6666666666665,3434.6666666666665,610.6666666666666,4952.0,2853.3333333333335
1845,2885.3333333333335,3432.0,613.3333333333334,4946.666666666667,2858.6666666666665
1846,2880.0,3426.6666666666665,613.3333333333334,4944.0,2861.3333333333335
1847,2874.6666666666665,3421.3333333333335,613.3333333333334,4941.333333333333,2866.6666666666665
1848,2869.3333333333335,3416.0,613.3333333333334,4941.333333333333,2869.3333333333335
1849,2861.3333333333335,3410.6666666666665,613.3333333333334,4938.666666666667,2872.0
1850,2856.0,3405.3333333333335,613.3333333333334,4936.0,2874.6666666666665
1851,2853.3333333333335,3400.0,613.3333333333334,4933.333333333333,2880.0
1852,2848.0,3394.6666666666665,616.0,4930.666666666667,2882.6666666666665
1853,2842.6666666666665,3392.0,616.0,4928.0,2885.3333333333335
1854,2837.3333333333335,3389.3333333333335,616.0,4925.333333333333,2888.0
1855,2834.6666666666665,3384.0,616.0,4922.666666666667,2893.3333333333335
1856,2832.0,3378.6666666666665,616.0,4920.0,2896.0
1857,2829.3333333333335,3373.3333333333335,616.0,4917.333333333333,2898.6666666666665
1858,2826.6666666666665,3370.6666666666665,618.6666666666666,4914.666666666667,2898.6666666666665
1859,2824.0,3365.3333333333335,621.3333333333334,4912.0,2901.3333333333335
1860,2821.3333333333335,3360.0,618.6666666666666,4909.333333333333,2904.0
1861,2818.6666666666665,3354.6666666666665,616.0,4904.0,2909.3333333333335
1862,2816.0,3349.3333333333335,616.0,4901.333333333333,2912.0
1863,2813.3333333333335,3344.0,616.0,4898.666666666667,2912.0
1864,2810.6666666666665,3338.6666666666665,618.6666666666666,4896.0,2914.6666666666665
1865,2805.3333333333335,3333.3333333333335,621.3333333333334,4890.666666666667,2920.0
1866,2800.0,3325.3333333333335,621.3333333333334,4888.0,2922.6666666666665
1867,2794.6666666666665,3320.0,621.3333333333334,4882.666666666667,2922.6666666666665
1868,2789.3333333333335,3314.6666666666665,624.0,4882.666666666667,2925.3333333333335
1869,2784.0,3309.3333333333335,624.0,4880.0,2930.6666666666665
1870,2778.6666666666665,3304.0,624.0,4880.0,2933.3333333333335
1871,2776.0,3298.6666666666665,621.3333333333334,4880.0,2938.6666666666665
1872,2770.6666666666665,3290.6666666666665,621.3333333333334,4874.666666666667,2941.3333333333335
1873,2765.3333333333335,3288.0,618.6666666666666,4869.333333333333,2944.0
1874,2760.0,3282.6666666666665,618.6666666666666,4864.0,2944.0
1875,2754.6666666666665,3274.6666666666665,618.6666666666666,4861.333333333333,2946.6666666666665
1876,2749.3333333333335,3272.0,621.3333333333334,4858.666666666667,2949.3333333333335
1877,2744.0,3266.6666666666665,621.3333333333334,4856.0,2952.0
1878,2738.6666666666665,3261.3333333333335,621.3333333333334,4850.666666666667,2954.6666666666665
1879,2736.0,3256.0,621.3333333333334,4848.0,2957.3333333333335
1880,2728.0,3250.6666666666665,621.3333333333334,4845.333333333333,2960.0
1881,2720.0,3248.0,624.0,4842.666666666667,2962.6666666666665
1882,2717.3333333333335,3242.6666666666665,624.0,4840.0,2965.3333333333335
1883,2712.0,3237.3333333333335,626.6666666666666,4837.333333333333,2968.0
1884,2706.6666666666665,3232.0,629.3333333333334,4834.666666666667,2973.3333333333335
1885,2701.3333333333335,3226.6666666666665,632.0,4832.0,2976.0
1886,2696.0,3221.3333333333335,632.0,4829.333333333333,2978.6666666666665
1887,2690.6666666666665,3216.0,632.0,4824.0,2981.3333333333335
1888,2685.3333333333335,3205.3333333333335,629.3333333333334,4821.333333333333,2986.6666666666665
1889,2677.3333333333335,3200.0,626.6666666666666,4818.666666666667,2992.0
1890,2669.3333333333335,3192.0,626.6666666666666,4816.0,2997.3333333333335
1891,2661.3333333333335,3186.6666666666665,626.6666666666666,4813.333333333333,3000.0
1892,2656.0,3181.3333333333335,624.0,4808.0,3005.3333333333335
1893,2648.0,3176.0,621.3333333333334,4805.333333333333,3010.6666666666665
1894,2640.0,3170.6666666666665,618.6666666666666,4800.0,3016.0
1895,2637.3333333333335,3165.3333333333335,618.6666666666666,4797.333333333333,3021.3333333333335
1896,2632.0,3160.0,618.6666666666666,4792.0,3024.0
1897,2626.6666666666665,3154.6666666666665,616.0,4789.333333333333,3029.3333333333335
1898,2621.3333333333335,3149.3333333333335,613.3333333333334,4784.0,3034.6666666666665
1899,2616.0,3144.0,616.0,4784.0,3037.3333333333335
1900,2610.6666666666665,3138.6666666666665,616.0,4778.666666666667,3040.0
1901,2605.3333333333335,3133.3333333333335,618.6666666666666,4773.333333333333,3042.6666666666665
1902,2602.6666666666665,3130.6666666666665,618.6666666666666,4770.666666666667,3048.0
1903,2597.3333333333335,3125.3333333333335,621.3333333333334,4768.0,3050.6666666666665
1904,2592.0,3120.0,624.0,4765.333333333333,3056.0
1905,2589.3333333333335,3117.3333333333335,624.0,4762.666666666667,3061.3333333333335
1906,2586.6666666666665,3112.0,624.0,4760.0,3064.0
1907,2581.3333333333335,3109.3333333333335,626.6666666666666,4757.333333333333,3066.6666666666665
1908,2578.6666666666665,3104.0,626.6666666666666,4754.666666666667,3072.0
1909,2573.3333333333335,3101.3333333333335,629.3333333333334,4749.333333333333,3077.3333333333335
1910,2573.3333333333335,3096.0,632.0,4746.666666666667,3082.6666666666665
1911,2570.6666666666665,3088.0,632.0,4741.333333333333,3085.3333333333335
1912,2565.3333333333335,3080.0,629.3333333333334,4736.0,3090.6666666666665
1913,2560.0,3074.6666666666665,626.6666666666666,4730.666666666667,3096.0
1914,2554.6666666666665,3069.3333333333335,624.0,4728.0,3098.6666666666665
1915,2549.3333333333335,3064.0,624.0,4725.333333333333,3101.3333333333335
1916,2544.0,3058.6666666666665,626.6666666666666,4720.0,3106.6666666666665
1917,2538.6666666666665,3053.3333333333335,626.6666666666666,4717.333333333333,3112.0
1918,2533.3333333333335,3050.6666666666665,626.6666666666666,4712.0,3114.6666666666665
1919,2528.0,3045.3333333333335,629.3333333333334,4706.666666666667,3117.3333333333335
1920,2525.3333333333335,3042.6666666666665,632.0,4701.333333333333,3120.0
1921,2520.0,3037.3333333333335,632.0,4698.666666666667,3122.6666666666665
1922,2514.6666666666665,3034.6666666666665,634.6666666666666,4696.0,3125.3333333333335
1923,2509.3333333333335,3032.0,634.6666666666666,4690.666666666667,3128.0
1924,2504.0,3029.3333333333335,637.3333333333334,4688.0,3130.6666666666665
1925,2498.6666666666665,3026.6666666666665,634.6666666666666,4685.333333333333,3130.6666666666665
1926,2493.3333333333335,3021.3333333333335,637.3333333333334,4682.666666666667,3136.0
1927,2490.6666666666665,3018.6666666666665,637.3333333333334,4680.0,3138.6666666666665
1928,2488.0,3016.0,637.3333333333334,4677.333333333333,3141.3333333333335
1929,2482.6666666666665,3013.3333333333335,634.6666666666666,4672.0,3146.6666666666665
1930,2477.3333333333335,3008.0,634.6666666666666,4669.333333333333,3152.0
1931,2472.0,3002.6666666666665,632.0,4666.666666666667,3157.3333333333335
1932,2466.6666666666665,3000.0,632.0,4661.333333333333,3160.0
1933,2464.0,2994.6666666666665,629.3333333333334,4656.0,3165.3333333333335
1934,2461.3333333333335,2989.3333333333335,626.6666666666666,4653.333333333333,3170.6666666666665
1935,2456.0,2984.0,626.6666666666666,4650.666666666667,3173.3333333333335
1936,2450.6666666666665,2978.6666666666665,624.0,4645.333333333333,3178.6666666666665
1937,2448.0,2973.3333333333335,621.3333333333334,4640.0,3184.0
1938,2442.6666666666665,2970.6666666666665,621.3333333333334,4634.666666666667,3186.6666666666665
1939,2440.0,2965.3333333333335,618.6666666666666,4632.0,3189.3333333333335
1940,2434.6666666666665,2962.6666666666665,618.6666666666666,4626.666666666667,3192.0
1941,2429.3333333333335,2957.3333333333335,616.0,4624.0,3200.0
1942,2426.6666666666665,2954.6666666666665,616.0,4621.333333333333,3202.6666666666665
1943,2421.3333333333335,2949.3333333333335,616.0,4618.666666666667,3205.3333333333335
1944,2416.0,2944.0,616.0,4613.333333333333,3208.0
1945,2410.6666666666665,2938.6666666666665,613.3333333333334,4608.0,3210.6666666666665
1946,2405.3333333333335,2936.0,610.6666666666666,4605.333333333333,3213.3333333333335
1947,2400.0,2930.6666666666665,610.6666666666666,4602.666666666667,3218.6666666666665
1948,2394.6666666666665,2928.0,610.6666666666666,4600.0,3221.3333333333335
1949,2392.0,2922.6666666666665,608.0,4597.333333333333,3224.0
1950,2386.6666666666665,2917.3333333333335,605.3333333333334,4594.666666666667,3229.3333333333335
1951,2381.3333333333335,2912.0,605.3333333333334,4592.0,3234.6666666666665
1952,2373.3333333333335,2906.6666666666665,602.6666666666666,4589.333333333333,3240.0
1953,2368.0,2901.3333333333335,602.6666666666666,4586.666666666667,3245.3333333333335
1954,2362.6666666666665,2896.0,600.0,4584.0,3250.6666666666665
1955,2357.3333333333335,2890.6666666666665,602.6666666666666,4578.666666666667,3256.0
1956,2352.0,2888.0,602.6666666666666,4573.333333333333,3261.3333333333335
1957,2346.6666666666665,2880.0,602.6666666666666,4568.0,3266.6666666666665
1958,2338.6666666666665,2872.0,605.3333333333334,4562.666666666667,3272.0
1959,2333.3333333333335,2866.6666666666665,608.0,4557.333333333333,3274.6666666666665
1960,2328.0,2864.0,610.6666666666666,4552.0,3277.3333333333335
1961,2322.6666666666665,2858.6666666666665,613.3333333333334,4546.666666666667,3280.0
1962,2317.3333333333335,2853.3333333333335,613.3333333333334,4544.0,3282.6666666666665
1963,2312.0,2850.6666666666665,613.3333333333334,4541.333333333333,3285.3333333333335
1964,2306.6666666666665,2845.3333333333335,613.3333333333334,4536.0,3288.0
1965,2301.3333333333335,2840.0,610.6666666666666,4530.666666666667,3290.6666666666665
1966,2296.0,2834.6666666666665,610.6666666666666,4528.0,3296.0
1967,2290.6666666666665,2826.6666666666665,610.6666666666666,4525.333333333333,3298.6666666666665
1968,2285.3333333333335,2821.3333333333335,610.6666666666666,4522.666666666667,3301.3333333333335
1969,2277.3333333333335,2816.0,613.3333333333334,4520.0,3306.6666666666665
1970,2272.0,2810.6666666666665,610.6666666666666,4517.333333333333,3312.0
1971,2266.6666666666665,2808.0,610.6666666666666,4512.0,3314.6666666666665
1972,2258.6666666666665,2802.6666666666665,610.6666666666666,4509.333333333333,3320.0
1973,2253.3333333333335,2800.0,610.6666666666666,4506.666666666667,3325.3333333333335
1974,2248.0,2797.3333333333335,610.6666666666666,4504.0,3330.6666666666665
1975,2242.6666666666665,2794.6666666666665,610.6666666666666,4501.333333333333,3336.0
1976,2237.3333333333335,2786.6666666666665,610.6666666666666,4498.666666666667,3341.3333333333335
1977,2232.0,2781.3333333333335,610.6666666666666,4496.0,3344.0
1978,2226.6666666666665,2776.0,610.6666666666666,4493.333333333333,3352.0
1979,2221.3333333333335,2773.3333333333335,610.6666666666666,4490.666666666667,3357.3333333333335
1980,2216.0,2770.6666666666665,610.6666666666666,4488.0,3360.0
1981,2213.3333333333335,2768.0,610.6666666666666,4482.666666666667,3362.6666666666665
1982,2210.6666666666665,2762.6666666666665,610.6666666666666,4477.333333333333,3368.0
1983,2208.0,2757.3333333333335,610.6666666666666,4474.666666666667,3370.6666666666665
1984,2205.3333333333335,2752.0,610.6666666666666,4469.333333333333,3373.3333333333335
1985,2200.0,2749.3333333333335,608.0,4466.666666666667,3376.0
1986,2197.3333333333335,2746.6666666666665,605.3333333333334,4464.0,3376.0
1987,2192.0,2744.0,605.3333333333334,4461.333333333333,3378.6666666666665
1988,2189.3333333333335,2741.3333333333335,605.3333333333334,4458.666666666667,3381.3333333333335
1989,2184.0,2733.3333333333335,605.3333333333334,4453.333333333333,3386.6666666666665
1990,2178.6666666666665,2728.0,602.6666666666666,4450.666666666667,3392.0
1991,2173.3333333333335,2725.3333333333335,602.6666666666666,4448.0,3394.6666666666665
1992,2168.0,2720.0,605.3333333333334,4445.333333333333,3397.3333333333335
1993,2162.6666666666665,2714.6666666666665,605.3333333333334,4442.666666666667,3402.6666666666665
1994,2157.3333333333335,2712.0,605.3333333333334,4440.0,3408.0
1995,2154.6666666666665,2706.6666666666665,605.3333333333334,4434.666666666667,3413.3333333333335
1996,2149.3333333333335,2701.3333333333335,605.3333333333334,4432.0,3416.0
1997,2144.0,2698.6666666666665,605.3333333333334,4426.666666666667,3424.0
1998,2138.6666666666665,2693.3333333333335,608.0,4421.333333333333,3429.3333333333335
1999,2133.3333333333335,2688.0,605.3333333333334,4416.0,3432.0
2000,2128.0,2685.3333333333335,605.3333333333334,4410.666666666667,3434.6666666666665
2001,2122.6666666666665,2680.0,605.3333333333334,4408.0,3440.0
2002,2120.0,2674.6666666666665,605.3333333333334,4402.666666666667,3445.3333333333335
2003,2117.3333333333335,2669.3333333333335,605.3333333333334,4397.333333333333,3450.6666666666665
2004,2114.6666666666665,2661.3333333333335,605.3333333333334,4392.0,3453.3333333333335
2005,2109.3333333333335,2656.0,605.3333333333334,4386.666666666667,3456.0
2006,2104.0,2653.3333333333335,605.3333333333334,4381.333333333333,3461.3333333333335
2007,2098.6666666666665,2650.6666666666665,605.3333333333334,4376.0,3464.0
2008,2093.3333333333335,2645.3333333333335,605.3333333333334,4370.666666666667,3464.0
2009,2088.0,2640.0,605.3333333333334,4365.333333333333,3469.3333333333335
2010,2082.6666666666665,2634.6666666666665,605.3333333333334,4357.333333333333,3474.6666666666665
2011,2077.3333333333335,2626.6666666666665,605.3333333333334,4352.0,3480.0
2012,2072.0,2621.3333333333335,605.3333333333334,4346.666666666667,3482.6666666666665
2013,2064.0,2618.6666666666665,605.3333333333334,4338.666666666667,3488.0
2014,2056.0,2613.3333333333335,605.3333333333334,4333.333333333333,3493.3333333333335
2015,2050.6666666666665,2605.3333333333335,605.3333333333334,4328.0,3501.3333333333335
2016,2042.6666666666667,2597.3333333333335,605.3333333333334,4322.666666666667,3506.6666666666665
2017,2034.6666666666667,2592.0,605.3333333333334,4317.333333333333,3512.0
2018,2026.6666666666667,2586.6666666666665,602.6666666666666,4312.0,3517.3333333333335
2019,2021.3333333333333,2584.0,600.0,4309.333333333333,3522.6666666666665
2020,2016.0,2578.6666666666665,600.0,4304.0,3528.0
2021,2010.6666666666667,2573.3333333333335,597.3333333333334,4298.666666666667,3536.0
2022,2005.3333333333333,2568.0,594.6666666666666,4293.333333333333,3544.0
2023,2002.6666666666667,2562.6666666666665,594.6666666666666,4285.333333333333,3549.3333333333335
2024,1997.3333333333333,2557.3333333333335,594.6666666666666,4280.0,3554.6666666666665
2025,1989.3333333333333,2554.6666666666665,594.6666666666666,4277.333333333333,3560.0
2026,1984.0,2552.0,594.6666666666666,4272.0,3565.3333333333335
2027,1978.6666666666667,2549.3333333333335,594.6666666666666,4269.333333333333,3570.6666666666665
2028,1973.3333333333333,2544.0,592.0,4266.666666666667,3576.0
2029,1970.6666666666667,2538.6666666666665,592.0,4261.333333333333,3581.3333333333335
2030,1962.6666666666667,2533.3333333333335,592.0,4256.0,3586.6666666666665
2031,1957.3333333333333,2530.6666666666665,592.0,4253.333333333333,3589.3333333333335
2032,1952.0,2528.0,594.6666666666666,4248.0,3592.0
2033,1944.0,2525.3333333333335,594.6666666666666,4245.333333333333,3597.3333333333335
2034,1938.6666666666667,2522.6666666666665,594.6666666666666,4240.0,3605.3333333333335
2035,1936.0,2517.3333333333335,594.6666666666666,4234.666666666667,3610.6666666666665
2036,1933.3333333333333,2512.0,594.6666666666666,4229.333333333333,3613.3333333333335
2037,1930.6666666666667,2506.6666666666665,594.6666666666666,4224.0,3621.3333333333335
2038,1928.0,2501.3333333333335,594.6666666666666,4218.666666666667,3629.3333333333335
2039,1925.3333333333333,2496.0,594.6666666666666,4213.333333333333,3634.6666666666665
2040,1920.0,2490.6666666666665,594.6666666666666,4210.666666666667,3640.0
2041,1914.6666666666667,2488.0,594.6666666666666,4208.0,3645.3333333333335
2042,1909.3333333333333,2485.3333333333335,597.3333333333334,4205.333333333333,3648.0
2043,1906.6666666666667,2480.0,597.3333333333334,4202.666666666667,3653.3333333333335
2044,1904.0,2474.6666666666665,597.3333333333334,4200.0,3658.6666666666665
2045,1898.6666666666667,2472.0,597.3333333333334,4197.333333333333,3661.3333333333335
2046,1896.0,2469.3333333333335,597.3333333333334,4192.0,3666.6666666666665
2047,1893.3333333333333,2466.6666666666665,597.3333333333334,4186.666666666667,3672.0
2048,1890.6666666666667,2464.0,597.3333333333334,4181.333333333333,3677.3333333333335
2049,1888.0,2461.3333333333335,597.3333333333334,4176.0,3680.0
2050,1885.3333333333333,2458.6666666666665,597.3333333333334,4170.666666666667,3682.6666666666665
2051,1882.6666666666667,2453.3333333333335,597.3333333333334,4165.333333333333,3688.0
2052,1877.3333333333333,2448.0,600.0,4160.0,3690.6666666666665
2053,1872.0,2442.6666666666665,600.0,4157.333333333333,3696.0
2054,1866.6666666666667,2437.3333333333335,600.0,4152.0,3698.6666666666665
2055,1861.3333333333333,2432.0,600.0,4146.666666666667,3704.0
2056,1858.6666666666667,2426.6666666666665,600.0,4141.333333333333,3709.3333333333335
2057,1853.3333333333333,2421.3333333333335,600.0,4136.0,3712.0
2058,1850.6666666666667,2418.6666666666665,600.0,4128.0,3717.3333333333335
2059,1845.3333333333333,2416.0,600.0,4125.333333333333,3722.6666666666665
2060,1842.6666666666667,2408.0,600.0,4120.0,3728.0
2061,1837.3333333333333,2402.6666666666665,600.0,4114.666666666667,3733.3333333333335
2062,1832.0,2397.3333333333335,597.3333333333334,4109.333333333333,3738.6666666666665
2063,1829.3333333333333,2392.0,597.3333333333334,4101.333333333333,3741.3333333333335
2064,1824.0,2389.3333333333335,597.3333333333334,4096.0,3744.0
2065,1818.6666666666667,2386.6666666666665,597.3333333333334,4090.6666666666665,3749.3333333333335
2066,1813.3333333333333,2381.3333333333335,597.3333333333334,4085.3333333333335,3757.3333333333335
2067,1808.0,2376.0,597.3333333333334,4080.0,3760.0
2068,1802.6666666666667,2373.3333333333335,597.3333333333334,4074.6666666666665,3765.3333333333335
2069,1797.3333333333333,2368.0,597.3333333333334,4069.3333333333335,3770.6666666666665
2070,1794.6666666666667,2362.6666666666665,597.3333333333334,4061.3333333333335,3776.0
2071,1789.3333333333333,2360.0,597.3333333333334,4053.3333333333335,3781.3333333333335
2072,1784.0,2354.6666666666665,594.6666666666666,4048.0,3789.3333333333335
2073,1778.6666666666667,2349.3333333333335,594.6666666666666,4042.6666666666665,3794.6666666666665
2074,1773.3333333333333,2346.6666666666665,594.6666666666666,4034.6666666666665,3800.0
2075,1768.0,2341.3333333333335,594.6666666666666,4026.6666666666665,3805.3333333333335
2076,1762.6666666666667,2333.3333333333335,594.6666666666666,4021.3333333333335,3810.6666666666665
2077,1757.3333333333333,2328.0,594.6666666666666,4016.0,3816.0
2078,1752.0,2322.6666666666665,594.6666666666666,4010.6666666666665,3824.0
2079,1746.6666666666667,2317.3333333333335,594.6666666666666,4002.6666666666665,3832.0
2080,1741.3333333333333,2312.0,594.6666666666666,3997.3333333333335,3840.0
2081,1736.0,2309.3333333333335,594.6666666666666,3992.0,3845.3333333333335
2082,1733.3333333333333,2304.0,592.0,3986.6666666666665,3853.3333333333335
2083,1728.0,2298.6666666666665,592.0,3981.3333333333335,3858.6666666666665
2084,1722.6666666666667,2293.3333333333335,594.6666666666666,3973.3333333333335,3866.6666666666665
2085,1717.3333333333333,2290.6666666666665,594.6666666666666,3965.3333333333335,3872.0
2086,1709.3333333333333,2288.0,594.6666666666666,3957.3333333333335,3877.3333333333335
2087,1704.0,2282.6666666666665,594.6666666666666,3949.3333333333335,3885.3333333333335
2088,1698.6666666666667,2277.3333333333335,594.6666666666666,3944.0,3890.6666666666665
2089,1696.0,2269.3333333333335,597.3333333333334,3933.3333333333335,3896.0
2090,1690.6666666666667,2266.6666666666665,597.3333333333334,3925.3333333333335,3901.3333333333335
2091,1688.0,2261.3333333333335,597.3333333333334,3914.6666666666665,3909.3333333333335
2092,1682.6666666666667,2256.0,597.3333333333334,3906.6666666666665,3917.3333333333335
2093,1677.3333333333333,2250.6666666666665,597.3333333333334,3901.3333333333335,3925.3333333333335
2094,1672.0,2245.3333333333335,600.0,3896.0,3933.3333333333335
2095,1666.6666666666667,2240.0,600.0,3888.0,3941.3333333333335
2096,1661.3333333333333,2234.6666666666665,600.0,3882.6666666666665,3946.6666666666665
2097,1656.0,2232.0,600.0,3874.6666666666665,3957.3333333333335
2098,1650.6666666666667,2224.0,600.0,3866.6666666666665,3962.6666666666665
2099,1645.3333333333333,2218.6666666666665,600.0,3861.3333333333335,3968.0
2100,1640.0,2213.3333333333335,600.0,3858.6666666666665,3973.3333333333335
2101,1637.3333333333333,2205.3333333333335,600.0,3856.0,3981.3333333333335
2102,1634.6666666666667,2200.0,600.0,3848.0,3989.3333333333335
2103,1632.0,2197.3333333333335,600.0,3840.0,3997.3333333333335
2104,1626.6666666666667,2194.6666666666665,600.0,3834.6666666666665,4005.3333333333335
2105,1624.0,2192.0,600.0,3826.6666666666665,4013.3333333333335
2106,1621.3333333333333,2189.3333333333335,600.0,3818.6666666666665,4021.3333333333335
2107,1618.6666666666667,2184.0,600.0,3810.6666666666665,4029.3333333333335
2108,1613.3333333333333,2178.6666666666665,602.6666666666666,3802.6666666666665,4034.6666666666665
2109,1610.6666666666667,2176.0,602.6666666666666,3797.3333333333335,4040.0
2110,1605.3333333333333,2170.6666666666665,602.6666666666666,3789.3333333333335,4045.3333333333335
2111,1602.6666666666667,2165.3333333333335,602.6666666666666,3778.6666666666665,4050.6666666666665
2112,1600.0,2162.6666666666665,602.6666666666666,3768.0,4056.0
2113,1594.6666666666667,2157.3333333333335,602.6666666666666,3757.3333333333335,4061.3333333333335
2114,1592.0,2152.0,602.6666666666666,3749.3333333333335,4066.6666666666665
2115,1586.6666666666667,2144.0,602.6666666666666,3741.3333333333335,4072.0
2116,1581.3333333333333,2138.6666666666665,602.6666666666666,3730.6666666666665,4077.3333333333335
2117,1578.6666666666667,2136.0,602.6666666666666,3722.6666666666665,4082.6666666666665
2118,1573.3333333333333,2130.6666666666665,602.6666666666666,3714.6666666666665,4090.6666666666665
2119,1565.3333333333333,2128.0,600.0,3706.6666666666665,4098.666666666667
2120,1560.0,2122.6666666666665,600.0,3698.6666666666665,4109.333333333333
2121,1557.3333333333333,2117.3333333333335,600.0,3690.6666666666665,4114.666666666667
2122,1552.0,2112.0,600.0,3682.6666666666665,4120.0
2123,1546.6666666666667,2104.0,600.0,3672.0,4125.333333333333
2124,1541.3333333333333,2098.6666666666665,597.3333333333334,3664.0,4133.333333333333
2125,1536.0,2093.3333333333335,597.3333333333334,3658.6666666666665,4141.333333333333
2126,1530.6666666666667,2090.6666666666665,597.3333333333334,3648.0,4149.333333333333
2127,1525.3333333333333,2085.3333333333335,597.3333333333334,3640.0,4157.333333333333
2128,1520.0,2082.6666666666665,597.3333333333334,3629.3333333333335,4165.333333333333
2129,1514.6666666666667,2077.3333333333335,597.3333333333334,3618.6666666666665,4176.0
2130,1509.3333333333333,2072.0,597.3333333333334,3605.3333333333335,4186.666666666667
2131,1504.0,2066.6666666666665,597.3333333333334,3592.0,4194.666666666667
2132,1498.6666666666667,2061.3333333333335,597.3333333333334,3584.0,4202.666666666667
2133,1493.3333333333333,2053.3333333333335,597.3333333333334,3573.3333333333335,4210.666666666667
2134,1490.6666666666667,2048.0,597.3333333333334,3562.6666666666665,4218.666666666667
2135,1482.6666666666667,2040.0,597.3333333333334,3554.6666666666665,4226.666666666667
2136,1477.3333333333333,2034.6666666666667,597.3333333333334,3544.0,4237.333333333333
2137,1469.3333333333333,2029.3333333333333,597.3333333333334,3536.0,4245.333333333333
2138,1464.0,2024.0,594.6666666666666,3525.3333333333335,4253.333333333333
2139,1456.0,2016.0,592.0,3517.3333333333335,4264.0
2140,1450.6666666666667,2010.6666666666667,589.3333333333334,3506.6666666666665,4274.666666666667
2141,1442.6666666666667,2005.3333333333333,589.3333333333334,3498.6666666666665,4285.333333333333
2142,1434.6666666666667,2000.0,592.0,3490.6666666666665,4298.666666666667
2143,1429.3333333333333,1997.3333333333333,592.0,3480.0,4312.0
2144,1424.0,1992.0,589.3333333333334,3472.0,4322.666666666667
2145,1421.3333333333333,1986.6666666666667,589.3333333333334,3461.3333333333335,4333.333333333333
2146,1416.0,1978.6666666666667,589.3333333333334,3456.0,4346.666666666667
2147,1410.6666666666667,1970.6666666666667,589.3333333333334,3445.3333333333335,4354.666666666667
2148,1405.3333333333333,1965.3333333333333,589.3333333333334,3434.6666666666665,4365.333333333333
2149,1402.6666666666667,1962.6666666666667,589.3333333333334,3426.6666666666665,4376.0
2150,1400.0,1957.3333333333333,589.3333333333334,3416.0,4384.0
2151,1394.6666666666667,1952.0,589.3333333333334,3408.0,4394.666666666667
2152,1392.0,1944.0,589.3333333333334,3400.0,4405.333333333333
2153,1389.3333333333333,1941.3333333333333,589.3333333333334,3389.3333333333335,4416.0
2154,1384.0,1936.0,589.3333333333334,3376.0,4426.666666666667
2155,1378.6666666666667,1930.6666666666667,589.3333333333334,3362.6666666666665,4437.333333333333
2156,1373.3333333333333,1925.3333333333333,589.3333333333334,3352.0,4450.666666666667
2157,1370.6666666666667,1917.3333333333333,589.3333333333334,3341.3333333333335,4458.666666666667
2158,1365.3333333333333,1912.0,589.3333333333334,3333.3333333333335,4469.333333333333
2159,1360.0,1906.6666666666667,589.3333333333334,3320.0,4480.0
2160,1354.6666666666667,1901.3333333333333,589.3333333333334,3309.3333333333335,4488.0
2161,1349.3333333333333,1896.0,589.3333333333334,3298.6666666666665,4496.0
2162,1344.0,1890.6666666666667,589.3333333333334,3285.3333333333335,4504.0
2163,1338.6666666666667,1885.3333333333333,589.3333333333334,3274.6666666666665,4514.666666666667
2164,1330.6666666666667,1880.0,589.3333333333334,3266.6666666666665,4525.333333333333
2165,1328.0,1874.6666666666667,589.3333333333334,3253.3333333333335,4538.666666666667
2166,1322.6666666666667,1869.3333333333333,589.3333333333334,3242.6666666666665,4549.333333333333
2167,1320.0,1864.0,589.3333333333334,3232.0,4562.666666666667
2168,1317.3333333333333,1858.6666666666667,589.3333333333334,3221.3333333333335,4576.0
2169,1314.6666666666667,1853.3333333333333,592.0,3210.6666666666665,4586.666666666667
2170,1309.3333333333333,1848.0,594.6666666666666,3200.0,4597.333333333333
2171,1304.0,1842.6666666666667,594.6666666666666,3189.3333333333335,4608.0
2172,1298.6666666666667,1837.3333333333333,592.0,3178.6666666666665,4618.666666666667
2173,1296.0,1832.0,592.0,3168.0,4626.666666666667
2174,1290.6666666666667,1829.3333333333333,592.0,3157.3333333333335,4640.0
2175,1285.3333333333333,1824.0,592.0,3146.6666666666665,4653.333333333333
2176,1282.6666666666667,1818.6666666666667,592.0,3133.3333333333335,4664.0
2177,1277.3333333333333,1813.3333333333333,592.0,3122.6666666666665,4674.666666666667
2178,1272.0,1808.0,594.6666666666666,3112.0,4685.333333333333
2179,1266.6666666666667,1800.0,594.6666666666666,3101.3333333333335,4696.0
2180,1261.3333333333333,1794.6666666666667,594.6666666666666,3093.3333333333335,4709.333333333333
2181,1256.0,1789.3333333333333,594.6666666666666,3080.0,4722.666666666667
2182,1250.6666666666667,1786.6666666666667,594.6666666666666,3066.6666666666665,4736.0
2183,1245.3333333333333,1781.3333333333333,594.6666666666666,3056.0,4749.333333333333
2184,1242.6666666666667,1773.3333333333333,594.6666666666666,3045.3333333333335,4760.0
2185,1240.0,1768.0,594.6666666666666,3034.6666666666665,4770.666666666667
2186,1234.6666666666667,1762.6666666666667,592.0,3024.0,4781.333333333333
2187,1226.6666666666667,1760.0,592.0,3013.3333333333335,4794.666666666667
2188,1224.0,1754.6666666666667,592.0,3002.6666666666665,4808.0
2189,1221.3333333333333,1749.3333333333333,592.0,2992.0,4818.666666666667
2190,1218.6666666666667,1746.6666666666667,592.0,2981.3333333333335,4832.0
2191,1216.0,1741.3333333333333,592.0,2970.6666666666665,4845.333333333333
2192,1210.6666666666667,1736.0,592.0,2960.0,4858.666666666667
2193,1205.3333333333333,1730.6666666666667,592.0,2949.3333333333335,4869.333333333333
2194,1202.6666666666667,1722.6666666666667,592.0,2936.0,4882.666666666667
2195,1197.3333333333333,1717.3333333333333,589.3333333333334,2928.0,4893.333333333333
2196,1192.0,1712.0,589.3333333333334,2917.3333333333335,4904.0
2197,1186.6666666666667,1706.6666666666667,586.6666666666666,2904.0,4914.666666666667
2198,1181.3333333333333,1701.3333333333333,586.6666666666666,2893.3333333333335,4925.333333333333
2199,1176.0,1696.0,586.6666666666666,2880.0,4936.0
2200,1173.3333333333333,1690.6666666666667,586.6666666666666,2869.3333333333335,4949.333333333333
2201,1170.6666666666667,1682.6666666666667,586.6666666666666,2858.6666666666665,4960.0
2202,1165.3333333333333,1677.3333333333333,586.6666666666666,2848.0,4970.666666666667
2203,1157.3333333333333,1672.0,584.0,2837.3333333333335,4986.666666666667
2204,1154.6666666666667,1666.6666666666667,581.3333333333334,2824.0,4997.333333333333
2205,1152.0,1664.0,581.3333333333334,2813.3333333333335,5010.666666666667
2206,1149.3333333333333,1658.6666666666667,581.3333333333334,2802.6666666666665,5021.333333333333
2207,1146.6666666666667,1653.3333333333333,581.3333333333334,2792.0,5037.333333333333
2208,1141.3333333333333,1648.0,578.6666666666666,2781.3333333333335,5050.666666666667
2209,1136.0,1645.3333333333333,578.6666666666666,2770.6666666666665,5064.0
2210,1130.6666666666667,1640.0,576.0,2760.0,5074.666666666667
2211,1125.3333333333333,1637.3333333333333,576.0,2749.3333333333335,5088.0
2212,1120.0,1632.0,573.3333333333334,2738.6666666666665,5101.333333333333
2213,1114.6666666666667,1626.6666666666667,573.3333333333334,2728.0,5114.666666666667
2214,1109.3333333333333,1624.0,573.3333333333334,2717.3333333333335,5128.0
2215,1104.0,1618.6666666666667,573.3333333333334,2706.6666666666665,5141.333333333333
2216,1101.3333333333333,1613.3333333333333,576.0,2696.0,5152.0
2217,1098.6666666666667,1608.0,576.0,2685.3333333333335,5162.666666666667
2218,1093.3333333333333,1602.6666666666667,576.0,2674.6666666666665,5176.0
2219,1085.3333333333333,1600.0,576.0,2666.6666666666665,5189.333333333333
2220,1080.0,1594.6666666666667,576.0,2658.6666666666665,5202.666666666667
2221,1074.6666666666667,1592.0,576.0,2648.0,5216.0
2222,1072.0,1586.6666666666667,576.0,2640.0,5229.333333333333
2223,1069.3333333333333,1581.3333333333333,576.0,2632.0,5242.666666666667
2224,1064.0,1576.0,573.3333333333334,2624.0,5253.333333333333
2225,1058.6666666666667,1570.6666666666667,573.3333333333334,2613.3333333333335,5264.0
2226,1053.3333333333333,1565.3333333333333,570.6666666666666,2605.3333333333335,5277.333333333333
2227,1048.0,1562.6666666666667,576.0,2597.3333333333335,5290.666666666667
2228,1042.6666666666667,1557.3333333333333,576.0,2586.6666666666665,5306.666666666667
2229,1037.3333333333333,1552.0,576.0,2573.3333333333335,5320.0
2230,1032.0,1546.6666666666667,576.0,2560.0,5333.333333333333
2231,1026.6666666666667,1544.0,576.0,2546.6666666666665,5349.333333333333
2232,1024.0,1538.6666666666667,576.0,2533.3333333333335,5360.0
2233,1021.3333333333334,1533.3333333333333,578.6666666666666,2522.6666666666665,5370.666666666667
2234,1016.0,1530.6666666666667,581.3333333333334,2512.0,5384.0
2235,1010.6666666666666,1525.3333333333333,578.6666666666666,2498.6666666666665,5394.666666666667
2236,1008.0,1522.6666666666667,578.6666666666666,2485.3333333333335,5408.0
2237,1005.3333333333334,1520.0,578.6666666666666,2472.0,5418.666666666667
2238,1002.6666666666666,1514.6666666666667,578.6666666666666,2458.6666666666665,5426.666666666667
2239,1000.0,1506.6666666666667,578.6666666666666,2445.3333333333335,5434.666666666667
2240,994.6666666666666,1501.3333333333333,581.3333333333334,2432.0,5442.666666666667
2241,992.0,1493.3333333333333,581.3333333333334,2421.3333333333335,5453.333333333333
2242,986.6666666666666,1488.0,584.0,2410.6666666666665,5466.666666666667
2243,981.3333333333334,1482.6666666666667,584.0,2397.3333333333335,5480.0
2244,976.0,1477.3333333333333,584.0,2384.0,5493.333333333333
2245,970.6666666666666,1472.0,584.0,2370.6666666666665,5506.666666666667
2246,965.3333333333334,1466.6666666666667,584.0,2357.3333333333335,5520.0
2247,960.0,1461.3333333333333,584.0,2341.3333333333335,5536.0
2248,954.6666666666666,1456.0,584.0,2325.3333333333335,5546.666666666667
2249,952.0,1448.0,584.0,2312.0,5560.0
2250,946.6666666666666,1442.6666666666667,581.3333333333334,2296.0,5573.333333333333
2251,941.3333333333334,1437.3333333333333,581.3333333333334,2282.6666666666665,5586.666666666667
2252,936.0,1434.6666666666667,581.3333333333334,2264.0,5600.0
2253,930.6666666666666,1429.3333333333333,578.6666666666666,2248.0,5613.333333333333
2254,928.0,1424.0,581.3333333333334,2229.3333333333335,5626.666666666667
2255,922.6666666666666,1418.6666666666667,584.0,2216.0,5640.0
2256,920.0,1416.0,586.6666666666666,2200.0,5650.666666666667
2257,914.6666666666666,1408.0,584.0,2184.0,5666.666666666667
2258,909.3333333333334,1402.6666666666667,584.0,2170.6666666666665,5677.333333333333
2259,904.0,1400.0,584.0,2160.0,5690.666666666667
2260,898.6666666666666,1394.6666666666667,581.3333333333334,2146.6666666666665,5704.0
2261,896.0,1389.3333333333333,581.3333333333334,2133.3333333333335,5717.333333333333
2262,890.6666666666666,1384.0,581.3333333333334,2122.6666666666665,5733.333333333333
2263,885.3333333333334,1378.6666666666667,581.3333333333334,2109.3333333333335,5746.666666666667
2264,880.0,1368.0,581.3333333333334,2096.0,5760.0
2265,874.6666666666666,1362.6666666666667,584.0,2085.3333333333335,5773.333333333333
2266,866.6666666666666,1357.3333333333333,581.3333333333334,2074.6666666666665,5789.333333333333
2267,858.6666666666666,1352.0,581.3333333333334,2061.3333333333335,5805.333333333333
2268,853.3333333333334,1349.3333333333333,578.6666666666666,2048.0,5824.0
2269,848.0,1344.0,578.6666666666666,2034.6666666666667,5842.666666666667
2270,845.3333333333334,1338.6666666666667,578.6666666666666,2021.3333333333333,5861.333333333333
2271,837.3333333333334,1333.3333333333333,578.6666666666666,2008.0,5874.666666666667
2272,834.6666666666666,1328.0,578.6666666666666,1994.6666666666667,5888.0
2273,832.0,1322.6666666666667,578.6666666666666,1984.0,5901.333333333333
2274,829.3333333333334,1317.3333333333333,578.6666666666666,1970.6666666666667,5914.666666666667
2275,824.0,1312.0,578.6666666666666,1957.3333333333333,5928.0
2276,818.6666666666666,1306.6666666666667,578.6666666666666,1944.0,5941.333333333333
2277,813.3333333333334,1301.3333333333333,578.6666666666666,1933.3333333333333,5952.0
2278,810.6666666666666,1296.0,578.6666666666666,1922.6666666666667,5965.333333333333
2279,805.3333333333334,1293.3333333333333,578.6666666666666,1909.3333333333333,5976.0
2280,800.0,1288.0,578.6666666666666,1898.6666666666667,5989.333333333333
2281,794.6666666666666,1282.6666666666667,578.6666666666666,1888.0,6002.666666666667
2282,789.3333333333334,1277.3333333333333,578.6666666666666,1877.3333333333333,6016.0
2283,784.0,1274.6666666666667,581.3333333333334,1861.3333333333333,6029.333333333333
2284,781.3333333333334,1269.3333333333333,581.3333333333334,1850.6666666666667,6042.666666666667
2285,778.6666666666666,1266.6666666666667,578.6666666666666,1837.3333333333333,6056.0
2286,773.3333333333334,1258.6666666666667,578.6666666666666,1826.6666666666667,6069.333333333333
2287,770.6666666666666,1256.0,578.6666666666666,1816.0,6077.333333333333
2288,768.0,1250.6666666666667,578.6666666666666,1805.3333333333333,6090.666666666667
2289,765.3333333333334,1245.3333333333333,578.6666666666666,1794.6666666666667,6104.0
2290,765.3333333333334,1240.0,581.3333333333334,1784.0,6114.666666666667
2291,760.0,1237.3333333333333,581.3333333333334,1770.6666666666667,6128.0
2292,757.3333333333334,1232.0,581.3333333333334,1757.3333333333333,6138.666666666667
2293,754.6666666666666,1226.6666666666667,581.3333333333334,1746.6666666666667,6149.333333333333
2294,749.3333333333334,1224.0,581.3333333333334,1733.3333333333333,6160.0
2295,744.0,1218.6666666666667,581.3333333333334,1722.6666666666667,6173.333333333333
2296,738.6666666666666,1213.3333333333333,584.0,1712.0,6184.0
2297,736.0,1208.0,584.0,1701.3333333333333,6197.333333333333
2298,730.6666666666666,1202.6666666666667,586.6666666666666,1690.6666666666667,6210.666666666667
2299,725.3333333333334,1200.0,586.6666666666666,1677.3333333333333,6224.0
2300,720.0,1194.6666666666667,586.6666666666666,1666.6666666666667,6237.333333333333
2301,717.3333333333334,1192.0,586.6666666666666,1653.3333333333333,6250.666666666667
2302,712.0,1186.6666666666667,586.6666666666666,1642.6666666666667,6261.333333333333
2303,706.6666666666666,1184.0,586.6666666666666,1629.3333333333333,6274.666666666667
2304,701.3333333333334,1178.6666666666667,586.6666666666666,1618.6666666666667,6288.0
2305,698.6666666666666,1176.0,586.6666666666666,1608.0,6301.333333333333
2306,696.0,1173.3333333333333,586.6666666666666,1594.6666666666667,6314.666666666667
2307,693.3333333333334,1168.0,586.6666666666666,1581.3333333333333,6328.0
2308,688.0,1162.6666666666667,586.6666666666666,1568.0,6341.333333333333
2309,685.3333333333334,1157.3333333333333,586.6666666666666,1554.6666666666667,6354.666666666667
2310,682.6666666666666,1152.0,589.3333333333334,1541.3333333333333,6365.333333333333
2311,677.3333333333334,1146.6666666666667,586.6666666666666,1528.0,6376.0
2312,672.0,1141.3333333333333,586.6666666666666,1517.3333333333333,6389.333333333333
2313,666.6666666666666,1136.0,586.6666666666666,1506.6666666666667,6402.666666666667
2314,658.6666666666666,1133.3333333333333,586.6666666666666,1493.3333333333333,6416.0
2315,653.3333333333334,1128.0,586.6666666666666,1480.0,6429.333333333333
2316,648.0,1125.3333333333333,584.0,1466.6666666666667,6445.333333333333
2317,642.6666666666666,1120.0,584.0,1453.3333333333333,6458.666666666667
2318,637.3333333333334,1114.6666666666667,584.0,1440.0,6469.333333333333
2319,632.0,1109.3333333333333,584.0,1429.3333333333333,6482.666666666667
2320,624.0,1106.6666666666667,584.0,1418.6666666666667,6496.0
2321,618.6666666666666,1101.3333333333333,584.0,1410.6666666666667,6506.666666666667
2322,613.3333333333334,1096.0,581.3333333333334,1397.3333333333333,6520.0
2323,608.0,1090.6666666666667,578.6666666666666,1384.0,6536.0
2324,605.3333333333334,1085.3333333333333,578.6666666666666,1373.3333333333333,6549.333333333333
2325,600.0,1080.0,576.0,1360.0,6562.666666666667
2326,597.3333333333334,1074.6666666666667,576.0,1346.6666666666667,6573.333333333333
2327,592.0,1069.3333333333333,573.3333333333334,1336.0,6584.0
2328,586.6666666666666,1064.0,570.6666666666666,1325.3333333333333,6594.666666666667
2329,581.3333333333334,1058.6666666666667,570.6666666666666,1314.6666666666667,6608.0
2330,576.0,1056.0,570.6666666666666,1301.3333333333333,6621.333333333333
2331,570.6666666666666,1050.6666666666667,570.6666666666666,1290.6666666666667,6634.666666666667
2332,565.3333333333334,1048.0,570.6666666666666,1274.6666666666667,6648.0
2333,560.0,1040.0,568.0,1264.0,6658.666666666667
2334,554.6666666666666,1037.3333333333333,565.3333333333334,1253.3333333333333,6669.333333333333
2335,549.3333333333334,1032.0,565.3333333333334,1242.6666666666667,6682.666666666667
2336,544.0,1026.6666666666667,565.3333333333334,1234.6666666666667,6696.0
2337,538.6666666666666,1024.0,562.6666666666666,1224.0,6709.333333333333
2338,533.3333333333334,1021.3333333333334,560.0,1210.6666666666667,6722.666666666667
2339,528.0,1016.0,560.0,1197.3333333333333,6736.0
2340,522.6666666666666,1010.6666666666666,560.0,1186.6666666666667,6749.333333333333
2341,520.0,1005.3333333333334,562.6666666666666,1173.3333333333333,6762.666666666667
2342,517.3333333333334,1000.0,560.0,1162.6666666666667,6773.333333333333
2343,512.0,994.6666666666666,557.3333333333334,1154.6666666666667,6786.666666666667
2344,506.6666666666667,989.3333333333334,557.3333333333334,1146.6666666666667,6800.0
2345,501.3333333333333,984.0,557.3333333333334,1136.0,6813.333333333333
2346,498.6666666666667,978.6666666666666,560.0,1128.0,6824.0
2347,496.0,973.3333333333334,557.3333333333334,1120.0,6837.333333333333
2348,493.3333333333333,970.6666666666666,554.6666666666666,1112.0,6850.666666666667
2349,488.0,965.3333333333334,554.6666666666666,1101.3333333333333,6861.333333333333
2350,482.6666666666667,960.0,554.6666666666666,1093.3333333333333,6874.666666666667
2351,477.3333333333333,954.6666666666666,552.0,1085.3333333333333,6888.0
2352,472.0,952.0,552.0,1074.6666666666667,6904.0
2353,466.6666666666667,949.3333333333334,552.0,1061.3333333333333,6917.333333333333
2354,461.3333333333333,946.6666666666666,549.3333333333334,1048.0,6933.333333333333
2355,458.6666666666667,944.0,549.3333333333334,1034.6666666666667,6946.666666666667
2356,453.3333333333333,941.3333333333334,549.3333333333334,1021.3333333333334,6960.0
2357,448.0,938.6666666666666,552.0,1008.0,6970.666666666667
2358,445.3333333333333,936.0,554.6666666666666,994.6666666666666,6984.0
2359,442.6666666666667,933.3333333333334,554.6666666666666,984.0,6994.666666666667
2360,440.0,930.6666666666666,554.6666666666666,973.3333333333334,7005.333333333333
2361,437.3333333333333,925.3333333333334,552.0,962.6666666666666,7016.0
2362,434.6666666666667,920.0,549.3333333333334,952.0,7024.0
2363,432.0,917.3333333333334,549.3333333333334,938.6666666666666,7034.666666666667
2364,426.6666666666667,912.0,549.3333333333334,925.3333333333334,7045.333333333333
2365,421.3333333333333,906.6666666666666,546.6666666666666,912.0,7053.333333333333
2366,416.0,901.3333333333334,544.0,898.6666666666666,7064.0
2367,410.6666666666667,896.0,544.0,888.0,7077.333333333333
2368,405.3333333333333,890.6666666666666,544.0,877.3333333333334,7090.666666666667
2369,400.0,885.3333333333334,541.3333333333334,866.6666666666666,7104.0
2370,394.6666666666667,882.6666666666666,538.6666666666666,853.3333333333334,7117.333333333333
2371,389.3333333333333,880.0,538.6666666666666,842.6666666666666,7130.666666666667
2372,381.3333333333333,874.6666666666666,538.6666666666666,829.3333333333334,7144.0
2373,378.6666666666667,869.3333333333334,538.6666666666666,816.0,7154.666666666667
2374,376.0,864.0,536.0,802.6666666666666,7168.0
2375,373.3333333333333,858.6666666666666,536.0,792.0,7181.333333333333
2376,365.3333333333333,853.3333333333334,533.3333333333334,776.0,7197.333333333333
2377,357.3333333333333,848.0,533.3333333333334,760.0,7210.666666666667
2378,352.0,842.6666666666666,533.3333333333334,744.0,7226.666666666667
2379,349.3333333333333,837.3333333333334,530.6666666666666,728.0,7240.0
2380,344.0,832.0,528.0,712.0,7250.666666666667
2381,338.6666666666667,826.6666666666666,528.0,696.0,7264.0
2382,333.3333333333333,818.6666666666666,528.0,685.3333333333334,7274.666666666667
2383,328.0,813.3333333333334,528.0,677.3333333333334,7288.0
2384,322.6666666666667,808.0,528.0,666.6666666666666,7301.333333333333
2385,320.0,802.6666666666666,528.0,653.3333333333334,7312.0
2386,314.6666666666667,794.6666666666666,525.3333333333334,642.6666666666666,7328.0
2387,309.3333333333333,789.3333333333334,522.6666666666666,632.0,7341.333333333333
2388,304.0,781.3333333333334,520.0,621.3333333333334,7354.666666666667
2389,298.6666666666667,776.0,517.3333333333334,610.6666666666666,7368.0
2390,293.3333333333333,768.0,514.6666666666666,600.0,7384.0
2391,288.0,765.3333333333334,514.6666666666666,586.6666666666666,7397.333333333333
2392,282.6666666666667,760.0,514.6666666666666,573.3333333333334,7416.0
2393,277.3333333333333,754.6666666666666,514.6666666666666,562.6666666666666,7429.333333333333
2394,274.6666666666667,749.3333333333334,514.6666666666666,552.0,7445.333333333333
2395,272.0,744.0,514.6666666666666,541.3333333333334,7461.333333333333
2396,266.6666666666667,738.6666666666666,514.6666666666666,528.0,7474.666666666667
2397,261.3333333333333,733.3333333333334,514.6666666666666,517.3333333333334,7485.333333333333
2398,256.0,728.0,514.6666666666666,509.3333333333333,7498.666666666667
2399,253.33333333333334,725.3333333333334,514.6666666666666,498.6666666666667,7512.0
2400,250.66666666666666,720.0,514.6666666666666,488.0,7525.333333333333
2401,248.0,714.6666666666666,512.0,477.3333333333333,7538.666666666667
2402,245.33333333333334,712.0,514.6666666666666,466.6666666666667,7552.0
2403,240.0,706.6666666666666,514.6666666666666,456.0,7565.333333333333
2404,234.66666666666666,701.3333333333334,514.6666666666666,445.3333333333333,7578.666666666667
2405,229.33333333333334,698.6666666666666,514.6666666666666,434.6666666666667,7592.0
2406,226.66666666666666,696.0,512.0,426.6666666666667,7602.666666666667
2407,224.0,693.3333333333334,512.0,418.6666666666667,7616.0
2408,218.66666666666666,690.6666666666666,512.0,408.0,7629.333333333333
2409,216.0,685.3333333333334,512.0,397.3333333333333,7642.666666666667
2410,213.33333333333334,680.0,512.0,386.6666666666667,7658.666666666667
2411,210.66666666666666,674.6666666666666,512.0,373.3333333333333,7672.0
2412,208.0,672.0,512.0,360.0,7682.666666666667
2413,202.66666666666666,666.6666666666666,512.0,349.3333333333333,7693.333333333333
2414,200.0,661.3333333333334,512.0,341.3333333333333,7704.0
2415,192.0,656.0,512.0,333.3333333333333,7717.333333333333
2416,189.33333333333334,653.3333333333334,512.0,322.6666666666667,7728.0
2417,184.0,648.0,509.3333333333333,312.0,7741.333333333333
2418,181.33333333333334,642.6666666666666,509.3333333333333,301.3333333333333,7754.666666666667
2419,176.0,634.6666666666666,509.3333333333333,290.6666666666667,7765.333333333333
2420,170.66666666666666,629.3333333333334,509.3333333333333,280.0,7773.333333333333
2421,165.33333333333334,624.0,509.3333333333333,272.0,7789.333333333333
2422,160.0,618.6666666666666,509.3333333333333,266.6666666666667,7802.666666666667
2423,157.33333333333334,616.0,509.3333333333333,256.0,7816.0
2424,152.0,613.3333333333334,509.3333333333333,245.33333333333334,7829.333333333333
2425,146.66666666666666,608.0,509.3333333333333,234.66666666666666,7840.0
2426,144.0,600.0,509.3333333333333,226.66666666666666,7853.333333333333
2427,144.0,594.6666666666666,509.3333333333333,216.0,7866.666666666667
2428,141.33333333333334,589.3333333333334,506.6666666666667,205.33333333333334,7877.333333333333
2429,138.66666666666666,584.0,504.0,197.33333333333334,7888.0
2430,133.33333333333334,578.6666666666666,504.0,189.33333333333334,7901.333333333333
2431,128.0,573.3333333333334,504.0,181.33333333333334,7914.666666666667
2432,125.33333333333333,568.0,501.3333333333333,176.0,7928.0
2433,122.66666666666667,562.6666666666666,498.6666666666667,165.33333333333334,7941.333333333333
2434,120.0,560.0,496.0,157.33333333333334,7952.0
2435,114.66666666666667,554.6666666666666,493.3333333333333,146.66666666666666,7962.666666666667
2436,112.0,549.3333333333334,493.3333333333333,136.0,7973.333333333333
2437,109.33333333333333,544.0,490.6666666666667,125.33333333333333,7984.0
2438,106.66666666666667,538.6666666666666,488.0,120.0,7992.0
2439,101.33333333333333,536.0,485.3333333333333,112.0,8002.666666666667
2440,98.66666666666667,530.6666666666666,482.6666666666667,106.66666666666667,8010.666666666667
2441,96.0,525.3333333333334,480.0,101.33333333333333,8018.666666666667
2442,93.33333333333333,520.0,477.3333333333333,98.66666666666667,8029.333333333333
2443,90.66666666666667,517.3333333333334,474.6666666666667,90.66666666666667,8037.333333333333
2444,88.0,512.0,472.0,82.66666666666667,8045.333333333333
2445,85.33333333333333,506.6666666666667,466.6666666666667,77.33333333333333,8056.0
2446,82.66666666666667,501.3333333333333,464.0,72.0,8064.0
2447,82.66666666666667,496.0,464.0,66.66666666666667,8074.666666666667
2448,80.0,490.6666666666667,461.3333333333333,61.333333333333336,8082.666666666667
2449,80.0,488.0,456.0,56.0,8093.333333333333
2450,80.0,482.6666666666667,453.3333333333333,53.333333333333336,8104.0
2451,77.33333333333333,477.3333333333333,450.6666666666667,50.666666666666664,8109.333333333333
2452,77.33333333333333,474.6666666666667,448.0,45.333333333333336,8114.666666666667
2453,72.0,469.3333333333333,445.3333333333333,42.666666666666664,8122.666666666667
2454,72.0,464.0,442.6666666666667,40.0,8128.0
2455,72.0,461.3333333333333,440.0,37.333333333333336,8136.0
2456,72.0,458.6666666666667,437.3333333333333,34.666666666666664,8138.666666666667
2457,66.66666666666667,453.3333333333333,432.0,32.0,8144.0
2458,64.0,448.0,429.3333333333333,29.333333333333332,8146.666666666667
2459,58.666666666666664,442.6666666666667,426.6666666666667,26.666666666666668,8152.0
2460,56.0,437.3333333333333,424.0,24.0,8154.666666666667
2461,56.0,432.0,421.3333333333333,21.333333333333332,8157.333333333333
2462,56.0,426.6666666666667,416.0,16.0,8160.0
2463,56.0,424.0,413.3333333333333,16.0,8162.666666666667
2464,56.0,418.6666666666667,410.6666666666667,13.333333333333334,8165.333333333333
2465,58.666666666666664,413.3333333333333,408.0,13.333333333333334,8168.0
2466,58.666666666666664,405.3333333333333,405.3333333333333,13.333333333333334,8168.0
2467,56.0,400.0,400.0,13.333333333333334,8170.666666666667
2468,56.0,394.6666666666667,397.3333333333333,10.666666666666666,8173.333333333333
2469,56.0,389.3333333333333,394.6666666666667,10.666666666666666,8176.0
2470,53.333333333333336,386.6666666666667,389.3333333333333,8.0,8178.666666666667
2471,50.666666666666664,384.0,384.0,8.0,8181.333333333333
2472,48.0,378.6666666666667,381.3333333333333,5.333333333333333,8184.0
2473,48.0,370.6666666666667,376.0,5.333333333333333,8186.666666666667
2474,48.0,365.3333333333333,370.6666666666667,5.333333333333333,8189.333333333333
2475,48.0,360.0,368.0,8.0,8189.333333333333
2476,48.0,354.6666666666667,362.6666666666667,8.0,8192.0
2477,45.333333333333336,352.0,357.3333333333333,10.666666666666666,8192.0
2478,42.666666666666664,349.3333333333333,352.0,10.666666666666666,8192.0
2479,40.0,344.0,349.3333333333333,10.666666666666666,8192.0
2480,40.0,341.3333333333333,344.0,8.0,8192.0
2481,42.666666666666664,336.0,338.6666666666667,5.333333333333333,8192.0
2482,40.0,330.6666666666667,333.3333333333333,8.0,8194.666666666666
2483,40.0,325.3333333333333,328.0,8.0,8194.666666666666
2484,40.0,320.0,322.6666666666667,8.0,8194.666666666666
2485,40.0,314.6666666666667,317.3333333333333,10.666666666666666,8194.666666666666
2486,40.0,312.0,312.0,10.666666666666666,8197.333333333334
2487,40.0,306.6666666666667,309.3333333333333,13.333333333333334,8194.666666666666
2488,40.0,301.3333333333333,304.0,13.333333333333334,8197.333333333334
2489,40.0,296.0,298.6666666666667,13.333333333333334,8197.333333333334
2490,34.666666666666664,290.6666666666667,290.6666666666667,13.333333333333334,8197.333333333334
2491,34.666666666666664,285.3333333333333,282.6666666666667,13.333333333333334,8197.333333333334
2492,34.666666666666664,280.0,277.3333333333333,13.333333333333334,8197.333333333334
2493,32.0,274.6666666666667,272.0,16.0,8197.333333333334
2494,29.333333333333332,269.3333333333333,266.6666666666667,16.0,8197.333333333334
2495,29.333333333333332,264.0,261.3333333333333,18.666666666666668,8197.333333333334
2496,29.333333333333332,261.3333333333333,256.0,18.666666666666668,8200.0
2497,29.333333333333332,253.33333333333334,253.33333333333334,18.666666666666668,8200.0
2498,26.666666666666668,245.33333333333334,245.33333333333334,18.666666666666668,8200.0
2499,26.666666666666668,240.0,237.33333333333334,21.333333333333332,8200.0
2500,29.333333333333332,232.0,232.0,21.333333333333332,8200.0
2501,32.0,226.66666666666666,226.66666666666666,21.333333333333332,8200.0
2502,32.0,221.33333333333334,218.66666666666666,24.0,8200.0
2503,34.666666666666664,216.0,213.33333333333334,24.0,8200.0
2504,34.666666666666664,210.66666666666666,208.0,26.666666666666668,8200.0
2505,34.666666666666664,205.33333333333334,202.66666666666666,24.0,8200.0
2506,32.0,200.0,197.33333333333334,24.0,8200.0
2507,34.666666666666664,192.0,192.0,21.333333333333332,8200.0
2508,37.333333333333336,186.66666666666666,186.66666666666666,21.333333333333332,8200.0
2509,40.0,181.33333333333334,181.33333333333334,21.333333333333332,8200.0
2510,37.333333333333336,176.0,176.0,21.333333333333332,8200.0
2511,34.666666666666664,170.66666666666666,170.66666666666666,21.333333333333332,8200.0
2512,37.333333333333336,162.66666666666666,165.33333333333334,18.666666666666668,8197.333333333334
2513,37.333333333333336,154.66666666666666,160.0,18.666666666666668,8197.333333333334
2514,34.666666666666664,146.66666666666666,154.66666666666666,18.666666666666668,8197.333333333334
2515,32.0,141.33333333333334,149.33333333333334,16.0,8197.333333333334
2516,26.666666666666668,136.0,144.0,16.0,8197.333333333334
2517,29.333333333333332,130.66666666666666,138.66666666666666,13.333333333333334,8202.666666666666
2518,32.0,125.33333333333333,136.0,16.0,8205.333333333334
2519,32.0,120.0,130.66666666666666,16.0,8205.333333333334
2520,37.333333333333336,114.66666666666667,125.33333333333333,16.0,8205.333333333334
2521,37.333333333333336,109.33333333333333,120.0,16.0,8208.0
2522,34.666666666666664,104.0,114.66666666666667,18.666666666666668,8208.0
2523,34.666666666666664,98.66666666666667,109.33333333333333,18.666666666666668,8210.666666666666
2524,37.333333333333336,93.33333333333333,104.0,21.333333333333332,8213.333333333334
2525,34.666666666666664,88.0,98.66666666666667,18.666666666666668,8213.333333333334
2526,32.0,82.66666666666667,93.33333333333333,18.666666666666668,8213.333333333334
2527,32.0,80.0,88.0,18.666666666666668,8213.333333333334
2528,34.666666666666664,77.33333333333333,85.33333333333333,18.666666666666668,8213.333333333334
2529,32.0,69.33333333333333,82.66666666666667,16.0,8213.333333333334
2530,32.0,66.66666666666667,80.0,16.0,8213.333333333334
2531,32.0,61.333333333333336,77.33333333333333,16.0,8213.333333333334
2532,34.666666666666664,58.666666666666664,74.66666666666667,16.0,8213.333333333334
2533,32.0,56.0,72.0,18.666666666666668,8216.0
2534,29.333333333333332,50.666666666666664,69.33333333333333,16.0,8216.0
2535,26.666666666666668,45.333333333333336,66.66666666666667,18.666666666666668,8216.0
2536,29.333333333333332,40.0,61.333333333333336,21.333333333333332,8218.666666666666
2537,29.333333333333332,34.666666666666664,56.0,24.0,8218.666666666666
2538,26.666666666666668,29.333333333333332,50.666666666666664,26.666666666666668,8221.333333333334
2539,24.0,24.0,45.333333333333336,26.666666666666668,8221.333333333334
2540,26.666666666666668,18.666666666666668,42.666666666666664,26.666666666666668,8221.333333333334
2541,26.666666666666668,13.333333333333334,40.0,26.666666666666668,8224.0
2542,24.0,13.333333333333334,37.333333333333336,26.666666666666668,8224.0
2543,24.0,13.333333333333334,32.0,29.333333333333332,8224.0
2544,26.666666666666668,13.333333333333334,29.333333333333332,32.0,8224.0
2545,29.333333333333332,8.0,26.666666666666668,32.0,8224.0
2546,32.0,5.333333333333333,24.0,32.0,8224.0
2547,32.0,2.6666666666666665,21.333333333333332,34.666666666666664,8221.333333333334
2548,29.333333333333332,2.6666666666666665,18.666666666666668,34.666666666666664,8221.333333333334
2549,32.0,0.0,18.666666666666668,34.666666666666664,8221.333333333334
2550,32.0,0.0,18.666666666666668,37.333333333333336,8221.333333333334
2551,32.0,2.6666666666666665,18.666666666666668,37.333333333333336,8218.666666666666
2552,32.0,2.6666666666666665,18.666666666666668,34.666666666666664,8221.333333333334
2553,34.666666666666664,5.333333333333333,18.666666666666668,32.0,8218.666666666666
2554,32.0,5.333333333333333,21.333333333333332,32.0,8218.666666666666
2555,32.0,5.333333333333333,21.333333333333332,34.666666666666664,8218.666666666666
2556,32.0,5.333333333333333,21.333333333333332,34.666666666666664,8218.666666666666
2557,32.0,5.333333333333333,21.333333333333332,34.666666666666664,8218.666666666666
2558,29.333333333333332,8.0,24.0,34.666666666666664,8218.666666666666
2559,32.0,13.333333333333334,26.666666666666668,34.666666666666664,8221.333333333334
2560,32.0,16.0,26.666666666666668,34.666666666666664,8221.333333333334
2561,29.333333333333332,18.666666666666668,29.333333333333332,37.333333333333336,8221.333333333334
2562,26.666666666666668,21.333333333333332,32.0,34.666666666666664,8224.0
2563,29.333333333333332,24.0,32.0,32.0,8221.333333333334
2564,29.333333333333332,26.666666666666668,34.666666666666664,34.666666666666664,8221.333333333334
2565,34.666666666666664,32.0,37.333333333333336,32.0,8221.333333333334
2566,32.0,37.333333333333336,42.666666666666664,29.333333333333332,8218.666666666666
2567,29.333333333333332,42.666666666666664,48.0,26.666666666666668,8221.333333333334
2568,29.333333333333332,48.0,53.333333333333336,24.0,8221.333333333334
2569,32.0,53.333333333333336,58.666666666666664,24.0,8221.333333333334
2570,29.333333333333332,58.666666666666664,61.333333333333336,24.0,8221.333333333334
2571,32.0,64.0,64.0,24.0,8221.333333333334
2572,32.0,66.66666666666667,66.66666666666667,24.0,8221.333333333334
2573,34.666666666666664,72.0,72.0,21.333333333333332,8224.0
2574,32.0,77.33333333333333,74.66666666666667,21.333333333333332,8224.0
2575,32.0,85.33333333333333,80.0,24.0,8226.666666666666
2576,34.666666666666664,90.66666666666667,85.33333333333333,26.666666666666668,8226.666666666666
2577,34.666666666666664,98.66666666666667,90.66666666666667,24.0,8226.666666666666
2578,37.333333333333336,104.0,96.0,24.0,8226.666666666666
2579,34.666666666666664,112.0,101.33333333333333,24.0,8229.333333333334
2580,37.333333333333336,117.33333333333333,106.66666666666667,21.333333333333332,8232.0
2581,37.333333333333336,120.0,112.0,21.333333333333332,8234.666666666666
2582,37.333333333333336,125.33333333333333,117.33333333333333,21.333333333333332,8232.0
2583,34.666666666666664,130.66666666666666,125.33333333333333,21.333333333333332,8234.666666666666
2584,37.333333333333336,138.66666666666666,128.0,21.333333333333332,8232.0
2585,37.333333333333336,144.0,133.33333333333334,21.333333333333332,8234.666666666666
2586,40.0,149.33333333333334,138.66666666666666,24.0,8237.333333333334
2587,40.0,157.33333333333334,144.0,24.0,8240.0
2588,42.666666666666664,162.66666666666666,146.66666666666666,26.666666666666668,8240.0
2589,42.666666666666664,168.0,149.33333333333334,26.666666666666668,8237.333333333334
2590,42.666666666666664,170.66666666666666,154.66666666666666,26.666666666666668,8240.0
2591,45.333333333333336,176.0,160.0,24.0,8242.666666666666
2592,48.0,181.33333333333334,162.66666666666666,24.0,8242.666666666666
2593,45.333333333333336,186.66666666666666,170.66666666666666,26.666666666666668,8245.333333333334
2594,48.0,194.66666666666666,176.0,26.666666666666668,8245.333333333334
2595,45.333333333333336,200.0,181.33333333333334,26.666666666666668,8245.333333333334
2596,48.0,205.33333333333334,186.66666666666666,29.333333333333332,8248.0
2597,48.0,210.66666666666666,192.0,32.0,8248.0
2598,50.666666666666664,218.66666666666666,200.0,32.0,8248.0
2599,50.666666666666664,224.0,205.33333333333334,32.0,8248.0
2600,50.666666666666664,229.33333333333334,210.66666666666666,32.0,8248.0
2601,48.0,234.66666666666666,216.0,32.0,8248.0
2602,48.0,240.0,221.33333333333334,32.0,8248.0
2603,48.0,242.66666666666666,226.66666666666666,32.0,8248.0
2604,50.666666666666664,245.33333333333334,232.0,32.0,8248.0
2605,48.0,250.66666666666666,234.66666666666666,32.0,8245.333333333334
2606,45.333333333333336,256.0,240.0,29.333333333333332,8248.0
2607,45.333333333333336,261.3333333333333,245.33333333333334,29.333333333333332,8248.0
2608,42.666666666666664,266.6666666666667,250.66666666666666,26.666666666666668,8248.0
2609,45.333333333333336,272.0,256.0,26.666666666666668,8245.333333333334
2610,42.666666666666664,277.3333333333333,258.6666666666667,29.333333333333332,8242.666666666666
2611,40.0,282.6666666666667,261.3333333333333,29.333333333333332,8242.666666666666
2612,42.666666666666664,290.6666666666667,266.6666666666667,29.333333333333332,8242.666666666666
2613,45.333333333333336,293.3333333333333,269.3333333333333,29.333333333333332,8242.666666666666
2614,45.333333333333336,296.0,277.3333333333333,26.666666666666668,8245.333333333334
2615,48.0,301.3333333333333,282.6666666666667,26.666666666666668,8242.666666666666
2616,48.0,306.6666666666667,288.0,24.0,8242.666666666666
2617,50.666666666666664,312.0,296.0,24.0,8240.0
2618,50.666666666666664,314.6666666666667,301.3333333333333,21.333333333333332,8242.666666666666
2619,50.666666666666664,317.3333333333333,309.3333333333333,24.0,8245.333333333334
2620,50.666666666666664,325.3333333333333,314.6666666666667,26.666666666666668,8245.333333333334
2621,48.0,330.6666666666667,320.0,29.333333333333332,8245.333333333334
2622,45.333333333333336,336.0,328.0,32.0,8242.666666666666
2623,45.333333333333336,341.3333333333333,333.3333333333333,32.0,8240.0
2624,42.666666666666664,346.6666666666667,338.6666666666667,32.0,8240.0
2625,42.666666666666664,352.0,344.0,34.666666666666664,8242.666666666666
2626,40.0,357.3333333333333,349.3333333333333,37.333333333333336,8242.666666666666
2627,40.0,362.6666666666667,354.6666666666667,37.333333333333336,8242.666666666666
2628,37.333333333333336,365.3333333333333,357.3333333333333,42.666666666666664,8242.666666666666
2629,40.0,370.6666666666667,362.6666666666667,45.333333333333336,8242.666666666666
2630,42.666666666666664,378.6666666666667,368.0,50.666666666666664,8242.666666666666
2631,45.333333333333336,384.0,373.3333333333333,53.333333333333336,8242.666666666666
2632,48.0,389.3333333333333,378.6666666666667,58.666666666666664,8242.666666666666
2633,48.0,394.6666666666667,384.0,64.0,8242.666666666666
2634,48.0,400.0,389.3333333333333,66.66666666666667,8242.666666666666
2635,50.666666666666664,405.3333333333333,394.6666666666667,69.33333333333333,8242.666666666666
2636,50.666666666666664,410.6666666666667,397.3333333333333,74.66666666666667,8242.666666666666
2637,48.0,413.3333333333333,400.0,80.0,8242.666666666666
2638,50.666666666666664,418.6666666666667,402.6666666666667,85.33333333333333,8240.0
2639,50.666666666666664,424.0,405.3333333333333,93.33333333333333,8240.0
2640,53.333333333333336,426.6666666666667,410.6666666666667,98.66666666666667,8237.333333333334
2641,56.0,432.0,416.0,106.66666666666667,8232.0
2642,56.0,434.6666666666667,421.3333333333333,114.66666666666667,8232.0
2643,56.0,440.0,426.6666666666667,122.66666666666667,8226.666666666666
2644,56.0,445.3333333333333,426.6666666666667,130.66666666666666,8224.0
2645,56.0,450.6666666666667,429.3333333333333,136.0,8224.0
2646,58.666666666666664,456.0,434.6666666666667,144.0,8221.333333333334
2647,58.666666666666664,458.6666666666667,437.3333333333333,152.0,8218.666666666666
2648,58.666666666666664,464.0,442.6666666666667,160.0,8213.333333333334
2649,58.666666666666664,469.3333333333333,445.3333333333333,168.0,8208.0
2650,58.666666666666664,472.0,450.6666666666667,176.0,8202.666666666666
2651,64.0,474.6666666666667,453.3333333333333,184.0,8197.333333333334
2652,66.66666666666667,477.3333333333333,456.0,192.0,8194.666666666666
2653,69.33333333333333,482.6666666666667,458.6666666666667,200.0,8189.333333333333
2654,72.0,488.0,461.3333333333333,208.0,8186.666666666667
2655,77.33333333333333,493.3333333333333,464.0,218.66666666666666,8178.666666666667
2656,80.0,498.6666666666667,466.6666666666667,224.0,8170.666666666667
2657,85.33333333333333,504.0,469.3333333333333,234.66666666666666,8162.666666666667
2658,90.66666666666667,509.3333333333333,472.0,242.66666666666666,8154.666666666667
2659,88.0,514.6666666666666,472.0,253.33333333333334,8149.333333333333
2660,90.66666666666667,517.3333333333334,474.6666666666667,261.3333333333333,8144.0
2661,90.66666666666667,522.6666666666666,477.3333333333333,272.0,8136.0
2662,93.33333333333333,528.0,480.0,282.6666666666667,8130.666666666667
2663,96.0,530.6666666666666,482.6666666666667,290.6666666666667,8120.0
2664,98.66666666666667,536.0,485.3333333333333,298.6666666666667,8112.0
2665,101.33333333333333,538.6666666666666,488.0,309.3333333333333,8101.333333333333
2666,106.66666666666667,541.3333333333334,490.6666666666667,320.0,8090.666666666667
2667,109.33333333333333,549.3333333333334,490.6666666666667,330.6666666666667,8082.666666666667
2668,112.0,554.6666666666666,493.3333333333333,344.0,8074.666666666667
2669,114.66666666666667,560.0,496.0,352.0,8066.666666666667
2670,114.66666666666667,565.3333333333334,498.6666666666667,360.0,8061.333333333333
2671,117.33333333333333,570.6666666666666,501.3333333333333,368.0,8053.333333333333
2672,122.66666666666667,576.0,501.3333333333333,376.0,8042.666666666667
2673,125.33333333333333,581.3333333333334,501.3333333333333,386.6666666666667,8034.666666666667
2674,128.0,586.6666666666666,504.0,397.3333333333333,8024.0
2675,130.66666666666666,592.0,506.6666666666667,408.0,8013.333333333333
2676,130.66666666666666,597.3333333333334,506.6666666666667,421.3333333333333,8002.666666666667
2677,136.0,602.6666666666666,506.6666666666667,432.0,7994.666666666667
2678,141.33333333333334,608.0,506.6666666666667,445.3333333333333,7986.666666666667
2679,144.0,613.3333333333334,506.6666666666667,456.0,7976.0
2680,146.66666666666666,618.6666666666666,506.6666666666667,466.6666666666667,7965.333333333333
2681,146.66666666666666,624.0,506.6666666666667,477.3333333333333,7954.666666666667
2682,149.33333333333334,632.0,506.6666666666667,488.0,7944.0
2683,154.66666666666666,637.3333333333334,506.6666666666667,498.6666666666667,7933.333333333333
2684,160.0,642.6666666666666,506.6666666666667,512.0,7922.666666666667
2685,162.66666666666666,648.0,506.6666666666667,522.6666666666666,7914.666666666667
2686,168.0,653.3333333333334,506.6666666666667,536.0,7906.666666666667
2687,170.66666666666666,658.6666666666666,506.6666666666667,544.0,7893.333333333333
2688,173.33333333333334,664.0,506.6666666666667,554.6666666666666,7882.666666666667
2689,178.66666666666666,669.3333333333334,509.3333333333333,568.0,7869.333333333333
2690,181.33333333333334,674.6666666666666,509.3333333333333,581.3333333333334,7856.0
2691,186.66666666666666,680.0,509.3333333333333,592.0,7842.666666666667
2692,189.33333333333334,688.0,509.3333333333333,602.6666666666666,7832.0
2693,194.66666666666666,696.0,509.3333333333333,616.0,7821.333333333333
2694,200.0,701.3333333333334,509.3333333333333,629.3333333333334,7810.666666666667
2695,202.66666666666666,706.6666666666666,509.3333333333333,640.0,7800.0
2696,208.0,714.6666666666666,509.3333333333333,653.3333333333334,7786.666666666667
2697,213.33333333333334,717.3333333333334,512.0,666.6666666666666,7773.333333333333
2698,216.0,722.6666666666666,512.0,677.3333333333334,7762.666666666667
2699,221.33333333333334,728.0,512.0,690.6666666666666,7749.333333333333
2700,229.33333333333334,736.0,512.0,704.0,7736.0
2701,234.66666666666666,738.6666666666666,512.0,717.3333333333334,7725.333333333333
2702,237.33333333333334,744.0,512.0,730.6666666666666,7712.0
2703,242.66666666666666,749.3333333333334,512.0,741.3333333333334,7698.666666666667
2704,248.0,752.0,512.0,754.6666666666666,7685.333333333333
2705,253.33333333333334,757.3333333333334,512.0,768.0,7672.0
2706,258.6666666666667,762.6666666666666,512.0,778.6666666666666,7661.333333333333
2707,261.3333333333333,768.0,512.0,792.0,7648.0
2708,264.0,773.3333333333334,514.6666666666666,802.6666666666666,7634.666666666667
2709,269.3333333333333,778.6666666666666,514.6666666666666,813.3333333333334,7624.0
2710,274.6666666666667,784.0,517.3333333333334,824.0,7610.666666666667
2711,282.6666666666667,789.3333333333334,517.3333333333334,834.6666666666666,7597.333333333333
2712,288.0,792.0,517.3333333333334,848.0,7584.0
2713,290.6666666666667,797.3333333333334,517.3333333333334,861.3333333333334,7573.333333333333
2714,293.3333333333333,800.0,520.0,872.0,7560.0
2715,296.0,802.6666666666666,520.0,882.6666666666666,7546.666666666667
2716,298.6666666666667,808.0,522.6666666666666,893.3333333333334,7533.333333333333
2717,304.0,813.3333333333334,522.6666666666666,906.6666666666666,7522.666666666667
2718,309.3333333333333,818.6666666666666,522.6666666666666,917.3333333333334,7509.333333333333
2719,314.6666666666667,821.3333333333334,522.6666666666666,928.0,7498.666666666667
2720,320.0,826.6666666666666,522.6666666666666,938.6666666666666,7488.0
2721,325.3333333333333,832.0,522.6666666666666,954.6666666666666,7477.333333333333
2722,330.6666666666667,834.6666666666666,525.3333333333334,965.3333333333334,7464.0
2723,333.3333333333333,840.0,528.0,976.0,7450.666666666667
2724,336.0,845.3333333333334,528.0,989.3333333333334,7437.333333333333
2725,341.3333333333333,850.6666666666666,528.0,1000.0,7426.666666666667
2726,344.0,853.3333333333334,530.6666666666666,1010.6666666666666,7413.333333333333
2727,349.3333333333333,858.6666666666666,530.6666666666666,1021.3333333333334,7400.0
2728,354.6666666666667,861.3333333333334,530.6666666666666,1034.6666666666667,7384.0
2729,357.3333333333333,866.6666666666666,530.6666666666666,1048.0,7370.666666666667
2730,360.0,869.3333333333334,530.6666666666666,1061.3333333333333,7357.333333333333
2731,362.6666666666667,874.6666666666666,530.6666666666666,1074.6666666666667,7344.0
2732,368.0,877.3333333333334,530.6666666666666,1085.3333333333333,7333.333333333333
2733,373.3333333333333,882.6666666666666,530.6666666666666,1098.6666666666667,7322.666666666667
2734,378.6666666666667,888.0,530.6666666666666,1106.6666666666667,7309.333333333333
2735,384.0,893.3333333333334,530.6666666666666,1117.3333333333333,7296.0
2736,389.3333333333333,898.6666666666666,533.3333333333334,1130.6666666666667,7280.0
2737,394.6666666666667,904.0,533.3333333333334,1144.0,7266.666666666667
2738,397.3333333333333,909.3333333333334,533.3333333333334,1157.3333333333333,7253.333333333333
2739,402.6666666666667,914.6666666666666,536.0,1170.6666666666667,7240.0
2740,408.0,920.0,533.3333333333334,1184.0,7229.333333333333
2741,410.6666666666667,925.3333333333334,536.0,1194.6666666666667,7218.666666666667
2742,416.0,930.6666666666666,538.6666666666666,1205.3333333333333,7205.333333333333
2743,421.3333333333333,933.3333333333334,538.6666666666666,1216.0,7192.0
2744,426.6666666666667,938.6666666666666,536.0,1229.3333333333333,7178.666666666667
2745,432.0,946.6666666666666,538.6666666666666,1242.6666666666667,7165.333333333333
2746,437.3333333333333,952.0,538.6666666666666,1256.0,7152.0
2747,440.0,954.6666666666666,538.6666666666666,1272.0,7141.333333333333
2748,445.3333333333333,960.0,538.6666666666666,1285.3333333333333,7130.666666666667
2749,450.6666666666667,968.0,541.3333333333334,1293.3333333333333,7117.333333333333
2750,456.0,970.6666666666666,541.3333333333334,1306.6666666666667,7104.0
2751,458.6666666666667,973.3333333333334,544.0,1317.3333333333333,7088.0
2752,464.0,976.0,544.0,1330.6666666666667,7074.666666666667
2753,469.3333333333333,981.3333333333334,544.0,1344.0,7064.0
2754,472.0,986.6666666666666,546.6666666666666,1354.6666666666667,7053.333333333333
2755,477.3333333333333,992.0,549.3333333333334,1368.0,7042.666666666667
2756,482.6666666666667,997.3333333333334,549.3333333333334,1378.6666666666667,7032.0
2757,488.0,1002.6666666666666,549.3333333333334,1389.3333333333333,7021.333333333333
2758,493.3333333333333,1008.0,549.3333333333334,1400.0,7010.666666666667
2759,498.6666666666667,1010.6666666666666,552.0,1408.0,6997.333333333333
2760,506.6666666666667,1016.0,552.0,1418.6666666666667,6984.0
2761,512.0,1021.3333333333334,554.6666666666666,1429.3333333333333,6973.333333333333
2762,514.6666666666666,1026.6666666666667,554.6666666666666,1442.6666666666667,6962.666666666667
2763,520.0,1029.3333333333333,557.3333333333334,1453.3333333333333,6952.0
2764,522.6666666666666,1034.6666666666667,557.3333333333334,1466.6666666666667,6941.333333333333
2765,525.3333333333334,1037.3333333333333,560.0,1477.3333333333333,6928.0
2766,530.6666666666666,1042.6666666666667,560.0,1488.0,6914.666666666667
2767,536.0,1048.0,560.0,1498.6666666666667,6901.333333333333
2768,544.0,1053.3333333333333,557.3333333333334,1509.3333333333333,6888.0
2769,549.3333333333334,1058.6666666666667,554.6666666666666,1520.0,6877.333333333333
2770,554.6666666666666,1064.0,557.3333333333334,1533.3333333333333,6864.0
2771,560.0,1069.3333333333333,557.3333333333334,1546.6666666666667,6850.666666666667
2772,565.3333333333334,1074.6666666666667,557.3333333333334,1560.0,6840.0
2773,570.6666666666666,1077.3333333333333,557.3333333333334,1570.6666666666667,6826.666666666667
2774,573.3333333333334,1082.6666666666667,560.0,1581.3333333333333,6813.333333333333
2775,578.6666666666666,1085.3333333333333,557.3333333333334,1592.0,6800.0
2776,584.0,1088.0,554.6666666666666,1605.3333333333333,6786.666666666667
2777,589.3333333333334,1093.3333333333333,557.3333333333334,1613.3333333333333,6773.333333333333
2778,592.0,1096.0,560.0,1624.0,6760.0
2779,594.6666666666666,1098.6666666666667,560.0,1640.0,6752.0
2780,600.0,1106.6666666666667,560.0,1648.0,6741.333333333333
2781,605.3333333333334,1112.0,560.0,1656.0,6730.666666666667
2782,610.6666666666666,1117.3333333333333,557.3333333333334,1669.3333333333333,6717.333333333333
2783,613.3333333333334,1120.0,557.3333333333334,1680.0,6704.0
2784,621.3333333333334,1125.3333333333333,557.3333333333334,1690.6666666666667,6690.666666666667
2785,624.0,1130.6666666666667,557.3333333333334,1704.0,6677.333333333333
2786,626.6666666666666,1136.0,557.3333333333334,1717.3333333333333,6666.666666666667
2787,632.0,1141.3333333333333,560.0,1728.0,6656.0
2788,637.3333333333334,1146.6666666666667,562.6666666666666,1736.0,6642.666666666667
2789,642.6666666666666,1152.0,562.6666666666666,1749.3333333333333,6632.0
2790,645.3333333333334,1157.3333333333333,565.3333333333334,1760.0,6621.333333333333
2791,650.6666666666666,1162.6666666666667,565.3333333333334,1773.3333333333333,6608.0
2792,656.0,1168.0,568.0,1786.6666666666667,6594.666666666667
2793,658.6666666666666,1173.3333333333333,568.0,1797.3333333333333,6581.333333333333
2794,664.0,1178.6666666666667,568.0,1810.6666666666667,6570.666666666667
2795,669.3333333333334,1184.0,568.0,1824.0,6562.666666666667
2796,672.0,1186.6666666666667,568.0,1832.0,6552.0
2797,674.6666666666666,1189.3333333333333,570.6666666666666,1842.6666666666667,6538.666666666667
2798,677.3333333333334,1192.0,573.3333333333334,1856.0,6528.0
2799,680.0,1194.6666666666667,576.0,1869.3333333333333,6512.0
2800,682.6666666666666,1200.0,576.0,1880.0,6501.333333333333
2801,688.0,1205.3333333333333,576.0,1893.3333333333333,6488.0
2802,690.6666666666666,1208.0,576.0,1904.0,6477.333333333333
2803,696.0,1213.3333333333333,578.6666666666666,1917.3333333333333,6466.666666666667
2804,704.0,1218.6666666666667,578.6666666666666,1928.0,6456.0
2805,712.0,1224.0,578.6666666666666,1938.6666666666667,6442.666666666667
2806,714.6666666666666,1226.6666666666667,581.3333333333334,1949.3333333333333,6432.0
2807,717.3333333333334,1232.0,581.3333333333334,1962.6666666666667,6418.666666666667
2808,720.0,1237.3333333333333,581.3333333333334,1976.0,6405.333333333333
2809,725.3333333333334,1242.6666666666667,578.6666666666666,1986.6666666666667,6389.333333333333
2810,728.0,1245.3333333333333,581.3333333333334,2000.0,6376.0
2811,733.3333333333334,1253.3333333333333,581.3333333333334,2013.3333333333333,6365.333333333333
2812,736.0,1258.6666666666667,584.0,2021.3333333333333,6352.0
2813,741.3333333333334,1264.0,584.0,2034.6666666666667,6336.0
2814,744.0,1269.3333333333333,584.0,2048.0,6322.666666666667
2815,749.3333333333334,1272.0,584.0,2058.6666666666665,6309.333333333333
2816,754.6666666666666,1277.3333333333333,584.0,2069.3333333333335,6296.0
2817,760.0,1280.0,584.0,2082.6666666666665,6282.666666666667
2818,765.3333333333334,1285.3333333333333,584.0,2096.0,6272.0
2819,770.6666666666666,1290.6666666666667,584.0,2106.6666666666665,6258.666666666667
2820,776.0,1296.0,584.0,2117.3333333333335,6245.333333333333
2821,781.3333333333334,1298.6666666666667,584.0,2128.0,6232.0
2822,784.0,1304.0,581.3333333333334,2141.3333333333335,6218.666666666667
2823,789.3333333333334,1309.3333333333333,581.3333333333334,2157.3333333333335,6205.333333333333
2824,792.0,1314.6666666666667,584.0,2170.6666666666665,6192.0
2825,797.3333333333334,1320.0,584.0,2184.0,6176.0
2826,802.6666666666666,1328.0,584.0,2200.0,6165.333333333333
2827,808.0,1336.0,584.0,2210.6666666666665,6154.666666666667
2828,816.0,1341.3333333333333,584.0,2221.3333333333335,6141.333333333333
2829,821.3333333333334,1346.6666666666667,584.0,2232.0,6128.0
2830,826.6666666666666,1349.3333333333333,584.0,2245.3333333333335,6114.666666666667
2831,829.3333333333334,1352.0,584.0,2258.6666666666665,6104.0
2832,834.6666666666666,1357.3333333333333,584.0,2272.0,6090.666666666667
2833,837.3333333333334,1365.3333333333333,584.0,2285.3333333333335,6080.0
2834,840.0,1370.6666666666667,584.0,2298.6666666666665,6069.333333333333
2835,840.0,1373.3333333333333,586.6666666666666,2312.0,6058.666666666667
2836,848.0,1381.3333333333333,586.6666666666666,2322.6666666666665,6042.666666666667
2837,856.0,1386.6666666666667,586.6666666666666,2336.0,6029.333333333333
2838,864.0,1392.0,586.6666666666666,2349.3333333333335,6018.666666666667
2839,869.3333333333334,1397.3333333333333,589.3333333333334,2362.6666666666665,6005.333333333333
2840,872.0,1402.6666666666667,589.3333333333334,2376.0,5992.0
2841,877.3333333333334,1405.3333333333333,589.3333333333334,2389.3333333333335,5978.666666666667
2842,882.6666666666666,1410.6666666666667,589.3333333333334,2402.6666666666665,5968.0
2843,888.0,1416.0,589.3333333333334,2413.3333333333335,5957.333333333333
2844,893.3333333333334,1418.6666666666667,589.3333333333334,2424.0,5946.666666666667
2845,898.6666666666666,1424.0,589.3333333333334,2437.3333333333335,5933.333333333333
2846,904.0,1426.6666666666667,589.3333333333334,2450.6666666666665,5920.0
2847,906.6666666666666,1432.0,589.3333333333334,2464.0,5906.666666666667
2848,909.3333333333334,1437.3333333333333,589.3333333333334,2480.0,5893.333333333333
2849,914.6666666666666,1442.6666666666667,589.3333333333334,2493.3333333333335,5882.666666666667
2850,920.0,1448.0,589.3333333333334,2506.6666666666665,5872.0
2851,925.3333333333334,1456.0,589.3333333333334,2517.3333333333335,5858.666666666667
2852,930.6666666666666,1461.3333333333333,592.0,2528.0,5845.333333333333
2853,933.3333333333334,1464.0,592.0,2541.3333333333335,5832.0
2854,941.3333333333334,1469.3333333333333,589.3333333333334,2552.0,5818.666666666667
2855,944.0,1474.6666666666667,589.3333333333334,2562.6666666666665,5808.0
2856,946.6666666666666,1477.3333333333333,589.3333333333334,2573.3333333333335,5794.666666666667
2857,952.0,1480.0,589.3333333333334,2586.6666666666665,5784.0
2858,954.6666666666666,1485.3333333333333,589.3333333333334,2597.3333333333335,5770.666666666667
2859,960.0,1490.6666666666667,589.3333333333334,2608.0,5760.0
2860,965.3333333333334,1496.0,589.3333333333334,2618.6666666666665,5744.0
2861,970.6666666666666,1501.3333333333333,589.3333333333334,2629.3333333333335,5728.0
2862,976.0,1509.3333333333333,589.3333333333334,2640.0,5712.0
2863,981.3333333333334,1512.0,589.3333333333334,2650.6666666666665,5696.0
2864,986.6666666666666,1517.3333333333333,589.3333333333334,2661.3333333333335,5682.666666666667
2865,994.6666666666666,1522.6666666666667,589.3333333333334,2672.0,5669.333333333333
2866,997.3333333333334,1525.3333333333333,589.3333333333334,2685.3333333333335,5656.0
2867,1002.6666666666666,1528.0,589.3333333333334,2693.3333333333335,5642.666666666667
2868,1008.0,1533.3333333333333,592.0,2704.0,5626.666666666667
2869,1013.3333333333334,1538.6666666666667,592.0,2714.6666666666665,5613.333333333333
2870,1018.6666666666666,1544.0,592.0,2725.3333333333335,5600.0
2871,1021.3333333333334,1549.3333333333333,592.0,2738.6666666666665,5586.666666666667
2872,1026.6666666666667,1557.3333333333333,592.0,2749.3333333333335,5573.333333333333
2873,1032.0,1562.6666666666667,592.0,2760.0,5562.666666666667
2874,1037.3333333333333,1568.0,592.0,2770.6666666666665,5546.666666666667
2875,1042.6666666666667,1573.3333333333333,589.3333333333334,2781.3333333333335,5533.333333333333
2876,1048.0,1578.6666666666667,586.6666666666666,2792.0,5520.0
2877,1053.3333333333333,1584.0,586.6666666666666,2805.3333333333335,5506.666666666667
2878,1058.6666666666667,1589.3333333333333,586.6666666666666,2816.0,5493.333333333333
2879,1061.3333333333333,1592.0,586.6666666666666,2826.6666666666665,5480.0
2880,1064.0,1597.3333333333333,586.6666666666666,2837.3333333333335,5466.666666666667
2881,1066.6666666666667,1600.0,586.6666666666666,2848.0,5456.0
2882,1072.0,1605.3333333333333,586.6666666666666,2856.0,5442.666666666667
2883,1080.0,1613.3333333333333,586.6666666666666,2864.0,5429.333333333333
2884,1082.6666666666667,1618.6666666666667,589.3333333333334,2877.3333333333335,5416.0
2885,1088.0,1624.0,589.3333333333334,2890.6666666666665,5402.666666666667
2886,1093.3333333333333,1629.3333333333333,589.3333333333334,2904.0,5389.333333333333
2887,1096.0,1634.6666666666667,592.0,2914.6666666666665,5373.333333333333
2888,1101.3333333333333,1640.0,592.0,2928.0,5360.0
2889,1106.6666666666667,1645.3333333333333,592.0,2941.3333333333335,5346.666666666667
2890,1112.0,1650.6666666666667,592.0,2949.3333333333335,5336.0
2891,1117.3333333333333,1656.0,592.0,2960.0,5325.333333333333
2892,1120.0,1658.6666666666667,592.0,2970.6666666666665,5314.666666666667
2893,1125.3333333333333,1666.6666666666667,592.0,2984.0,5301.333333333333
2894,1130.6666666666667,1672.0,592.0,2997.3333333333335,5285.333333333333
2895,1133.3333333333333,1677.3333333333333,592.0,3008.0,5274.666666666667
2896,1138.6666666666667,1685.3333333333333,592.0,3018.6666666666665,5264.0
2897,1141.3333333333333,1693.3333333333333,592.0,3032.0,5253.333333333333
2898,1144.0,1698.6666666666667,589.3333333333334,3042.6666666666665,5242.666666666667
2899,1146.6666666666667,1704.0,589.3333333333334,3053.3333333333335,5232.0
2900,1152.0,1709.3333333333333,589.3333333333334,3064.0,5218.666666666667
2901,1157.3333333333333,1714.6666666666667,589.3333333333334,3074.6666666666665,5205.333333333333
2902,1160.0,1717.3333333333333,589.3333333333334,3085.3333333333335,5192.0
2903,1162.6666666666667,1722.6666666666667,589.3333333333334,3098.6666666666665,5178.666666666667
2904,1168.0,1725.3333333333333,589.3333333333334,3112.0,5170.666666666667
2905,1170.6666666666667,1730.6666666666667,592.0,3122.6666666666665,5160.0
2906,1176.0,1736.0,594.6666666666666,3133.3333333333335,5146.666666666667
2907,1181.3333333333333,1741.3333333333333,594.6666666666666,3141.3333333333335,5133.333333333333
2908,1186.6666666666667,1744.0,594.6666666666666,3152.0,5120.0
2909,1192.0,1749.3333333333333,594.6666666666666,3165.3333333333335,5106.666666666667
2910,1194.6666666666667,1754.6666666666667,594.6666666666666,3178.6666666666665,5093.333333333333
2911,1200.0,1762.6666666666667,594.6666666666666,3192.0,5080.0
2912,1205.3333333333333,1765.3333333333333,594.6666666666666,3205.3333333333335,5069.333333333333
2913,1208.0,1768.0,594.6666666666666,3216.0,5058.666666666667
2914,1213.3333333333333,1773.3333333333333,594.6666666666666,3224.0,5045.333333333333
2915,1218.6666666666667,1778.6666666666667,594.6666666666666,3234.6666666666665,5032.0
2916,1224.0,1784.0,594.6666666666666,3245.3333333333335,5018.666666666667
2917,1229.3333333333333,1789.3333333333333,592.0,3258.6666666666665,5008.0
2918,1232.0,1794.6666666666667,592.0,3269.3333333333335,4997.333333333333
2919,1237.3333333333333,1800.0,592.0,3280.0,4986.666666666667
2920,1242.6666666666667,1805.3333333333333,592.0,3296.0,4976.0
2921,1248.0,1810.6666666666667,592.0,3306.6666666666665,4962.666666666667
2922,1253.3333333333333,1816.0,592.0,3317.3333333333335,4949.333333333333
2923,1258.6666666666667,1818.6666666666667,592.0,3328.0,4938.666666666667
2924,1264.0,1821.3333333333333,592.0,3338.6666666666665,4928.0
2925,1269.3333333333333,1826.6666666666667,592.0,3352.0,4914.666666666667
2926,1274.6666666666667,1829.3333333333333,592.0,3362.6666666666665,4904.0
2927,1280.0,1834.6666666666667,592.0,3373.3333333333335,4893.333333333333
2928,1285.3333333333333,1837.3333333333333,592.0,3384.0,4880.0
2929,1290.6666666666667,1840.0,592.0,3394.6666666666665,4866.666666666667
2930,1296.0,1845.3333333333333,592.0,3405.3333333333335,4853.333333333333
2931,1301.3333333333333,1848.0,592.0,3413.3333333333335,4842.666666666667
2932,1306.6666666666667,1853.3333333333333,592.0,3426.6666666666665,4832.0
2933,1312.0,1858.6666666666667,592.0,3437.3333333333335,4821.333333333333
2934,1314.6666666666667,1866.6666666666667,592.0,3448.0,4808.0
2935,1320.0,1872.0,592.0,3458.6666666666665,4797.333333333333
2936,1325.3333333333333,1877.3333333333333,592.0,3469.3333333333335,4789.333333333333
2937,1330.6666666666667,1882.6666666666667,592.0,3477.3333333333335,4778.666666666667
2938,1333.3333333333333,1888.0,592.0,3485.3333333333335,4768.0
2939,1338.6666666666667,1893.3333333333333,592.0,3493.3333333333335,4754.666666666667
2940,1344.0,1896.0,592.0,3501.3333333333335,4741.333333333333
2941,1346.6666666666667,1898.6666666666667,592.0,3509.3333333333335,4730.666666666667
2942,1352.0,1906.6666666666667,592.0,3517.3333333333335,4720.0
2943,1357.3333333333333,1912.0,592.0,3525.3333333333335,4709.333333333333
2944,1362.6666666666667,1914.6666666666667,592.0,3533.3333333333335,4701.333333333333
2945,1368.0,1917.3333333333333,592.0,3541.3333333333335,4690.666666666667
2946,1373.3333333333333,1922.6666666666667,592.0,3549.3333333333335,4680.0
2947,1378.6666666666667,1925.3333333333333,592.0,3557.3333333333335,4669.333333333333
2948,1384.0,1930.6666666666667,594.6666666666666,3565.3333333333335,4658.666666666667
2949,1386.6666666666667,1936.0,594.6666666666666,3573.3333333333335,4648.0
2950,1389.3333333333333,1941.3333333333333,594.6666666666666,3578.6666666666665,4637.333333333333
2951,1392.0,1946.6666666666667,594.6666666666666,3589.3333333333335,4629.333333333333
2952,1397.3333333333333,1949.3333333333333,594.6666666666666,3597.3333333333335,4618.666666666667
2953,1400.0,1954.6666666666667,594.6666666666666,3605.3333333333335,4608.0
2954,1405.3333333333333,1960.0,597.3333333333334,3613.3333333333335,4597.333333333333
2955,1408.0,1965.3333333333333,597.3333333333334,3621.3333333333335,4586.666666666667
2956,1410.6666666666667,1970.6666666666667,600.0,3629.3333333333335,4576.0
2957,1413.3333333333333,1976.0,600.0,3637.3333333333335,4565.333333333333
2958,1418.6666666666667,1984.0,602.6666666666666,3645.3333333333335,4557.333333333333
2959,1424.0,1989.3333333333333,605.3333333333334,3653.3333333333335,4549.333333333333
2960,1426.6666666666667,1992.0,605.3333333333334,3661.3333333333335,4541.333333333333
2961,1432.0,2000.0,605.3333333333334,3669.3333333333335,4530.666666666667
2962,1437.3333333333333,2005.3333333333333,608.0,3677.3333333333335,4520.0
2963,1442.6666666666667,2010.6666666666667,608.0,3685.3333333333335,4509.333333333333
2964,1448.0,2016.0,608.0,3693.3333333333335,4498.666666666667
2965,1456.0,2021.3333333333333,608.0,3701.3333333333335,4488.0
2966,1458.6666666666667,2026.6666666666667,608.0,3709.3333333333335,4477.333333333333
2967,1461.3333333333333,2032.0,608.0,3720.0,4469.333333333333
2968,1466.6666666666667,2037.3333333333333,608.0,3728.0,4461.333333333333
2969,1472.0,2042.6666666666667,608.0,3736.0,4453.333333333333
2970,1480.0,2048.0,608.0,3744.0,4448.0
2971,1485.3333333333333,2053.3333333333335,608.0,3754.6666666666665,4437.333333333333
2972,1488.0,2058.6666666666665,610.6666666666666,3765.3333333333335,4426.666666666667
2973,1493.3333333333333,2064.0,610.6666666666666,3776.0,4416.0
2974,1498.6666666666667,2072.0,610.6666666666666,3786.6666666666665,4405.333333333333
2975,1504.0,2080.0,613.3333333333334,3792.0,4397.333333333333
2976,1509.3333333333333,2082.6666666666665,613.3333333333334,3800.0,4389.333333333333
2977,1514.6666666666667,2088.0,613.3333333333334,3808.0,4381.333333333333
2978,1520.0,2090.6666666666665,610.6666666666666,3816.0,4373.333333333333
2979,1522.6666666666667,2093.3333333333335,613.3333333333334,3824.0,4362.666666666667
2980,1528.0,2098.6666666666665,613.3333333333334,3832.0,4352.0
2981,1533.3333333333333,2104.0,613.3333333333334,3837.3333333333335,4341.333333333333
2982,1541.3333333333333,2112.0,613.3333333333334,3848.0,4333.333333333333
2983,1546.6666666666667,2117.3333333333335,613.3333333333334,3853.3333333333335,4325.333333333333
2984,1549.3333333333333,2122.6666666666665,610.6666666666666,3858.6666666666665,4317.333333333333
2985,1554.6666666666667,2128.0,610.6666666666666,3866.6666666666665,4309.333333333333
2986,1562.6666666666667,2136.0,608.0,3874.6666666666665,4301.333333333333
2987,1570.6666666666667,2138.6666666666665,608.0,3882.6666666666665,4293.333333333333
2988,1573.3333333333333,2144.0,605.3333333333334,3890.6666666666665,4285.333333333333
2989,1578.6666666666667,2152.0,602.6666666666666,3898.6666666666665,4277.333333333333
2990,1586.6666666666667,2160.0,602.6666666666666,3909.3333333333335,4272.0
2991,1592.0,2165.3333333333335,602.6666666666666,3917.3333333333335,4264.0
2992,1597.3333333333333,2168.0,600.0,3925.3333333333335,4256.0
2993,1602.6666666666667,2173.3333333333335,600.0,3930.6666666666665,4248.0
2994,1605.3333333333333,2178.6666666666665,600.0,3938.6666666666665,4240.0
2995,1608.0,2184.0,600.0,3946.6666666666665,4232.0
2996,1613.3333333333333,2189.3333333333335,602.6666666666666,3954.6666666666665,4224.0
2997,1618.6666666666667,2197.3333333333335,602.6666666666666,3962.6666666666665,4216.0
2998,1626.6666666666667,2202.6666666666665,602.6666666666666,3970.6666666666665,4208.0
2999,1632.0,2208.0,602.6666666666666,3978.6666666666665,4202.666666666667
