TimeUs,Urg (Ch1),Ugen,Ugs (Ch2),Urn (Ch3),Uds (Ch4)
1,,,,,
2,,,,,
3,,,,,
4,,,,,
5,,,,,
6,,,,,
7,,,,,
8,,,,,
9,,,,,
10,,,,,
11,,,,,
12,,,,,
13,,,,,
14,,,,,
15,,,,,
16,,,,,
17,,,,,
18,,,,,
19,,,,,
20,,,,,
21,,,,,
22,,,,,
23,,,,,
24,,,,,
25,,,,,
26,,,,,
27,,,,,
28,,,,,
29,,,,,
30,1690.6666666666667,2360.0,760.0,7552.0,207.33333333333334
31,1685.3333333333333,2354.6666666666665,760.0,7549.333333333333,207.33333333333334
32,1680.0,2349.3333333333335,760.0,7552.0,207.33333333333334
33,1674.6666666666667,2344.0,760.0,7552.0,210.0
34,1669.3333333333333,2341.3333333333335,760.0,7549.333333333333,212.66666666666666
35,1664.0,2338.6666666666665,760.0,7546.666666666667,212.66666666666666
36,1658.6666666666667,2330.6666666666665,760.0,7544.0,212.66666666666666
37,1656.0,2322.6666666666665,760.0,7544.0,215.33333333333334
38,1648.0,2314.6666666666665,760.0,7544.0,218.0
39,1640.0,2306.6666666666665,760.0,7544.0,218.0
40,1634.6666666666667,2304.0,760.0,7544.0,218.0
41,1629.3333333333333,2296.0,760.0,7541.333333333333,218.0
42,1624.0,2290.6666666666665,760.0,7538.666666666667,218.0
43,1621.3333333333333,2285.3333333333335,760.0,7538.666666666667,218.0
44,1618.6666666666667,2280.0,760.0,7538.666666666667,220.66666666666666
45,1616.0,2274.6666666666665,760.0,7538.666666666667,223.33333333333334
46,1613.3333333333333,2269.3333333333335,760.0,7538.666666666667,223.33333333333334
47,1610.6666666666667,2264.0,760.0,7536.0,226.0
48,1608.0,2258.6666666666665,760.0,7536.0,228.66666666666666
49,1602.6666666666667,2253.3333333333335,760.0,7533.333333333333,231.33333333333334
50,1602.6666666666667,2253.3333333333335,760.0,7533.333333333333,234.0
51,1600.0,2250.6666666666665,760.0,7530.666666666667,236.66666666666666
52,1592.0,2245.3333333333335,760.0,7530.666666666667,239.33333333333334
53,1586.6666666666667,2237.3333333333335,760.0,7530.666666666667,242.0
54,1581.3333333333333,2229.3333333333335,760.0,7530.666666666667,244.66666666666666
55,1573.3333333333333,2224.0,760.0,7530.666666666667,244.66666666666666
56,1568.0,2221.3333333333335,760.0,7530.666666666667,247.33333333333334
57,1562.6666666666667,2213.3333333333335,760.0,7528.0,250.0
58,1560.0,2208.0,760.0,7528.0,252.66666666666666
59,1557.3333333333333,2202.6666666666665,760.0,7525.333333333333,255.33333333333334
60,1552.0,2197.3333333333335,760.0,7525.333333333333,258.0
61,1546.6666666666667,2192.0,760.0,7522.666666666667,258.0
62,1541.3333333333333,2186.6666666666665,760.0,7520.0,260.6666666666667
63,1536.0,2181.3333333333335,760.0,7517.333333333333,263.3333333333333
64,1530.6666666666667,2176.0,760.0,7517.333333333333,263.3333333333333
65,1525.3333333333333,2170.6666666666665,760.0,7517.333333333333,266.0
66,1520.0,2168.0,760.0,7517.333333333333,268.6666666666667
67,1514.6666666666667,2165.3333333333335,760.0,7514.666666666667,268.6666666666667
68,1509.3333333333333,2160.0,760.0,7512.0,268.6666666666667
69,1504.0,2154.6666666666665,760.0,7512.0,271.3333333333333
70,1498.6666666666667,2146.6666666666665,760.0,7509.333333333333,274.0
71,1493.3333333333333,2141.3333333333335,760.0,7509.333333333333,276.6666666666667
72,1490.6666666666667,2138.6666666666665,760.0,7506.666666666667,279.3333333333333
73,1485.3333333333333,2133.3333333333335,760.0,7504.0,282.0
74,1480.0,2128.0,760.0,7501.333333333333,282.0
75,1474.6666666666667,2122.6666666666665,760.0,7498.666666666667,282.0
76,1466.6666666666667,2117.3333333333335,760.0,7496.0,284.6666666666667
77,1458.6666666666667,2112.0,760.0,7493.333333333333,284.6666666666667
78,1450.6666666666667,2106.6666666666665,760.0,7488.0,284.6666666666667
79,1445.3333333333333,2101.3333333333335,760.0,7488.0,284.6666666666667
80,1437.3333333333333,2093.3333333333335,760.0,7485.333333333333,284.6666666666667
81,1432.0,2088.0,760.0,7482.666666666667,287.3333333333333
82,1429.3333333333333,2085.3333333333335,760.0,7480.0,290.0
83,1426.6666666666667,2080.0,760.0,7477.333333333333,292.6666666666667
84,1421.3333333333333,2074.6666666666665,760.0,7474.666666666667,295.3333333333333
85,1418.6666666666667,2069.3333333333335,760.0,7472.0,300.6666666666667
86,1413.3333333333333,2064.0,760.0,7469.333333333333,303.3333333333333
87,1408.0,2058.6666666666665,757.3333333333334,7469.333333333333,306.0
88,1402.6666666666667,2053.3333333333335,757.3333333333334,7466.666666666667,308.6666666666667
89,1397.3333333333333,2048.0,757.3333333333334,7464.0,311.3333333333333
90,1392.0,2042.6666666666667,757.3333333333334,7461.333333333333,311.3333333333333
91,1386.6666666666667,2037.3333333333333,757.3333333333334,7458.666666666667,316.6666666666667
92,1381.3333333333333,2032.0,757.3333333333334,7453.333333333333,319.3333333333333
93,1376.0,2026.6666666666667,757.3333333333334,7448.0,322.0
94,1370.6666666666667,2018.6666666666667,757.3333333333334,7442.666666666667,324.6666666666667
95,1365.3333333333333,2013.3333333333333,757.3333333333334,7437.333333333333,327.3333333333333
96,1360.0,2008.0,757.3333333333334,7432.0,330.0
97,1354.6666666666667,2002.6666666666667,757.3333333333334,7432.0,335.3333333333333
98,1352.0,2000.0,757.3333333333334,7432.0,338.0
99,1349.3333333333333,1997.3333333333333,757.3333333333334,7426.666666666667,340.6666666666667
100,1344.0,1992.0,757.3333333333334,7424.0,343.3333333333333
101,1338.6666666666667,1986.6666666666667,757.3333333333334,7418.666666666667,346.0
102,1333.3333333333333,1981.3333333333333,757.3333333333334,7416.0,351.3333333333333
103,1328.0,1976.0,757.3333333333334,7413.333333333333,356.6666666666667
104,1322.6666666666667,1970.6666666666667,757.3333333333334,7410.666666666667,362.0
105,1317.3333333333333,1965.3333333333333,757.3333333333334,7408.0,367.3333333333333
106,1312.0,1960.0,757.3333333333334,7405.333333333333,372.6666666666667
107,1306.6666666666667,1954.6666666666667,757.3333333333334,7402.666666666667,375.3333333333333
108,1301.3333333333333,1949.3333333333333,757.3333333333334,7400.0,380.6666666666667
109,1298.6666666666667,1941.3333333333333,757.3333333333334,7394.666666666667,386.0
110,1293.3333333333333,1936.0,757.3333333333334,7392.0,391.3333333333333
111,1288.0,1930.6666666666667,757.3333333333334,7389.333333333333,394.0
112,1282.6666666666667,1925.3333333333333,757.3333333333334,7386.666666666667,396.6666666666667
113,1277.3333333333333,1922.6666666666667,757.3333333333334,7384.0,399.3333333333333
114,1272.0,1917.3333333333333,757.3333333333334,7381.333333333333,402.0
115,1266.6666666666667,1912.0,757.3333333333334,7378.666666666667,404.6666666666667
116,1261.3333333333333,1904.0,754.6666666666666,7376.0,407.3333333333333
117,1253.3333333333333,1898.6666666666667,757.3333333333334,7370.666666666667,410.0
118,1248.0,1893.3333333333333,757.3333333333334,7365.333333333333,412.6666666666667
119,1242.6666666666667,1890.6666666666667,757.3333333333334,7360.0,415.3333333333333
120,1240.0,1885.3333333333333,757.3333333333334,7354.666666666667,423.3333333333333
121,1237.3333333333333,1880.0,757.3333333333334,7352.0,426.0
122,1232.0,1874.6666666666667,757.3333333333334,7349.333333333333,428.6666666666667
123,1229.3333333333333,1866.6666666666667,757.3333333333334,7346.666666666667,431.3333333333333
124,1224.0,1864.0,757.3333333333334,7344.0,436.6666666666667
125,1218.6666666666667,1858.6666666666667,757.3333333333334,7341.333333333333,442.0
126,1213.3333333333333,1853.3333333333333,757.3333333333334,7338.666666666667,447.3333333333333
127,1208.0,1848.0,757.3333333333334,7333.333333333333,450.0
128,1202.6666666666667,1842.6666666666667,757.3333333333334,7328.0,455.3333333333333
129,1197.3333333333333,1837.3333333333333,757.3333333333334,7325.333333333333,460.6666666666667
130,1192.0,1832.0,757.3333333333334,7320.0,466.0
131,1186.6666666666667,1826.6666666666667,757.3333333333334,7314.666666666667,471.3333333333333
132,1181.3333333333333,1818.6666666666667,757.3333333333334,7312.0,474.0
133,1176.0,1816.0,757.3333333333334,7309.333333333333,476.6666666666667
134,1170.6666666666667,1813.3333333333333,757.3333333333334,7306.666666666667,479.3333333333333
135,1165.3333333333333,1808.0,757.3333333333334,7301.333333333333,482.0
136,1162.6666666666667,1802.6666666666667,754.6666666666666,7296.0,487.3333333333333
137,1160.0,1797.3333333333333,754.6666666666666,7290.666666666667,492.6666666666667
138,1154.6666666666667,1792.0,754.6666666666666,7285.333333333333,498.0
139,1149.3333333333333,1789.3333333333333,754.6666666666666,7280.0,500.6666666666667
140,1144.0,1784.0,754.6666666666666,7274.666666666667,506.0
141,1138.6666666666667,1778.6666666666667,754.6666666666666,7269.333333333333,511.3333333333333
142,1133.3333333333333,1773.3333333333333,754.6666666666666,7264.0,519.3333333333334
143,1130.6666666666667,1768.0,754.6666666666666,7258.666666666667,524.6666666666666
144,1125.3333333333333,1765.3333333333333,754.6666666666666,7253.333333333333,532.6666666666666
145,1120.0,1762.6666666666667,754.6666666666666,7248.0,540.6666666666666
146,1114.6666666666667,1757.3333333333333,757.3333333333334,7242.666666666667,548.6666666666666
147,1112.0,1752.0,757.3333333333334,7240.0,556.6666666666666
148,1106.6666666666667,1746.6666666666667,757.3333333333334,7234.666666666667,564.6666666666666
149,1101.3333333333333,1738.6666666666667,757.3333333333334,7229.333333333333,572.6666666666666
150,1096.0,1733.3333333333333,757.3333333333334,7224.0,578.0
151,1090.6666666666667,1728.0,757.3333333333334,7221.333333333333,588.6666666666666
152,1088.0,1722.6666666666667,754.6666666666666,7216.0,596.6666666666666
153,1080.0,1720.0,754.6666666666666,7210.666666666667,607.3333333333334
154,1074.6666666666667,1714.6666666666667,754.6666666666666,7205.333333333333,615.3333333333334
155,1069.3333333333333,1709.3333333333333,754.6666666666666,7200.0,620.6666666666666
156,1064.0,1704.0,754.6666666666666,7194.666666666667,628.6666666666666
157,1058.6666666666667,1698.6666666666667,754.6666666666666,7189.333333333333,636.6666666666666
158,1053.3333333333333,1693.3333333333333,754.6666666666666,7184.0,644.6666666666666
159,1048.0,1688.0,754.6666666666666,7176.0,655.3333333333334
160,1042.6666666666667,1682.6666666666667,754.6666666666666,7173.333333333333,666.0
161,1037.3333333333333,1677.3333333333333,754.6666666666666,7170.666666666667,674.0
162,1032.0,1672.0,752.0,7162.666666666667,684.6666666666666
163,1026.6666666666667,1664.0,749.3333333333334,7154.666666666667,695.3333333333334
164,1018.6666666666666,1658.6666666666667,749.3333333333334,7146.666666666667,706.0
165,1013.3333333333334,1653.3333333333333,749.3333333333334,7138.666666666667,714.0
166,1008.0,1648.0,752.0,7130.666666666667,722.0
167,1002.6666666666666,1645.3333333333333,752.0,7125.333333333333,730.0
168,1000.0,1640.0,752.0,7120.0,735.3333333333334
169,994.6666666666666,1634.6666666666667,752.0,7114.666666666667,743.3333333333334
170,992.0,1629.3333333333333,752.0,7109.333333333333,751.3333333333334
171,989.3333333333334,1624.0,752.0,7104.0,759.3333333333334
172,986.6666666666666,1618.6666666666667,752.0,7098.666666666667,767.3333333333334
173,981.3333333333334,1616.0,749.3333333333334,7093.333333333333,778.0
174,978.6666666666666,1613.3333333333333,749.3333333333334,7085.333333333333,786.0
175,976.0,1608.0,749.3333333333334,7080.0,794.0
176,973.3333333333334,1602.6666666666667,749.3333333333334,7072.0,802.0
177,968.0,1597.3333333333333,749.3333333333334,7064.0,812.6666666666666
178,962.6666666666666,1594.6666666666667,749.3333333333334,7056.0,823.3333333333334
179,957.3333333333334,1592.0,749.3333333333334,7048.0,834.0
180,952.0,1586.6666666666667,749.3333333333334,7040.0,847.3333333333334
181,944.0,1581.3333333333333,749.3333333333334,7029.333333333333,855.3333333333334
182,938.6666666666666,1576.0,752.0,7021.333333333333,868.6666666666666
183,936.0,1573.3333333333333,752.0,7013.333333333333,879.3333333333334
184,933.3333333333334,1568.0,752.0,7002.666666666667,890.0
185,930.6666666666666,1560.0,752.0,6992.0,903.3333333333334
186,928.0,1554.6666666666667,752.0,6978.666666666667,914.0
187,922.6666666666666,1549.3333333333333,752.0,6968.0,927.3333333333334
188,917.3333333333334,1541.3333333333333,752.0,6957.333333333333,940.6666666666666
189,912.0,1533.3333333333333,752.0,6949.333333333333,951.3333333333334
190,909.3333333333334,1530.6666666666667,752.0,6936.0,962.0
191,904.0,1525.3333333333333,752.0,6922.666666666667,975.3333333333334
192,898.6666666666666,1520.0,754.6666666666666,6912.0,986.0
193,893.3333333333334,1514.6666666666667,754.6666666666666,6901.333333333333,996.6666666666666
194,890.6666666666666,1509.3333333333333,754.6666666666666,6890.666666666667,1007.3333333333334
195,885.3333333333334,1504.0,754.6666666666666,6882.666666666667,1023.3333333333334
196,880.0,1498.6666666666667,754.6666666666666,6872.0,1034.0
197,874.6666666666666,1490.6666666666667,752.0,6861.333333333333,1050.0
198,869.3333333333334,1485.3333333333333,752.0,6848.0,1066.0
199,861.3333333333334,1480.0,752.0,6834.666666666667,1082.0
200,856.0,1474.6666666666667,749.3333333333334,6824.0,1098.0
201,850.6666666666666,1469.3333333333333,749.3333333333334,6810.666666666667,1111.3333333333333
202,845.3333333333334,1464.0,749.3333333333334,6794.666666666667,1124.6666666666667
203,837.3333333333334,1456.0,749.3333333333334,6778.666666666667,1138.0
204,829.3333333333334,1448.0,749.3333333333334,6765.333333333333,1151.3333333333333
205,821.3333333333334,1442.6666666666667,749.3333333333334,6749.333333333333,1167.3333333333333
206,816.0,1437.3333333333333,749.3333333333334,6736.0,1183.3333333333333
207,810.6666666666666,1432.0,749.3333333333334,6722.666666666667,1196.6666666666667
208,805.3333333333334,1426.6666666666667,749.3333333333334,6709.333333333333,1210.0
209,800.0,1418.6666666666667,749.3333333333334,6696.0,1223.3333333333333
210,794.6666666666666,1413.3333333333333,749.3333333333334,6682.666666666667,1234.0
211,792.0,1408.0,749.3333333333334,6669.333333333333,1247.3333333333333
212,786.6666666666666,1402.6666666666667,749.3333333333334,6656.0,1260.6666666666667
213,781.3333333333334,1394.6666666666667,749.3333333333334,6642.666666666667,1274.0
214,776.0,1389.3333333333333,746.6666666666666,6632.0,1290.0
215,770.6666666666666,1386.6666666666667,746.6666666666666,6621.333333333333,1303.3333333333333
216,762.6666666666666,1381.3333333333333,746.6666666666666,6610.666666666667,1316.6666666666667
217,760.0,1376.0,746.6666666666666,6597.333333333333,1327.3333333333333
218,757.3333333333334,1373.3333333333333,746.6666666666666,6584.0,1340.6666666666667
219,754.6666666666666,1370.6666666666667,744.0,6568.0,1354.0
220,746.6666666666666,1365.3333333333333,744.0,6557.333333333333,1367.3333333333333
221,744.0,1362.6666666666667,741.3333333333334,6546.666666666667,1380.6666666666667
222,741.3333333333334,1360.0,738.6666666666666,6536.0,1396.6666666666667
223,736.0,1354.6666666666667,738.6666666666666,6522.666666666667,1410.0
224,730.6666666666666,1349.3333333333333,738.6666666666666,6509.333333333333,1426.0
225,725.3333333333334,1344.0,736.0,6496.0,1439.3333333333333
226,720.0,1338.6666666666667,736.0,6485.333333333333,1455.3333333333333
227,714.6666666666666,1336.0,738.6666666666666,6472.0,1471.3333333333333
228,709.3333333333334,1330.6666666666667,738.6666666666666,6461.333333333333,1487.3333333333333
229,709.3333333333334,1325.3333333333333,738.6666666666666,6450.666666666667,1503.3333333333333
230,704.0,1320.0,741.3333333333334,6434.666666666667,1516.6666666666667
231,698.6666666666666,1314.6666666666667,738.6666666666666,6421.333333333333,1532.6666666666667
232,693.3333333333334,1309.3333333333333,736.0,6410.666666666667,1546.0
233,690.6666666666666,1304.0,738.6666666666666,6397.333333333333,1559.3333333333333
234,688.0,1298.6666666666667,736.0,6384.0,1575.3333333333333
235,682.6666666666666,1293.3333333333333,736.0,6370.666666666667,1588.6666666666667
236,677.3333333333334,1290.6666666666667,736.0,6360.0,1604.6666666666667
237,674.6666666666666,1288.0,733.3333333333334,6346.666666666667,1618.0
238,672.0,1282.6666666666667,730.6666666666666,6336.0,1634.0
239,666.6666666666666,1277.3333333333333,730.6666666666666,6322.666666666667,1650.0
240,661.3333333333334,1272.0,730.6666666666666,6309.333333333333,1666.0
241,656.0,1266.6666666666667,730.6666666666666,6296.0,1682.0
242,650.6666666666666,1264.0,728.0,6282.666666666667,1698.0
243,645.3333333333334,1261.3333333333333,728.0,6269.333333333333,1714.0
244,640.0,1258.6666666666667,730.6666666666666,6256.0,1727.3333333333333
245,634.6666666666666,1253.3333333333333,730.6666666666666,6242.666666666667,1743.3333333333333
246,632.0,1248.0,730.6666666666666,6232.0,1762.0
247,626.6666666666666,1242.6666666666667,728.0,6218.666666666667,1780.6666666666667
248,621.3333333333334,1237.3333333333333,725.3333333333334,6202.666666666667,1794.0
249,616.0,1232.0,728.0,6192.0,1810.0
250,613.3333333333334,1226.6666666666667,728.0,6176.0,1828.6666666666667
251,605.3333333333334,1221.3333333333333,728.0,6160.0,1847.3333333333333
252,600.0,1216.0,730.6666666666666,6144.0,1863.3333333333333
253,597.3333333333334,1213.3333333333333,733.3333333333334,6130.666666666667,1882.0
254,594.6666666666666,1205.3333333333333,733.3333333333334,6117.333333333333,1900.6666666666667
255,589.3333333333334,1200.0,736.0,6101.333333333333,1916.6666666666667
256,584.0,1194.6666666666667,736.0,6085.333333333333,1935.3333333333333
257,578.6666666666666,1186.6666666666667,736.0,6069.333333333333,1951.3333333333333
258,576.0,1181.3333333333333,733.3333333333334,6050.666666666667,1970.0
259,568.0,1176.0,733.3333333333334,6034.666666666667,1988.6666666666667
260,562.6666666666666,1173.3333333333333,733.3333333333334,6018.666666666667,2010.0
261,557.3333333333334,1168.0,733.3333333333334,6002.666666666667,2031.3333333333333
262,552.0,1162.6666666666667,736.0,5986.666666666667,2052.6666666666665
263,546.6666666666666,1157.3333333333333,736.0,5973.333333333333,2074.0
264,541.3333333333334,1152.0,736.0,5957.333333333333,2092.6666666666665
265,538.6666666666666,1146.6666666666667,736.0,5938.666666666667,2111.3333333333335
266,533.3333333333334,1141.3333333333333,736.0,5920.0,2130.0
267,528.0,1136.0,738.6666666666666,5901.333333333333,2154.0
268,522.6666666666666,1130.6666666666667,738.6666666666666,5882.666666666667,2175.3333333333335
269,520.0,1128.0,736.0,5866.666666666667,2196.6666666666665
270,517.3333333333334,1125.3333333333333,736.0,5850.666666666667,2218.0
271,514.6666666666666,1120.0,736.0,5832.0,2239.3333333333335
272,512.0,1112.0,738.6666666666666,5813.333333333333,2258.0
273,509.3333333333333,1106.6666666666667,738.6666666666666,5794.666666666667,2279.3333333333335
274,504.0,1101.3333333333333,736.0,5776.0,2303.3333333333335
275,498.6666666666667,1096.0,736.0,5757.333333333333,2327.3333333333335
276,493.3333333333333,1093.3333333333333,733.3333333333334,5738.666666666667,2348.6666666666665
277,488.0,1088.0,733.3333333333334,5720.0,2370.0
278,482.6666666666667,1082.6666666666667,733.3333333333334,5704.0,2394.0
279,477.3333333333333,1077.3333333333333,730.6666666666666,5682.666666666667,2418.0
280,472.0,1069.3333333333333,728.0,5661.333333333333,2436.6666666666665
281,469.3333333333333,1064.0,730.6666666666666,5640.0,2460.6666666666665
282,464.0,1058.6666666666667,728.0,5621.333333333333,2484.6666666666665
283,458.6666666666667,1053.3333333333333,728.0,5600.0,2511.3333333333335
284,453.3333333333333,1050.6666666666667,725.3333333333334,5578.666666666667,2535.3333333333335
285,450.6666666666667,1045.3333333333333,722.6666666666666,5560.0,2562.0
286,448.0,1040.0,722.6666666666666,5538.666666666667,2586.0
287,445.3333333333333,1037.3333333333333,720.0,5514.666666666667,2610.0
288,440.0,1032.0,720.0,5496.0,2634.0
289,437.3333333333333,1026.6666666666667,720.0,5472.0,2658.0
290,432.0,1021.3333333333334,717.3333333333334,5453.333333333333,2679.3333333333335
291,429.3333333333333,1016.0,717.3333333333334,5432.0,2698.0
292,424.0,1010.6666666666666,714.6666666666666,5410.666666666667,2719.3333333333335
293,421.3333333333333,1005.3333333333334,712.0,5389.333333333333,2738.0
294,416.0,1000.0,712.0,5370.666666666667,2756.6666666666665
295,413.3333333333333,997.3333333333334,712.0,5354.666666666667,2775.3333333333335
296,410.6666666666667,992.0,712.0,5336.0,2796.6666666666665
297,408.0,989.3333333333334,709.3333333333334,5320.0,2818.0
298,405.3333333333333,986.6666666666666,709.3333333333334,5304.0,2844.6666666666665
299,402.6666666666667,981.3333333333334,709.3333333333334,5288.0,2874.0
300,397.3333333333333,978.6666666666666,706.6666666666666,5272.0,2906.0
301,392.0,976.0,704.0,5256.0,2938.0
302,386.6666666666667,970.6666666666666,701.3333333333334,5237.333333333333,2970.0
303,381.3333333333333,962.6666666666666,698.6666666666666,5216.0,3002.0
304,376.0,957.3333333333334,701.3333333333334,5192.0,3034.0
305,373.3333333333333,952.0,698.6666666666666,5165.333333333333,3068.6666666666665
306,370.6666666666667,944.0,698.6666666666666,5138.666666666667,3108.6666666666665
307,368.0,938.6666666666666,698.6666666666666,5114.666666666667,3151.3333333333335
308,362.6666666666667,933.3333333333334,698.6666666666666,5088.0,3194.0
309,357.3333333333333,928.0,698.6666666666666,5061.333333333333,3234.0
310,352.0,925.3333333333334,698.6666666666666,5037.333333333333,3276.6666666666665
311,346.6666666666667,920.0,696.0,5008.0,3314.0
312,344.0,914.6666666666666,696.0,4976.0,3359.3333333333335
313,341.3333333333333,909.3333333333334,693.3333333333334,4946.666666666667,3410.0
314,336.0,904.0,693.3333333333334,4917.333333333333,3463.3333333333335
315,330.6666666666667,901.3333333333334,693.3333333333334,4888.0,3516.6666666666665
316,328.0,898.6666666666666,690.6666666666666,4861.333333333333,3570.0
317,322.6666666666667,893.3333333333334,690.6666666666666,4832.0,3623.3333333333335
318,317.3333333333333,888.0,690.6666666666666,4797.333333333333,3674.0
319,312.0,882.6666666666666,688.0,4762.666666666667,3732.6666666666665
320,309.3333333333333,877.3333333333334,688.0,4725.333333333333,3804.6666666666665
321,304.0,874.6666666666666,688.0,4688.0,3882.0
322,301.3333333333333,872.0,688.0,4653.333333333333,3956.6666666666665
323,296.0,866.6666666666666,688.0,4616.0,4036.6666666666665
324,293.3333333333333,864.0,688.0,4578.666666666667,4114.0
325,285.3333333333333,856.0,685.3333333333334,4530.666666666667,4194.0
326,277.3333333333333,850.6666666666666,682.6666666666666,4477.333333333333,4266.0
327,269.3333333333333,842.6666666666666,682.6666666666666,4421.333333333333,4348.666666666667
328,264.0,834.6666666666666,682.6666666666666,4365.333333333333,4436.666666666667
329,258.6666666666667,826.6666666666666,682.6666666666666,4309.333333333333,4522.0
330,253.33333333333334,818.6666666666666,682.6666666666666,4253.333333333333,4604.666666666667
331,248.0,813.3333333333334,682.6666666666666,4197.333333333333,4687.333333333333
332,245.33333333333334,810.6666666666666,682.6666666666666,4133.333333333333,4770.0
333,240.0,808.0,682.6666666666666,4064.0,4850.0
334,237.33333333333334,800.0,680.0,3997.3333333333335,4927.333333333333
335,232.0,794.6666666666666,680.0,3933.3333333333335,5018.0
336,226.66666666666666,789.3333333333334,677.3333333333334,3869.3333333333335,5108.666666666667
337,221.33333333333334,786.6666666666666,677.3333333333334,3805.3333333333335,5196.666666666667
338,218.66666666666666,781.3333333333334,677.3333333333334,3744.0,5284.666666666667
339,216.0,776.0,677.3333333333334,3682.6666666666665,5372.666666666667
340,213.33333333333334,770.6666666666666,677.3333333333334,3605.3333333333335,5463.333333333333
341,210.66666666666666,765.3333333333334,677.3333333333334,3528.0,5554.0
342,205.33333333333334,760.0,677.3333333333334,3450.6666666666665,5636.666666666667
343,197.33333333333334,754.6666666666666,677.3333333333334,3373.3333333333335,5724.666666666667
344,194.66666666666666,749.3333333333334,677.3333333333334,3296.0,5812.666666666667
345,189.33333333333334,744.0,677.3333333333334,3221.3333333333335,5900.666666666667
346,184.0,738.6666666666666,677.3333333333334,3144.0,5988.666666666667
347,181.33333333333334,733.3333333333334,677.3333333333334,3066.6666666666665,6076.666666666667
348,176.0,728.0,674.6666666666666,2978.6666666666665,6164.666666666667
349,173.33333333333334,725.3333333333334,672.0,2893.3333333333335,6244.666666666667
350,168.0,717.3333333333334,669.3333333333334,2808.0,6314.0
351,162.66666666666666,709.3333333333334,666.6666666666666,2725.3333333333335,6391.333333333333
352,157.33333333333334,701.3333333333334,664.0,2640.0,6468.666666666667
353,152.0,696.0,661.3333333333334,2557.3333333333335,6543.333333333333
354,146.66666666666666,688.0,658.6666666666666,2474.6666666666665,6620.666666666667
355,144.0,682.6666666666666,656.0,2392.0,6695.333333333333
356,141.33333333333334,677.3333333333334,653.3333333333334,2306.6666666666665,6772.666666666667
357,138.66666666666666,672.0,650.6666666666666,2221.3333333333335,6836.666666666667
358,133.33333333333334,666.6666666666666,648.0,2138.6666666666665,6895.333333333333
359,128.0,664.0,645.3333333333334,2056.0,6959.333333333333
360,125.33333333333333,658.6666666666666,642.6666666666666,1973.3333333333333,7023.333333333333
361,122.66666666666667,653.3333333333334,640.0,1893.3333333333333,7087.333333333333
362,117.33333333333333,648.0,637.3333333333334,1824.0,7151.333333333333
363,114.66666666666667,642.6666666666666,634.6666666666666,1752.0,7215.333333333333
364,112.0,637.3333333333334,632.0,1674.6666666666667,7279.333333333333
365,109.33333333333333,632.0,629.3333333333334,1597.3333333333333,7327.333333333333
366,106.66666666666667,626.6666666666666,629.3333333333334,1520.0,7372.666666666667
367,101.33333333333333,621.3333333333334,626.6666666666666,1442.6666666666667,7418.0
368,98.66666666666667,616.0,624.0,1365.3333333333333,7466.0
369,96.0,610.6666666666666,621.3333333333334,1290.6666666666667,7511.333333333333
370,93.33333333333333,605.3333333333334,618.6666666666666,1232.0,7556.666666666667
371,90.66666666666667,600.0,616.0,1170.6666666666667,7599.333333333333
372,88.0,594.6666666666666,613.3333333333334,1106.6666666666667,7642.0
373,85.33333333333333,589.3333333333334,608.0,1042.6666666666667,7671.333333333333
374,82.66666666666667,581.3333333333334,602.6666666666666,978.6666666666666,7700.666666666667
375,82.66666666666667,576.0,597.3333333333334,912.0,7730.0
376,80.0,573.3333333333334,592.0,848.0,7759.333333333333
377,74.66666666666667,568.0,586.6666666666666,789.3333333333334,7788.666666666667
378,74.66666666666667,562.6666666666666,584.0,744.0,7818.0
379,72.0,554.6666666666666,581.3333333333334,696.0,7847.333333333333
380,72.0,549.3333333333334,578.6666666666666,648.0,7871.333333333333
381,72.0,544.0,576.0,600.0,7884.666666666667
382,69.33333333333333,538.6666666666666,573.3333333333334,552.0,7900.666666666667
383,69.33333333333333,533.3333333333334,570.6666666666666,504.0,7916.666666666667
384,69.33333333333333,528.0,565.3333333333334,456.0,7932.666666666667
385,69.33333333333333,522.6666666666666,562.6666666666666,418.6666666666667,7948.666666666667
386,66.66666666666667,517.3333333333334,560.0,389.3333333333333,7964.666666666667
387,66.66666666666667,512.0,557.3333333333334,362.6666666666667,7980.666666666667
388,66.66666666666667,506.6666666666667,554.6666666666666,330.6666666666667,7988.666666666667
389,66.66666666666667,501.3333333333333,549.3333333333334,298.6666666666667,7994.0
390,66.66666666666667,496.0,544.0,269.3333333333333,7999.333333333333
391,66.66666666666667,490.6666666666667,538.6666666666666,240.0,8004.666666666667
392,66.66666666666667,485.3333333333333,533.3333333333334,208.0,8010.0
393,66.66666666666667,480.0,528.0,189.33333333333334,8015.333333333333
394,64.0,474.6666666666667,522.6666666666666,176.0,8020.666666666667
395,64.0,469.3333333333333,517.3333333333334,160.0,8026.0
396,64.0,464.0,512.0,144.0,8028.666666666667
397,66.66666666666667,456.0,504.0,128.0,8031.333333333333
398,66.66666666666667,450.6666666666667,498.6666666666667,114.66666666666667,8031.333333333333
399,66.66666666666667,445.3333333333333,493.3333333333333,101.33333333333333,8034.0
400,66.66666666666667,440.0,488.0,88.0,8034.0
401,66.66666666666667,434.6666666666667,482.6666666666667,82.66666666666667,8034.0
402,64.0,426.6666666666667,477.3333333333333,80.0,8036.666666666667
403,66.66666666666667,421.3333333333333,472.0,74.66666666666667,8039.333333333333
404,66.66666666666667,418.6666666666667,466.6666666666667,72.0,8039.333333333333
405,66.66666666666667,413.3333333333333,461.3333333333333,66.66666666666667,8039.333333333333
406,66.66666666666667,405.3333333333333,456.0,61.333333333333336,8042.0
407,69.33333333333333,400.0,450.6666666666667,56.0,8042.0
408,69.33333333333333,397.3333333333333,445.3333333333333,53.333333333333336,8042.0
409,69.33333333333333,394.6666666666667,440.0,53.333333333333336,8042.0
410,69.33333333333333,389.3333333333333,434.6666666666667,50.666666666666664,8044.666666666667
411,69.33333333333333,384.0,426.6666666666667,50.666666666666664,8047.333333333333
412,72.0,378.6666666666667,421.3333333333333,48.0,8047.333333333333
413,69.33333333333333,373.3333333333333,416.0,48.0,8047.333333333333
414,69.33333333333333,368.0,413.3333333333333,45.333333333333336,8047.333333333333
415,69.33333333333333,362.6666666666667,408.0,45.333333333333336,8047.333333333333
416,72.0,357.3333333333333,400.0,42.666666666666664,8047.333333333333
417,72.0,352.0,392.0,40.0,8047.333333333333
418,72.0,346.6666666666667,384.0,42.666666666666664,8050.0
419,72.0,341.3333333333333,381.3333333333333,42.666666666666664,8050.0
420,72.0,338.6666666666667,378.6666666666667,40.0,8050.0
421,69.33333333333333,333.3333333333333,376.0,37.333333333333336,8050.0
422,69.33333333333333,328.0,373.3333333333333,37.333333333333336,8052.666666666667
423,69.33333333333333,322.6666666666667,368.0,34.666666666666664,8052.666666666667
424,72.0,317.3333333333333,362.6666666666667,32.0,8052.666666666667
425,72.0,314.6666666666667,357.3333333333333,34.666666666666664,8055.333333333333
426,72.0,309.3333333333333,354.6666666666667,34.666666666666664,8055.333333333333
427,72.0,304.0,352.0,37.333333333333336,8058.0
428,72.0,298.6666666666667,344.0,34.666666666666664,8058.0
429,72.0,293.3333333333333,336.0,34.666666666666664,8058.0
430,72.0,288.0,328.0,32.0,8058.0
431,72.0,282.6666666666667,322.6666666666667,29.333333333333332,8060.666666666667
432,74.66666666666667,280.0,314.6666666666667,29.333333333333332,8060.666666666667
433,74.66666666666667,274.6666666666667,309.3333333333333,32.0,8060.666666666667
434,74.66666666666667,269.3333333333333,304.0,29.333333333333332,8060.666666666667
435,74.66666666666667,264.0,298.6666666666667,32.0,8060.666666666667
436,72.0,258.6666666666667,293.3333333333333,34.666666666666664,8060.666666666667
437,72.0,250.66666666666666,288.0,34.666666666666664,8060.666666666667
438,72.0,245.33333333333334,282.6666666666667,32.0,8060.666666666667
439,69.33333333333333,237.33333333333334,274.6666666666667,29.333333333333332,8060.666666666667
440,69.33333333333333,234.66666666666666,269.3333333333333,32.0,8063.333333333333
441,69.33333333333333,229.33333333333334,266.6666666666667,29.333333333333332,8066.0
442,69.33333333333333,224.0,258.6666666666667,29.333333333333332,8066.0
443,72.0,218.66666666666666,250.66666666666666,26.666666666666668,8068.666666666667
444,72.0,213.33333333333334,245.33333333333334,26.666666666666668,8071.333333333333
445,72.0,208.0,237.33333333333334,26.666666666666668,8071.333333333333
446,72.0,200.0,232.0,26.666666666666668,8071.333333333333
447,72.0,192.0,226.66666666666666,29.333333333333332,8074.0
448,69.33333333333333,186.66666666666666,221.33333333333334,29.333333333333332,8074.0
449,69.33333333333333,178.66666666666666,213.33333333333334,29.333333333333332,8076.666666666667
450,69.33333333333333,170.66666666666666,205.33333333333334,32.0,8079.333333333333
451,72.0,162.66666666666666,197.33333333333334,34.666666666666664,8082.0
452,72.0,154.66666666666666,189.33333333333334,37.333333333333336,8079.333333333333
453,72.0,149.33333333333334,184.0,40.0,8079.333333333333
454,72.0,144.0,178.66666666666666,40.0,8079.333333333333
455,72.0,136.0,173.33333333333334,40.0,8076.666666666667
456,72.0,130.66666666666666,165.33333333333334,40.0,8076.666666666667
457,69.33333333333333,125.33333333333333,160.0,40.0,8074.0
458,69.33333333333333,120.0,157.33333333333334,42.666666666666664,8074.0
459,69.33333333333333,114.66666666666667,152.0,40.0,8074.0
460,69.33333333333333,109.33333333333333,146.66666666666666,42.666666666666664,8076.666666666667
461,69.33333333333333,104.0,138.66666666666666,45.333333333333336,8079.333333333333
462,69.33333333333333,98.66666666666667,136.0,42.666666666666664,8082.0
463,69.33333333333333,93.33333333333333,130.66666666666666,42.666666666666664,8084.666666666667
464,69.33333333333333,88.0,125.33333333333333,45.333333333333336,8084.666666666667
465,66.66666666666667,80.0,122.66666666666667,42.666666666666664,8087.333333333333
466,69.33333333333333,72.0,117.33333333333333,40.0,8084.666666666667
467,69.33333333333333,66.66666666666667,109.33333333333333,42.666666666666664,8087.333333333333
468,69.33333333333333,58.666666666666664,104.0,42.666666666666664,8090.0
469,69.33333333333333,53.333333333333336,101.33333333333333,42.666666666666664,8090.0
470,69.33333333333333,48.0,96.0,42.666666666666664,8090.0
471,69.33333333333333,42.666666666666664,90.66666666666667,42.666666666666664,8087.333333333333
472,69.33333333333333,37.333333333333336,88.0,42.666666666666664,8090.0
473,66.66666666666667,32.0,85.33333333333333,42.666666666666664,8090.0
474,66.66666666666667,26.666666666666668,80.0,42.666666666666664,8090.0
475,66.66666666666667,21.333333333333332,77.33333333333333,42.666666666666664,8090.0
476,66.66666666666667,18.666666666666668,74.66666666666667,42.666666666666664,8092.666666666667
477,66.66666666666667,16.0,72.0,40.0,8090.0
478,66.66666666666667,10.666666666666666,66.66666666666667,37.333333333333336,8092.666666666667
479,64.0,8.0,64.0,37.333333333333336,8092.666666666667
480,64.0,2.6666666666666665,61.333333333333336,37.333333333333336,8092.666666666667
481,64.0,2.6666666666666665,58.666666666666664,34.666666666666664,8092.666666666667
482,61.333333333333336,2.6666666666666665,56.0,32.0,8095.333333333333
483,61.333333333333336,-2.6666666666666665,53.333333333333336,29.333333333333332,8098.0
484,58.666666666666664,-2.6666666666666665,50.666666666666664,29.333333333333332,8100.666666666667
485,58.666666666666664,-2.6666666666666665,48.0,26.666666666666668,8103.333333333333
486,58.666666666666664,-2.6666666666666665,45.333333333333336,29.333333333333332,8106.0
487,58.666666666666664,-2.6666666666666665,42.666666666666664,26.666666666666668,8108.666666666667
488,58.666666666666664,-5.333333333333333,40.0,24.0,8111.333333333333
489,58.666666666666664,-5.333333333333333,40.0,24.0,8114.0
490,58.666666666666664,-5.333333333333333,42.666666666666664,21.333333333333332,8114.0
491,56.0,-5.333333333333333,45.333333333333336,21.333333333333332,8114.0
492,56.0,-5.333333333333333,45.333333333333336,24.0,8114.0
493,53.333333333333336,-2.6666666666666665,48.0,21.333333333333332,8114.0
494,53.333333333333336,-2.6666666666666665,50.666666666666664,21.333333333333332,8116.666666666667
495,56.0,2.6666666666666665,50.666666666666664,24.0,8116.666666666667
496,56.0,5.333333333333333,53.333333333333336,26.666666666666668,8119.333333333333
497,56.0,10.666666666666666,58.666666666666664,26.666666666666668,8119.333333333333
498,56.0,16.0,61.333333333333336,26.666666666666668,8119.333333333333
499,58.666666666666664,21.333333333333332,64.0,26.666666666666668,8122.0
500,58.666666666666664,24.0,69.33333333333333,24.0,8122.0
501,58.666666666666664,26.666666666666668,72.0,26.666666666666668,8124.666666666667
502,56.0,32.0,74.66666666666667,29.333333333333332,8124.666666666667
503,58.666666666666664,37.333333333333336,77.33333333333333,32.0,8124.666666666667
504,58.666666666666664,42.666666666666664,80.0,34.666666666666664,8124.666666666667
505,58.666666666666664,48.0,85.33333333333333,32.0,8127.333333333333
506,58.666666666666664,56.0,90.66666666666667,34.666666666666664,8127.333333333333
507,58.666666666666664,61.333333333333336,96.0,37.333333333333336,8130.0
508,58.666666666666664,66.66666666666667,101.33333333333333,40.0,8130.0
509,61.333333333333336,74.66666666666667,106.66666666666667,42.666666666666664,8130.0
510,61.333333333333336,80.0,112.0,40.0,8130.0
511,58.666666666666664,82.66666666666667,117.33333333333333,40.0,8130.0
512,61.333333333333336,88.0,122.66666666666667,40.0,8130.0
513,61.333333333333336,96.0,128.0,40.0,8130.0
514,64.0,101.33333333333333,133.33333333333334,40.0,8130.0
515,64.0,106.66666666666667,138.66666666666666,42.666666666666664,8130.0
516,64.0,112.0,144.0,42.666666666666664,8130.0
517,66.66666666666667,117.33333333333333,149.33333333333334,45.333333333333336,8130.0
518,64.0,125.33333333333333,154.66666666666666,48.0,8130.0
519,61.333333333333336,130.66666666666666,160.0,48.0,8130.0
520,58.666666666666664,136.0,162.66666666666666,48.0,8130.0
521,61.333333333333336,141.33333333333334,168.0,48.0,8130.0
522,61.333333333333336,149.33333333333334,173.33333333333334,45.333333333333336,8130.0
523,64.0,154.66666666666666,178.66666666666666,45.333333333333336,8130.0
524,64.0,162.66666666666666,184.0,42.666666666666664,8130.0
525,64.0,168.0,189.33333333333334,42.666666666666664,8130.0
526,64.0,173.33333333333334,194.66666666666666,42.666666666666664,8130.0
527,64.0,178.66666666666666,197.33333333333334,40.0,8130.0
528,64.0,184.0,202.66666666666666,42.666666666666664,8130.0
529,64.0,189.33333333333334,210.66666666666666,45.333333333333336,8130.0
530,64.0,194.66666666666666,213.33333333333334,45.333333333333336,8130.0
531,61.333333333333336,202.66666666666666,218.66666666666666,42.666666666666664,8130.0
532,64.0,208.0,224.0,42.666666666666664,8130.0
533,64.0,213.33333333333334,229.33333333333334,40.0,8130.0
534,64.0,218.66666666666666,234.66666666666666,37.333333333333336,8130.0
535,64.0,224.0,240.0,37.333333333333336,8130.0
536,64.0,229.33333333333334,245.33333333333334,37.333333333333336,8130.0
537,64.0,234.66666666666666,250.66666666666666,37.333333333333336,8130.0
538,66.66666666666667,242.66666666666666,258.6666666666667,37.333333333333336,8130.0
539,66.66666666666667,248.0,264.0,34.666666666666664,8130.0
540,66.66666666666667,253.33333333333334,269.3333333333333,34.666666666666664,8130.0
541,69.33333333333333,258.6666666666667,274.6666666666667,37.333333333333336,8130.0
542,69.33333333333333,261.3333333333333,280.0,40.0,8130.0
543,69.33333333333333,266.6666666666667,285.3333333333333,40.0,8130.0
544,69.33333333333333,272.0,293.3333333333333,40.0,8130.0
545,69.33333333333333,277.3333333333333,301.3333333333333,40.0,8130.0
546,69.33333333333333,282.6666666666667,309.3333333333333,40.0,8130.0
547,69.33333333333333,288.0,317.3333333333333,40.0,8130.0
548,72.0,293.3333333333333,325.3333333333333,37.333333333333336,8130.0
549,74.66666666666667,298.6666666666667,333.3333333333333,37.333333333333336,8130.0
550,77.33333333333333,304.0,341.3333333333333,40.0,8132.666666666667
551,77.33333333333333,312.0,346.6666666666667,40.0,8132.666666666667
552,77.33333333333333,314.6666666666667,352.0,40.0,8132.666666666667
553,77.33333333333333,320.0,357.3333333333333,42.666666666666664,8132.666666666667
554,77.33333333333333,325.3333333333333,362.6666666666667,42.666666666666664,8132.666666666667
555,77.33333333333333,330.6666666666667,368.0,42.666666666666664,8132.666666666667
556,77.33333333333333,338.6666666666667,376.0,40.0,8132.666666666667
557,77.33333333333333,344.0,384.0,40.0,8132.666666666667
558,77.33333333333333,346.6666666666667,389.3333333333333,37.333333333333336,8132.666666666667
559,77.33333333333333,352.0,392.0,37.333333333333336,8132.666666666667
560,74.66666666666667,357.3333333333333,400.0,40.0,8132.666666666667
561,77.33333333333333,362.6666666666667,405.3333333333333,42.666666666666664,8132.666666666667
562,74.66666666666667,368.0,413.3333333333333,42.666666666666664,8132.666666666667
563,74.66666666666667,373.3333333333333,418.6666666666667,45.333333333333336,8132.666666666667
564,74.66666666666667,378.6666666666667,426.6666666666667,45.333333333333336,8132.666666666667
565,72.0,384.0,429.3333333333333,48.0,8132.666666666667
566,72.0,386.6666666666667,432.0,50.666666666666664,8132.666666666667
567,72.0,394.6666666666667,437.3333333333333,50.666666666666664,8132.666666666667
568,72.0,400.0,442.6666666666667,53.333333333333336,8132.666666666667
569,72.0,402.6666666666667,448.0,58.666666666666664,8132.666666666667
570,72.0,410.6666666666667,453.3333333333333,64.0,8130.0
571,72.0,416.0,458.6666666666667,66.66666666666667,8127.333333333333
572,72.0,424.0,464.0,69.33333333333333,8124.666666666667
573,72.0,426.6666666666667,469.3333333333333,74.66666666666667,8122.0
574,72.0,429.3333333333333,472.0,88.0,8119.333333333333
575,72.0,434.6666666666667,474.6666666666667,101.33333333333333,8116.666666666667
576,72.0,440.0,477.3333333333333,114.66666666666667,8114.0
577,72.0,445.3333333333333,482.6666666666667,128.0,8106.0
578,72.0,450.6666666666667,485.3333333333333,144.0,8095.333333333333
579,72.0,456.0,490.6666666666667,160.0,8084.666666666667
580,72.0,464.0,496.0,173.33333333333334,8071.333333333333
581,69.33333333333333,466.6666666666667,498.6666666666667,189.33333333333334,8060.666666666667
582,69.33333333333333,474.6666666666667,501.3333333333333,218.66666666666666,8047.333333333333
583,69.33333333333333,477.3333333333333,506.6666666666667,248.0,8036.666666666667
584,69.33333333333333,482.6666666666667,512.0,280.0,8023.333333333333
585,69.33333333333333,488.0,517.3333333333334,309.3333333333333,7999.333333333333
586,69.33333333333333,493.3333333333333,520.0,341.3333333333333,7972.666666666667
587,69.33333333333333,498.6666666666667,528.0,373.3333333333333,7946.0
588,69.33333333333333,506.6666666666667,533.3333333333334,405.3333333333333,7916.666666666667
589,69.33333333333333,509.3333333333333,538.6666666666666,440.0,7890.0
590,72.0,514.6666666666666,541.3333333333334,485.3333333333333,7860.666666666667
591,74.66666666666667,520.0,549.3333333333334,536.0,7831.333333333333
592,80.0,525.3333333333334,552.0,584.0,7799.333333333333
593,82.66666666666667,530.6666666666666,560.0,634.6666666666666,7756.666666666667
594,82.66666666666667,538.6666666666666,562.6666666666666,688.0,7711.333333333333
595,85.33333333333333,546.6666666666666,570.6666666666666,738.6666666666666,7666.0
596,85.33333333333333,554.6666666666666,576.0,786.6666666666666,7620.666666666667
597,88.0,557.3333333333334,581.3333333333334,845.3333333333334,7575.333333333333
598,90.66666666666667,562.6666666666666,584.0,912.0,7530.0
599,93.33333333333333,570.6666666666666,586.6666666666666,981.3333333333334,7484.666666666667
600,96.0,576.0,592.0,1048.0,7434.0
601,98.66666666666667,584.0,597.3333333333334,1117.3333333333333,7370.0
602,101.33333333333333,589.3333333333334,600.0,1186.6666666666667,7303.333333333333
603,104.0,597.3333333333334,602.6666666666666,1253.3333333333333,7236.666666666667
604,106.66666666666667,605.3333333333334,608.0,1314.6666666666667,7170.0
605,109.33333333333333,610.6666666666666,613.3333333333334,1384.0,7103.333333333333
606,112.0,616.0,618.6666666666666,1461.3333333333333,7036.666666666667
607,114.66666666666667,621.3333333333334,621.3333333333334,1541.3333333333333,6975.333333333333
608,117.33333333333333,626.6666666666666,626.6666666666666,1621.3333333333333,6906.0
609,122.66666666666667,632.0,629.3333333333334,1701.3333333333333,6826.0
610,125.33333333333333,634.6666666666666,632.0,1781.3333333333333,6743.333333333333
611,130.66666666666666,640.0,637.3333333333334,1858.6666666666667,6660.666666666667
612,133.33333333333334,642.6666666666666,642.6666666666666,1925.3333333333333,6580.666666666667
613,136.0,650.6666666666666,642.6666666666666,2005.3333333333333,6495.333333333333
614,141.33333333333334,656.0,645.3333333333334,2090.6666666666665,6415.333333333333
615,144.0,661.3333333333334,648.0,2178.6666666666665,6346.0
616,146.66666666666666,666.6666666666666,650.6666666666666,2266.6666666666665,6263.333333333333
617,149.33333333333334,672.0,650.6666666666666,2352.0,6172.666666666667
618,154.66666666666666,677.3333333333334,653.3333333333334,2440.0,6082.0
619,157.33333333333334,685.3333333333334,656.0,2522.6666666666665,5991.333333333333
620,160.0,690.6666666666666,658.6666666666666,2594.6666666666665,5903.333333333333
621,160.0,696.0,658.6666666666666,2669.3333333333335,5815.333333333333
622,162.66666666666666,704.0,661.3333333333334,2754.6666666666665,5730.0
623,165.33333333333334,712.0,661.3333333333334,2837.3333333333335,5652.666666666667
624,170.66666666666666,717.3333333333334,664.0,2920.0,5570.0
625,176.0,722.6666666666666,664.0,3002.6666666666665,5482.0
626,178.66666666666666,725.3333333333334,666.6666666666666,3085.3333333333335,5394.0
627,181.33333333333334,730.6666666666666,666.6666666666666,3162.6666666666665,5303.333333333333
628,184.0,736.0,669.3333333333334,3229.3333333333335,5212.666666666667
629,186.66666666666666,741.3333333333334,672.0,3298.6666666666665,5122.0
630,189.33333333333334,746.6666666666666,672.0,3370.6666666666665,5039.333333333333
631,192.0,752.0,672.0,3442.6666666666665,4970.0
632,194.66666666666666,757.3333333333334,674.6666666666666,3514.6666666666665,4898.0
633,197.33333333333334,762.6666666666666,677.3333333333334,3592.0,4820.666666666667
634,202.66666666666666,768.0,677.3333333333334,3666.6666666666665,4743.333333333333
635,205.33333333333334,773.3333333333334,677.3333333333334,3730.6666666666665,4663.333333333333
636,208.0,778.6666666666666,677.3333333333334,3789.3333333333335,4583.333333333333
637,210.66666666666666,784.0,677.3333333333334,3848.0,4503.333333333333
638,216.0,789.3333333333334,677.3333333333334,3906.6666666666665,4434.0
639,218.66666666666666,794.6666666666666,677.3333333333334,3968.0,4372.666666666667
640,224.0,800.0,677.3333333333334,4029.3333333333335,4311.333333333333
641,229.33333333333334,805.3333333333334,680.0,4093.3333333333335,4247.333333333333
642,234.66666666666666,810.6666666666666,680.0,4157.333333333333,4183.333333333333
643,240.0,816.0,682.6666666666666,4205.333333333333,4122.0
644,242.66666666666666,821.3333333333334,682.6666666666666,4248.0,4055.3333333333335
645,250.66666666666666,826.6666666666666,682.6666666666666,4290.666666666667,3988.6666666666665
646,256.0,832.0,682.6666666666666,4336.0,3938.0
647,264.0,837.3333333333334,682.6666666666666,4384.0,3892.6666666666665
648,269.3333333333333,842.6666666666666,682.6666666666666,4432.0,3850.0
649,277.3333333333333,848.0,682.6666666666666,4480.0,3802.0
650,282.6666666666667,853.3333333333334,682.6666666666666,4528.0,3754.0
651,288.0,858.6666666666666,682.6666666666666,4568.0,3703.3333333333335
652,293.3333333333333,861.3333333333334,682.6666666666666,4600.0,3652.6666666666665
653,296.0,866.6666666666666,682.6666666666666,4632.0,3604.6666666666665
654,301.3333333333333,872.0,682.6666666666666,4669.333333333333,3564.6666666666665
655,304.0,874.6666666666666,685.3333333333334,4706.666666666667,3527.3333333333335
656,312.0,882.6666666666666,685.3333333333334,4744.0,3487.3333333333335
657,317.3333333333333,888.0,685.3333333333334,4778.666666666667,3450.0
658,320.0,893.3333333333334,688.0,4813.333333333333,3410.0
659,322.6666666666667,896.0,688.0,4845.333333333333,3370.0
660,325.3333333333333,901.3333333333334,688.0,4877.333333333333,3330.0
661,330.6666666666667,906.6666666666666,688.0,4906.666666666667,3290.0
662,338.6666666666667,912.0,688.0,4938.666666666667,3255.3333333333335
663,344.0,917.3333333333334,688.0,4968.0,3223.3333333333335
664,346.6666666666667,922.6666666666666,688.0,4997.333333333333,3191.3333333333335
665,352.0,928.0,688.0,5026.666666666667,3159.3333333333335
666,357.3333333333333,933.3333333333334,688.0,5053.333333333333,3127.3333333333335
667,362.6666666666667,938.6666666666666,690.6666666666666,5077.333333333333,3092.6666666666665
668,368.0,944.0,690.6666666666666,5104.0,3058.0
669,373.3333333333333,952.0,690.6666666666666,5130.666666666667,3026.0
670,378.6666666666667,957.3333333333334,690.6666666666666,5157.333333333333,2996.6666666666665
671,384.0,965.3333333333334,688.0,5184.0,2970.0
672,389.3333333333333,973.3333333333334,690.6666666666666,5210.666666666667,2940.6666666666665
673,394.6666666666667,976.0,690.6666666666666,5237.333333333333,2908.6666666666665
674,400.0,981.3333333333334,693.3333333333334,5261.333333333333,2879.3333333333335
675,402.6666666666667,984.0,696.0,5285.333333333333,2850.0
676,408.0,989.3333333333334,696.0,5306.666666666667,2820.6666666666665
677,410.6666666666667,994.6666666666666,696.0,5330.666666666667,2794.0
678,413.3333333333333,1000.0,696.0,5352.0,2767.3333333333335
679,416.0,1005.3333333333334,696.0,5376.0,2740.6666666666665
680,421.3333333333333,1010.6666666666666,696.0,5400.0,2714.0
681,426.6666666666667,1016.0,696.0,5424.0,2690.0
682,429.3333333333333,1024.0,696.0,5448.0,2663.3333333333335
683,434.6666666666667,1026.6666666666667,696.0,5472.0,2636.6666666666665
684,437.3333333333333,1029.3333333333333,696.0,5493.333333333333,2610.0
685,442.6666666666667,1034.6666666666667,696.0,5517.333333333333,2586.0
686,445.3333333333333,1037.3333333333333,698.6666666666666,5541.333333333333,2564.6666666666665
687,450.6666666666667,1042.6666666666667,698.6666666666666,5565.333333333333,2540.6666666666665
688,458.6666666666667,1048.0,698.6666666666666,5586.666666666667,2516.6666666666665
689,466.6666666666667,1056.0,698.6666666666666,5605.333333333333,2492.6666666666665
690,472.0,1061.3333333333333,701.3333333333334,5624.0,2468.6666666666665
691,474.6666666666667,1064.0,704.0,5645.333333333333,2444.6666666666665
692,477.3333333333333,1069.3333333333333,704.0,5666.666666666667,2420.6666666666665
693,482.6666666666667,1074.6666666666667,706.6666666666666,5688.0,2399.3333333333335
694,488.0,1080.0,706.6666666666666,5709.333333333333,2378.0
695,496.0,1085.3333333333333,706.6666666666666,5730.666666666667,2359.3333333333335
696,501.3333333333333,1090.6666666666667,709.3333333333334,5752.0,2338.0
697,506.6666666666667,1096.0,709.3333333333334,5773.333333333333,2319.3333333333335
698,509.3333333333333,1101.3333333333333,709.3333333333334,5792.0,2300.6666666666665
699,512.0,1104.0,712.0,5810.666666666667,2279.3333333333335
700,517.3333333333334,1109.3333333333333,712.0,5829.333333333333,2258.0
701,522.6666666666666,1114.6666666666667,712.0,5848.0,2236.6666666666665
702,525.3333333333334,1117.3333333333333,709.3333333333334,5866.666666666667,2218.0
703,530.6666666666666,1125.3333333333333,712.0,5885.333333333333,2199.3333333333335
704,536.0,1130.6666666666667,709.3333333333334,5906.666666666667,2178.0
705,541.3333333333334,1138.6666666666667,709.3333333333334,5925.333333333333,2156.6666666666665
706,546.6666666666666,1144.0,709.3333333333334,5944.0,2135.3333333333335
707,549.3333333333334,1146.6666666666667,712.0,5960.0,2114.0
708,554.6666666666666,1152.0,714.6666666666666,5978.666666666667,2092.6666666666665
709,560.0,1157.3333333333333,717.3333333333334,5994.666666666667,2074.0
710,565.3333333333334,1162.6666666666667,720.0,6010.666666666667,2052.6666666666665
711,570.6666666666666,1168.0,720.0,6026.666666666667,2031.3333333333333
712,576.0,1170.6666666666667,722.6666666666666,6042.666666666667,2012.6666666666667
713,581.3333333333334,1176.0,725.3333333333334,6061.333333333333,1994.0
714,586.6666666666666,1181.3333333333333,725.3333333333334,6077.333333333333,1972.6666666666667
715,592.0,1186.6666666666667,725.3333333333334,6090.666666666667,1954.0
716,597.3333333333334,1194.6666666666667,725.3333333333334,6104.0,1935.3333333333333
717,600.0,1200.0,728.0,6120.0,1916.6666666666667
718,605.3333333333334,1205.3333333333333,725.3333333333334,6138.666666666667,1900.6666666666667
719,610.6666666666666,1208.0,725.3333333333334,6157.333333333333,1884.6666666666667
720,616.0,1210.6666666666667,725.3333333333334,6176.0,1868.6666666666667
721,621.3333333333334,1218.6666666666667,725.3333333333334,6192.0,1852.6666666666667
722,626.6666666666666,1221.3333333333333,728.0,6205.333333333333,1834.0
723,632.0,1226.6666666666667,728.0,6221.333333333333,1815.3333333333333
724,634.6666666666666,1232.0,730.6666666666666,6234.666666666667,1799.3333333333333
725,637.3333333333334,1237.3333333333333,733.3333333333334,6250.666666666667,1780.6666666666667
726,642.6666666666666,1242.6666666666667,730.6666666666666,6266.666666666667,1764.6666666666667
727,648.0,1248.0,730.6666666666666,6282.666666666667,1748.6666666666667
728,653.3333333333334,1253.3333333333333,733.3333333333334,6298.666666666667,1730.0
729,658.6666666666666,1258.6666666666667,733.3333333333334,6312.0,1714.0
730,661.3333333333334,1264.0,733.3333333333334,6328.0,1698.0
731,664.0,1269.3333333333333,736.0,6341.333333333333,1682.0
732,672.0,1274.6666666666667,736.0,6354.666666666667,1666.0
733,674.6666666666666,1277.3333333333333,736.0,6368.0,1652.6666666666667
734,677.3333333333334,1280.0,736.0,6381.333333333333,1639.3333333333333
735,680.0,1285.3333333333333,736.0,6397.333333333333,1626.0
736,682.6666666666666,1288.0,738.6666666666666,6413.333333333333,1612.6666666666667
737,688.0,1296.0,736.0,6429.333333333333,1596.6666666666667
738,690.6666666666666,1301.3333333333333,733.3333333333334,6442.666666666667,1583.3333333333333
739,696.0,1304.0,733.3333333333334,6456.0,1570.0
740,701.3333333333334,1309.3333333333333,733.3333333333334,6472.0,1559.3333333333333
741,704.0,1314.6666666666667,736.0,6485.333333333333,1546.0
742,709.3333333333334,1320.0,736.0,6501.333333333333,1532.6666666666667
743,714.6666666666666,1325.3333333333333,736.0,6514.666666666667,1519.3333333333333
744,720.0,1330.6666666666667,736.0,6528.0,1506.0
745,725.3333333333334,1336.0,736.0,6541.333333333333,1490.0
746,730.6666666666666,1341.3333333333333,736.0,6554.666666666667,1476.6666666666667
747,736.0,1346.6666666666667,733.3333333333334,6565.333333333333,1463.3333333333333
748,738.6666666666666,1349.3333333333333,736.0,6576.0,1450.0
749,744.0,1354.6666666666667,738.6666666666666,6589.333333333333,1436.6666666666667
750,752.0,1362.6666666666667,738.6666666666666,6602.666666666667,1423.3333333333333
751,760.0,1365.3333333333333,738.6666666666666,6616.0,1407.3333333333333
752,762.6666666666666,1373.3333333333333,738.6666666666666,6629.333333333333,1394.0
753,765.3333333333334,1376.0,738.6666666666666,6640.0,1378.0
754,770.6666666666666,1381.3333333333333,738.6666666666666,6653.333333333333,1362.0
755,776.0,1386.6666666666667,738.6666666666666,6666.666666666667,1348.6666666666667
756,781.3333333333334,1392.0,741.3333333333334,6680.0,1335.3333333333333
757,786.6666666666666,1397.3333333333333,741.3333333333334,6693.333333333333,1322.0
758,792.0,1402.6666666666667,741.3333333333334,6706.666666666667,1308.6666666666667
759,797.3333333333334,1408.0,738.6666666666666,6720.0,1295.3333333333333
760,802.6666666666666,1410.6666666666667,741.3333333333334,6730.666666666667,1282.0
761,808.0,1413.3333333333333,741.3333333333334,6741.333333333333,1268.6666666666667
762,810.6666666666666,1421.3333333333333,741.3333333333334,6752.0,1255.3333333333333
763,816.0,1426.6666666666667,741.3333333333334,6762.666666666667,1242.0
764,821.3333333333334,1432.0,744.0,6776.0,1231.3333333333333
765,826.6666666666666,1434.6666666666667,744.0,6786.666666666667,1220.6666666666667
766,832.0,1440.0,744.0,6797.333333333333,1207.3333333333333
767,837.3333333333334,1442.6666666666667,746.6666666666666,6808.0,1196.6666666666667
768,842.6666666666666,1445.3333333333333,749.3333333333334,6818.666666666667,1180.6666666666667
769,845.3333333333334,1450.6666666666667,749.3333333333334,6829.333333333333,1167.3333333333333
770,850.6666666666666,1456.0,749.3333333333334,6840.0,1151.3333333333333
771,858.6666666666666,1461.3333333333333,749.3333333333334,6850.666666666667,1138.0
772,864.0,1466.6666666666667,749.3333333333334,6861.333333333333,1124.6666666666667
773,869.3333333333334,1472.0,749.3333333333334,6872.0,1111.3333333333333
774,874.6666666666666,1477.3333333333333,752.0,6882.666666666667,1100.6666666666667
775,880.0,1482.6666666666667,752.0,6893.333333333333,1090.0
776,885.3333333333334,1485.3333333333333,752.0,6904.0,1076.6666666666667
777,890.6666666666666,1490.6666666666667,754.6666666666666,6914.666666666667,1066.0
778,896.0,1498.6666666666667,754.6666666666666,6925.333333333333,1055.3333333333333
779,901.3333333333334,1506.6666666666667,754.6666666666666,6933.333333333333,1044.6666666666667
780,904.0,1509.3333333333333,754.6666666666666,6944.0,1031.3333333333333
781,906.6666666666666,1514.6666666666667,754.6666666666666,6954.666666666667,1020.6666666666666
782,912.0,1517.3333333333333,754.6666666666666,6965.333333333333,1010.0
783,917.3333333333334,1525.3333333333333,754.6666666666666,6976.0,1002.0
784,922.6666666666666,1528.0,754.6666666666666,6986.666666666667,991.3333333333334
785,925.3333333333334,1533.3333333333333,754.6666666666666,6994.666666666667,980.6666666666666
786,930.6666666666666,1538.6666666666667,754.6666666666666,7005.333333333333,970.0
787,936.0,1544.0,754.6666666666666,7016.0,959.3333333333334
788,941.3333333333334,1549.3333333333333,754.6666666666666,7026.666666666667,948.6666666666666
789,946.6666666666666,1554.6666666666667,757.3333333333334,7037.333333333333,938.0
790,952.0,1562.6666666666667,757.3333333333334,7048.0,927.3333333333334
791,957.3333333333334,1568.0,754.6666666666666,7058.666666666667,914.0
792,960.0,1570.6666666666667,757.3333333333334,7069.333333333333,903.3333333333334
793,965.3333333333334,1576.0,757.3333333333334,7080.0,892.6666666666666
794,970.6666666666666,1584.0,757.3333333333334,7088.0,879.3333333333334
795,976.0,1592.0,757.3333333333334,7096.0,866.0
796,981.3333333333334,1600.0,757.3333333333334,7106.666666666667,855.3333333333334
797,986.6666666666666,1605.3333333333333,757.3333333333334,7117.333333333333,844.6666666666666
798,994.6666666666666,1613.3333333333333,757.3333333333334,7128.0,836.6666666666666
799,1000.0,1618.6666666666667,757.3333333333334,7138.666666666667,826.0
800,1002.6666666666666,1624.0,757.3333333333334,7146.666666666667,818.0
801,1008.0,1629.3333333333333,757.3333333333334,7157.333333333333,810.0
802,1013.3333333333334,1634.6666666666667,757.3333333333334,7165.333333333333,802.0
803,1018.6666666666666,1640.0,757.3333333333334,7173.333333333333,794.0
804,1024.0,1645.3333333333333,757.3333333333334,7184.0,783.3333333333334
805,1029.3333333333333,1650.6666666666667,757.3333333333334,7192.0,772.6666666666666
806,1034.6666666666667,1656.0,757.3333333333334,7202.666666666667,762.0
807,1037.3333333333333,1661.3333333333333,757.3333333333334,7210.666666666667,751.3333333333334
808,1040.0,1664.0,754.6666666666666,7218.666666666667,740.6666666666666
809,1042.6666666666667,1669.3333333333333,754.6666666666666,7229.333333333333,730.0
810,1048.0,1677.3333333333333,754.6666666666666,7237.333333333333,722.0
811,1053.3333333333333,1682.6666666666667,754.6666666666666,7242.666666666667,714.0
812,1058.6666666666667,1690.6666666666667,754.6666666666666,7250.666666666667,703.3333333333334
813,1064.0,1693.3333333333333,752.0,7258.666666666667,692.6666666666666
814,1069.3333333333333,1701.3333333333333,752.0,7266.666666666667,684.6666666666666
815,1074.6666666666667,1706.6666666666667,752.0,7274.666666666667,674.0
816,1077.3333333333333,1712.0,752.0,7280.0,666.0
817,1082.6666666666667,1717.3333333333333,752.0,7285.333333333333,655.3333333333334
818,1085.3333333333333,1722.6666666666667,752.0,7290.666666666667,647.3333333333334
819,1090.6666666666667,1728.0,752.0,7298.666666666667,639.3333333333334
820,1096.0,1733.3333333333333,752.0,7304.0,631.3333333333334
821,1101.3333333333333,1738.6666666666667,754.6666666666666,7312.0,626.0
822,1106.6666666666667,1744.0,754.6666666666666,7320.0,618.0
823,1112.0,1749.3333333333333,754.6666666666666,7328.0,610.0
824,1117.3333333333333,1752.0,754.6666666666666,7336.0,604.6666666666666
825,1122.6666666666667,1757.3333333333333,754.6666666666666,7344.0,599.3333333333334
826,1128.0,1762.6666666666667,754.6666666666666,7346.666666666667,594.0
827,1133.3333333333333,1770.6666666666667,754.6666666666666,7352.0,588.6666666666666
828,1136.0,1776.0,754.6666666666666,7357.333333333333,583.3333333333334
829,1141.3333333333333,1784.0,754.6666666666666,7362.666666666667,575.3333333333334
830,1146.6666666666667,1786.6666666666667,754.6666666666666,7368.0,567.3333333333334
831,1149.3333333333333,1792.0,754.6666666666666,7373.333333333333,559.3333333333334
832,1152.0,1797.3333333333333,752.0,7378.666666666667,551.3333333333334
833,1157.3333333333333,1802.6666666666667,752.0,7384.0,543.3333333333334
834,1162.6666666666667,1810.6666666666667,752.0,7386.666666666667,538.0
835,1165.3333333333333,1816.0,752.0,7392.0,532.6666666666666
836,1168.0,1821.3333333333333,752.0,7394.666666666667,527.3333333333334
837,1176.0,1829.3333333333333,752.0,7400.0,522.0
838,1181.3333333333333,1834.6666666666667,754.6666666666666,7405.333333333333,516.6666666666666
839,1186.6666666666667,1837.3333333333333,754.6666666666666,7408.0,511.3333333333333
840,1192.0,1842.6666666666667,754.6666666666666,7413.333333333333,506.0
841,1197.3333333333333,1850.6666666666667,754.6666666666666,7421.333333333333,500.6666666666667
842,1202.6666666666667,1856.0,754.6666666666666,7426.666666666667,498.0
843,1208.0,1864.0,757.3333333333334,7432.0,495.3333333333333
844,1213.3333333333333,1869.3333333333333,757.3333333333334,7437.333333333333,490.0
845,1218.6666666666667,1872.0,757.3333333333334,7442.666666666667,487.3333333333333
846,1224.0,1877.3333333333333,757.3333333333334,7448.0,479.3333333333333
847,1226.6666666666667,1882.6666666666667,757.3333333333334,7453.333333333333,476.6666666666667
848,1232.0,1888.0,757.3333333333334,7458.666666666667,474.0
849,1237.3333333333333,1893.3333333333333,754.6666666666666,7461.333333333333,471.3333333333333
850,1242.6666666666667,1898.6666666666667,754.6666666666666,7466.666666666667,466.0
851,1248.0,1904.0,754.6666666666666,7469.333333333333,460.6666666666667
852,1256.0,1909.3333333333333,754.6666666666666,7474.666666666667,455.3333333333333
853,1258.6666666666667,1914.6666666666667,754.6666666666666,7477.333333333333,450.0
854,1261.3333333333333,1920.0,754.6666666666666,7480.0,444.6666666666667
855,1266.6666666666667,1922.6666666666667,754.6666666666666,7482.666666666667,439.3333333333333
856,1272.0,1928.0,754.6666666666666,7488.0,436.6666666666667
857,1277.3333333333333,1933.3333333333333,754.6666666666666,7490.666666666667,431.3333333333333
858,1282.6666666666667,1938.6666666666667,754.6666666666666,7493.333333333333,426.0
859,1288.0,1944.0,754.6666666666666,7496.0,423.3333333333333
860,1293.3333333333333,1949.3333333333333,752.0,7498.666666666667,420.6666666666667
861,1298.6666666666667,1954.6666666666667,752.0,7501.333333333333,418.0
862,1304.0,1960.0,754.6666666666666,7504.0,415.3333333333333
863,1306.6666666666667,1965.3333333333333,754.6666666666666,7506.666666666667,412.6666666666667
864,1309.3333333333333,1968.0,754.6666666666666,7512.0,410.0
865,1314.6666666666667,1973.3333333333333,754.6666666666666,7517.333333333333,407.3333333333333
866,1320.0,1978.6666666666667,754.6666666666666,7522.666666666667,404.6666666666667
867,1322.6666666666667,1981.3333333333333,754.6666666666666,7528.0,402.0
868,1328.0,1989.3333333333333,754.6666666666666,7533.333333333333,396.6666666666667
869,1333.3333333333333,1994.6666666666667,754.6666666666666,7536.0,391.3333333333333
870,1336.0,1997.3333333333333,754.6666666666666,7536.0,386.0
871,1338.6666666666667,2000.0,754.6666666666666,7536.0,380.6666666666667
872,1344.0,2002.6666666666667,754.6666666666666,7538.666666666667,375.3333333333333
873,1349.3333333333333,2008.0,754.6666666666666,7541.333333333333,370.0
874,1354.6666666666667,2013.3333333333333,754.6666666666666,7544.0,364.6666666666667
875,1360.0,2018.6666666666667,754.6666666666666,7546.666666666667,359.3333333333333
876,1365.3333333333333,2024.0,754.6666666666666,7546.666666666667,359.3333333333333
877,1370.6666666666667,2026.6666666666667,754.6666666666666,7549.333333333333,354.0
878,1376.0,2032.0,754.6666666666666,7552.0,348.6666666666667
879,1378.6666666666667,2037.3333333333333,757.3333333333334,7554.666666666667,343.3333333333333
880,1384.0,2042.6666666666667,757.3333333333334,7557.333333333333,340.6666666666667
881,1386.6666666666667,2048.0,757.3333333333334,7560.0,338.0
882,1392.0,2053.3333333333335,757.3333333333334,7560.0,335.3333333333333
883,1397.3333333333333,2058.6666666666665,757.3333333333334,7562.666666666667,332.6666666666667
884,1402.6666666666667,2064.0,757.3333333333334,7565.333333333333,330.0
885,1405.3333333333333,2069.3333333333335,757.3333333333334,7568.0,327.3333333333333
886,1408.0,2072.0,757.3333333333334,7570.666666666667,322.0
887,1413.3333333333333,2077.3333333333335,757.3333333333334,7573.333333333333,319.3333333333333
888,1418.6666666666667,2082.6666666666665,757.3333333333334,7576.0,316.6666666666667
889,1424.0,2088.0,757.3333333333334,7578.666666666667,314.0
890,1429.3333333333333,2096.0,760.0,7581.333333333333,311.3333333333333
891,1434.6666666666667,2098.6666666666665,760.0,7584.0,308.6666666666667
892,1440.0,2101.3333333333335,760.0,7586.666666666667,306.0
893,1445.3333333333333,2106.6666666666665,760.0,7589.333333333333,303.3333333333333
894,1450.6666666666667,2112.0,760.0,7589.333333333333,300.6666666666667
895,1456.0,2117.3333333333335,760.0,7589.333333333333,298.0
896,1461.3333333333333,2122.6666666666665,760.0,7589.333333333333,295.3333333333333
897,1466.6666666666667,2128.0,760.0,7589.333333333333,292.6666666666667
898,1474.6666666666667,2130.6666666666665,760.0,7589.333333333333,292.6666666666667
899,1477.3333333333333,2136.0,760.0,7592.0,292.6666666666667
900,1482.6666666666667,2141.3333333333335,760.0,7594.666666666667,292.6666666666667
901,1488.0,2146.6666666666665,760.0,7597.333333333333,292.6666666666667
902,1490.6666666666667,2152.0,760.0,7597.333333333333,292.6666666666667
903,1498.6666666666667,2157.3333333333335,760.0,7597.333333333333,292.6666666666667
904,1504.0,2160.0,760.0,7600.0,292.6666666666667
905,1509.3333333333333,2165.3333333333335,760.0,7600.0,290.0
906,1514.6666666666667,2170.6666666666665,762.6666666666666,7605.333333333333,287.3333333333333
907,1520.0,2178.6666666666665,762.6666666666666,7605.333333333333,287.3333333333333
908,1522.6666666666667,2184.0,762.6666666666666,7608.0,287.3333333333333
909,1528.0,2189.3333333333335,762.6666666666666,7605.333333333333,287.3333333333333
910,1530.6666666666667,2194.6666666666665,762.6666666666666,7605.333333333333,287.3333333333333
911,1538.6666666666667,2200.0,762.6666666666666,7605.333333333333,287.3333333333333
912,1541.3333333333333,2205.3333333333335,762.6666666666666,7608.0,284.6666666666667
913,1549.3333333333333,2210.6666666666665,762.6666666666666,7608.0,282.0
914,1554.6666666666667,2216.0,762.6666666666666,7608.0,279.3333333333333
915,1560.0,2221.3333333333335,762.6666666666666,7610.666666666667,279.3333333333333
916,1565.3333333333333,2226.6666666666665,762.6666666666666,7610.666666666667,279.3333333333333
917,1570.6666666666667,2229.3333333333335,762.6666666666666,7610.666666666667,276.6666666666667
918,1576.0,2232.0,762.6666666666666,7610.666666666667,274.0
919,1581.3333333333333,2237.3333333333335,762.6666666666666,7613.333333333333,271.3333333333333
920,1586.6666666666667,2242.6666666666665,762.6666666666666,7613.333333333333,268.6666666666667
921,1592.0,2250.6666666666665,762.6666666666666,7616.0,266.0
922,1597.3333333333333,2258.6666666666665,762.6666666666666,7616.0,263.3333333333333
923,1602.6666666666667,2264.0,762.6666666666666,7618.666666666667,260.6666666666667
924,1608.0,2269.3333333333335,762.6666666666666,7621.333333333333,260.6666666666667
925,1613.3333333333333,2274.6666666666665,762.6666666666666,7621.333333333333,258.0
926,1618.6666666666667,2280.0,762.6666666666666,7624.0,258.0
927,1624.0,2285.3333333333335,762.6666666666666,7626.666666666667,258.0
928,1629.3333333333333,2290.6666666666665,762.6666666666666,7629.333333333333,255.33333333333334
929,1634.6666666666667,2296.0,762.6666666666666,7629.333333333333,252.66666666666666
930,1642.6666666666667,2301.3333333333335,762.6666666666666,7632.0,250.0
931,1650.6666666666667,2309.3333333333335,762.6666666666666,7634.666666666667,250.0
932,1656.0,2314.6666666666665,762.6666666666666,7637.333333333333,250.0
933,1658.6666666666667,2317.3333333333335,762.6666666666666,7640.0,247.33333333333334
934,1664.0,2325.3333333333335,762.6666666666666,7640.0,244.66666666666666
935,1669.3333333333333,2333.3333333333335,762.6666666666666,7642.666666666667,247.33333333333334
936,1674.6666666666667,2338.6666666666665,760.0,7642.666666666667,244.66666666666666
937,1680.0,2341.3333333333335,760.0,7645.333333333333,242.0
938,1688.0,2346.6666666666665,760.0,7645.333333333333,239.33333333333334
939,1693.3333333333333,2352.0,760.0,7650.666666666667,236.66666666666666
940,1698.6666666666667,2357.3333333333335,760.0,7653.333333333333,234.0
941,1701.3333333333333,2362.6666666666665,760.0,7656.0,231.33333333333334
942,1706.6666666666667,2368.0,760.0,7656.0,231.33333333333334
943,1709.3333333333333,2373.3333333333335,757.3333333333334,7658.666666666667,231.33333333333334
944,1717.3333333333333,2378.6666666666665,757.3333333333334,7661.333333333333,234.0
945,1725.3333333333333,2384.0,757.3333333333334,7661.333333333333,231.33333333333334
946,1733.3333333333333,2389.3333333333335,757.3333333333334,7664.0,228.66666666666666
947,1736.0,2394.6666666666665,757.3333333333334,7666.666666666667,228.66666666666666
948,1741.3333333333333,2400.0,757.3333333333334,7669.333333333333,228.66666666666666
949,1744.0,2402.6666666666665,757.3333333333334,7669.333333333333,228.66666666666666
950,1749.3333333333333,2408.0,757.3333333333334,7672.0,228.66666666666666
951,1754.6666666666667,2410.6666666666665,757.3333333333334,7672.0,228.66666666666666
952,1760.0,2413.3333333333335,757.3333333333334,7674.666666666667,228.66666666666666
953,1768.0,2416.0,757.3333333333334,7674.666666666667,228.66666666666666
954,1773.3333333333333,2421.3333333333335,757.3333333333334,7674.666666666667,226.0
955,1778.6666666666667,2426.6666666666665,757.3333333333334,7677.333333333333,226.0
956,1784.0,2429.3333333333335,757.3333333333334,7677.333333333333,223.33333333333334
957,1789.3333333333333,2434.6666666666665,757.3333333333334,7677.333333333333,220.66666666666666
958,1794.6666666666667,2440.0,757.3333333333334,7677.333333333333,220.66666666666666
959,1802.6666666666667,2445.3333333333335,757.3333333333334,7677.333333333333,220.66666666666666
960,1808.0,2450.6666666666665,757.3333333333334,7677.333333333333,220.66666666666666
961,1813.3333333333333,2453.3333333333335,757.3333333333334,7677.333333333333,218.0
962,1818.6666666666667,2458.6666666666665,757.3333333333334,7677.333333333333,215.33333333333334
963,1824.0,2464.0,757.3333333333334,7677.333333333333,215.33333333333334
964,1829.3333333333333,2466.6666666666665,757.3333333333334,7677.333333333333,215.33333333333334
965,1834.6666666666667,2469.3333333333335,757.3333333333334,7677.333333333333,212.66666666666666
966,1840.0,2474.6666666666665,757.3333333333334,7677.333333333333,212.66666666666666
967,1845.3333333333333,2482.6666666666665,757.3333333333334,7677.333333333333,212.66666666666666
968,1850.6666666666667,2488.0,757.3333333333334,7677.333333333333,212.66666666666666
969,1856.0,2493.3333333333335,757.3333333333334,7677.333333333333,212.66666666666666
970,1861.3333333333333,2498.6666666666665,757.3333333333334,7677.333333333333,212.66666666666666
971,1869.3333333333333,2504.0,757.3333333333334,7677.333333333333,212.66666666666666
972,1874.6666666666667,2509.3333333333335,757.3333333333334,7677.333333333333,212.66666666666666
973,1880.0,2514.6666666666665,760.0,7677.333333333333,212.66666666666666
974,1885.3333333333333,2520.0,760.0,7677.333333333333,210.0
975,1888.0,2522.6666666666665,760.0,7677.333333333333,210.0
976,1890.6666666666667,2525.3333333333335,760.0,7677.333333333333,210.0
977,1896.0,2530.6666666666665,760.0,7677.333333333333,210.0
978,1898.6666666666667,2536.0,760.0,7677.333333333333,212.66666666666666
979,1904.0,2541.3333333333335,760.0,7677.333333333333,210.0
980,1909.3333333333333,2544.0,760.0,7677.333333333333,210.0
981,1914.6666666666667,2549.3333333333335,760.0,7677.333333333333,210.0
982,1920.0,2554.6666666666665,760.0,7677.333333333333,210.0
983,1922.6666666666667,2560.0,760.0,7677.333333333333,210.0
984,1925.3333333333333,2562.6666666666665,760.0,7674.666666666667,210.0
985,1930.6666666666667,2565.3333333333335,760.0,7674.666666666667,210.0
986,1936.0,2570.6666666666665,760.0,7674.666666666667,210.0
987,1938.6666666666667,2573.3333333333335,760.0,7674.666666666667,210.0
988,1938.6666666666667,2576.0,760.0,7674.666666666667,210.0
989,1941.3333333333333,2581.3333333333335,760.0,7677.333333333333,210.0
990,1944.0,2586.6666666666665,760.0,7677.333333333333,210.0
991,1946.6666666666667,2592.0,760.0,7677.333333333333,207.33333333333334
992,1952.0,2597.3333333333335,760.0,7677.333333333333,207.33333333333334
993,1954.6666666666667,2600.0,760.0,7677.333333333333,207.33333333333334
994,1960.0,2605.3333333333335,760.0,7677.333333333333,207.33333333333334
995,1962.6666666666667,2610.6666666666665,760.0,7677.333333333333,204.66666666666666
996,1965.3333333333333,2613.3333333333335,760.0,7677.333333333333,204.66666666666666
997,1970.6666666666667,2616.0,760.0,7677.333333333333,204.66666666666666
998,1976.0,2618.6666666666665,760.0,7677.333333333333,204.66666666666666
999,1981.3333333333333,2621.3333333333335,760.0,7677.333333333333,204.66666666666666
1000,1984.0,2624.0,760.0,7677.333333333333,204.66666666666666
1001,1984.0,2626.6666666666665,762.6666666666666,7677.333333333333,204.66666666666666
1002,1989.3333333333333,2629.3333333333335,762.6666666666666,7677.333333333333,204.66666666666666
1003,1994.6666666666667,2632.0,762.6666666666666,7677.333333333333,204.66666666666666
1004,1997.3333333333333,2634.6666666666665,762.6666666666666,7677.333333333333,204.66666666666666
1005,2005.3333333333333,2640.0,762.6666666666666,7677.333333333333,204.66666666666666
1006,2010.6666666666667,2648.0,762.6666666666666,7677.333333333333,204.66666666666666
1007,2016.0,2653.3333333333335,762.6666666666666,7677.333333333333,204.66666666666666
1008,2021.3333333333333,2656.0,762.6666666666666,7677.333333333333,202.0
1009,2026.6666666666667,2658.6666666666665,762.6666666666666,7674.666666666667,204.66666666666666
1010,2029.3333333333333,2664.0,762.6666666666666,7674.666666666667,204.66666666666666
1011,2032.0,2666.6666666666665,762.6666666666666,7674.666666666667,204.66666666666666
1012,2037.3333333333333,2672.0,762.6666666666666,7674.666666666667,204.66666666666666
1013,2042.6666666666667,2677.3333333333335,762.6666666666666,7674.666666666667,202.0
1014,2050.6666666666665,2682.6666666666665,762.6666666666666,7677.333333333333,202.0
1015,2053.3333333333335,2688.0,762.6666666666666,7677.333333333333,202.0
1016,2058.6666666666665,2693.3333333333335,762.6666666666666,7677.333333333333,202.0
1017,2066.6666666666665,2698.6666666666665,762.6666666666666,7677.333333333333,202.0
1018,2074.6666666666665,2704.0,765.3333333333334,7680.0,202.0
1019,2080.0,2706.6666666666665,765.3333333333334,7680.0,202.0
1020,2085.3333333333335,2712.0,765.3333333333334,7680.0,202.0
1021,2090.6666666666665,2714.6666666666665,765.3333333333334,7680.0,202.0
1022,2096.0,2717.3333333333335,765.3333333333334,7680.0,202.0
1023,2101.3333333333335,2725.3333333333335,765.3333333333334,7680.0,202.0
1024,2106.6666666666665,2730.6666666666665,765.3333333333334,7680.0,202.0
1025,2112.0,2736.0,765.3333333333334,7680.0,202.0
1026,2117.3333333333335,2738.6666666666665,765.3333333333334,7680.0,202.0
1027,2122.6666666666665,2744.0,765.3333333333334,7680.0,199.33333333333334
1028,2128.0,2749.3333333333335,765.3333333333334,7680.0,199.33333333333334
1029,2130.6666666666665,2754.6666666666665,765.3333333333334,7680.0,199.33333333333334
1030,2138.6666666666665,2760.0,765.3333333333334,7680.0,199.33333333333334
1031,2144.0,2765.3333333333335,762.6666666666666,7680.0,199.33333333333334
1032,2146.6666666666665,2770.6666666666665,762.6666666666666,7680.0,196.66666666666666
1033,2152.0,2776.0,762.6666666666666,7680.0,196.66666666666666
1034,2157.3333333333335,2781.3333333333335,762.6666666666666,7680.0,196.66666666666666
1035,2160.0,2786.6666666666665,762.6666666666666,7680.0,194.0
1036,2165.3333333333335,2789.3333333333335,762.6666666666666,7680.0,194.0
1037,2173.3333333333335,2792.0,762.6666666666666,7680.0,191.33333333333334
1038,2178.6666666666665,2797.3333333333335,762.6666666666666,7680.0,191.33333333333334
1039,2184.0,2802.6666666666665,762.6666666666666,7682.666666666667,191.33333333333334
1040,2189.3333333333335,2805.3333333333335,765.3333333333334,7682.666666666667,188.66666666666666
1041,2194.6666666666665,2810.6666666666665,765.3333333333334,7682.666666666667,186.0
1042,2197.3333333333335,2813.3333333333335,765.3333333333334,7682.666666666667,183.33333333333334
1043,2202.6666666666665,2818.6666666666665,765.3333333333334,7682.666666666667,183.33333333333334
1044,2208.0,2824.0,765.3333333333334,7682.666666666667,183.33333333333334
1045,2216.0,2829.3333333333335,765.3333333333334,7682.666666666667,180.66666666666666
1046,2218.6666666666665,2834.6666666666665,765.3333333333334,7682.666666666667,180.66666666666666
1047,2224.0,2840.0,765.3333333333334,7682.666666666667,178.0
1048,2229.3333333333335,2845.3333333333335,762.6666666666666,7680.0,175.33333333333334
1049,2234.6666666666665,2850.6666666666665,762.6666666666666,7680.0,175.33333333333334
1050,2240.0,2853.3333333333335,762.6666666666666,7680.0,175.33333333333334
1051,2245.3333333333335,2858.6666666666665,762.6666666666666,7680.0,175.33333333333334
1052,2250.6666666666665,2866.6666666666665,762.6666666666666,7680.0,172.66666666666666
1053,2256.0,2872.0,762.6666666666666,7680.0,172.66666666666666
1054,2258.6666666666665,2874.6666666666665,762.6666666666666,7680.0,170.0
1055,2264.0,2877.3333333333335,762.6666666666666,7680.0,172.66666666666666
1056,2269.3333333333335,2885.3333333333335,762.6666666666666,7680.0,172.66666666666666
1057,2272.0,2890.6666666666665,762.6666666666666,7680.0,172.66666666666666
1058,2277.3333333333335,2896.0,762.6666666666666,7680.0,172.66666666666666
1059,2282.6666666666665,2901.3333333333335,762.6666666666666,7680.0,170.0
1060,2288.0,2906.6666666666665,762.6666666666666,7680.0,167.33333333333334
1061,2293.3333333333335,2912.0,762.6666666666666,7680.0,164.66666666666666
1062,2301.3333333333335,2917.3333333333335,762.6666666666666,7680.0,167.33333333333334
1063,2306.6666666666665,2922.6666666666665,762.6666666666666,7680.0,164.66666666666666
1064,2312.0,2928.0,762.6666666666666,7680.0,164.66666666666666
1065,2317.3333333333335,2933.3333333333335,762.6666666666666,7680.0,167.33333333333334
1066,2322.6666666666665,2938.6666666666665,762.6666666666666,7680.0,164.66666666666666
1067,2328.0,2944.0,762.6666666666666,7680.0,167.33333333333334
1068,2333.3333333333335,2952.0,762.6666666666666,7680.0,167.33333333333334
1069,2338.6666666666665,2957.3333333333335,762.6666666666666,7680.0,167.33333333333334
1070,2344.0,2962.6666666666665,760.0,7680.0,167.33333333333334
1071,2349.3333333333335,2968.0,760.0,7680.0,170.0
1072,2354.6666666666665,2973.3333333333335,760.0,7680.0,172.66666666666666
1073,2357.3333333333335,2978.6666666666665,760.0,7680.0,175.33333333333334
1074,2360.0,2984.0,760.0,7680.0,175.33333333333334
1075,2365.3333333333335,2989.3333333333335,760.0,7680.0,175.33333333333334
1076,2373.3333333333335,2992.0,760.0,7680.0,175.33333333333334
1077,2378.6666666666665,2997.3333333333335,760.0,7680.0,175.33333333333334
1078,2384.0,3002.6666666666665,760.0,7680.0,175.33333333333334
1079,2389.3333333333335,3008.0,760.0,7680.0,172.66666666666666
1080,2394.6666666666665,3013.3333333333335,760.0,7680.0,172.66666666666666
1081,2400.0,3018.6666666666665,760.0,7680.0,175.33333333333334
1082,2405.3333333333335,3021.3333333333335,760.0,7680.0,175.33333333333334
1083,2410.6666666666665,3024.0,760.0,7680.0,172.66666666666666
1084,2416.0,3029.3333333333335,760.0,7680.0,172.66666666666666
1085,2421.3333333333335,3034.6666666666665,760.0,7680.0,170.0
1086,2429.3333333333335,3037.3333333333335,760.0,7680.0,167.33333333333334
1087,2434.6666666666665,3040.0,760.0,7680.0,167.33333333333334
1088,2437.3333333333335,3042.6666666666665,760.0,7680.0,164.66666666666666
1089,2442.6666666666665,3048.0,760.0,7680.0,164.66666666666666
1090,2448.0,3053.3333333333335,760.0,7680.0,167.33333333333334
1091,2456.0,3058.6666666666665,760.0,7680.0,167.33333333333334
1092,2461.3333333333335,3064.0,760.0,7680.0,164.66666666666666
1093,2466.6666666666665,3069.3333333333335,760.0,7680.0,164.66666666666666
1094,2472.0,3074.6666666666665,760.0,7682.666666666667,164.66666666666666
1095,2474.6666666666665,3080.0,760.0,7682.666666666667,162.0
1096,2480.0,3085.3333333333335,760.0,7682.666666666667,162.0
1097,2482.6666666666665,3090.6666666666665,760.0,7682.666666666667,159.33333333333334
1098,2488.0,3093.3333333333335,760.0,7682.666666666667,156.66666666666666
1099,2493.3333333333335,3098.6666666666665,760.0,7682.666666666667,154.0
1100,2498.6666666666665,3104.0,760.0,7682.666666666667,154.0
1101,2504.0,3109.3333333333335,760.0,7682.666666666667,154.0
1102,2509.3333333333335,3114.6666666666665,760.0,7682.666666666667,151.33333333333334
1103,2514.6666666666665,3117.3333333333335,760.0,7682.666666666667,148.66666666666666
1104,2520.0,3120.0,760.0,7682.666666666667,146.0
1105,2522.6666666666665,3125.3333333333335,760.0,7682.666666666667,146.0
1106,2525.3333333333335,3133.3333333333335,760.0,7682.666666666667,143.33333333333334
1107,2528.0,3138.6666666666665,760.0,7682.666666666667,146.0
1108,2533.3333333333335,3144.0,760.0,7682.666666666667,148.66666666666666
1109,2538.6666666666665,3149.3333333333335,760.0,7682.666666666667,148.66666666666666
1110,2544.0,3154.6666666666665,760.0,7682.666666666667,146.0
1111,2549.3333333333335,3160.0,760.0,7682.666666666667,143.33333333333334
1112,2554.6666666666665,3165.3333333333335,760.0,7682.666666666667,143.33333333333334
1113,2557.3333333333335,3170.6666666666665,760.0,7682.666666666667,143.33333333333334
1114,2562.6666666666665,3176.0,760.0,7682.666666666667,143.33333333333334
1115,2568.0,3181.3333333333335,760.0,7682.666666666667,146.0
1116,2570.6666666666665,3186.6666666666665,760.0,7682.666666666667,146.0
1117,2576.0,3192.0,760.0,7682.666666666667,148.66666666666666
1118,2581.3333333333335,3197.3333333333335,760.0,7682.666666666667,148.66666666666666
1119,2586.6666666666665,3200.0,760.0,7682.666666666667,148.66666666666666
1120,2589.3333333333335,3202.6666666666665,760.0,7682.666666666667,146.0
1121,2592.0,3205.3333333333335,760.0,7682.666666666667,146.0
1122,2597.3333333333335,3210.6666666666665,760.0,7682.666666666667,146.0
1123,2602.6666666666665,3216.0,760.0,7682.666666666667,146.0
1124,2605.3333333333335,3221.3333333333335,760.0,7680.0,143.33333333333334
1125,2613.3333333333335,3226.6666666666665,760.0,7680.0,143.33333333333334
1126,2618.6666666666665,3232.0,760.0,7680.0,143.33333333333334
1127,2624.0,3237.3333333333335,760.0,7680.0,143.33333333333334
1128,2626.6666666666665,3240.0,760.0,7680.0,143.33333333333334
1129,2632.0,3245.3333333333335,760.0,7680.0,143.33333333333334
1130,2637.3333333333335,3250.6666666666665,760.0,7680.0,143.33333333333334
1131,2642.6666666666665,3256.0,760.0,7680.0,140.66666666666666
1132,2648.0,3261.3333333333335,760.0,7680.0,140.66666666666666
1133,2653.3333333333335,3266.6666666666665,760.0,7680.0,140.66666666666666
1134,2656.0,3272.0,760.0,7680.0,140.66666666666666
1135,2661.3333333333335,3274.6666666666665,762.6666666666666,7682.666666666667,140.66666666666666
1136,2666.6666666666665,3277.3333333333335,762.6666666666666,7685.333333333333,140.66666666666666
1137,2672.0,3282.6666666666665,762.6666666666666,7685.333333333333,138.0
1138,2674.6666666666665,3285.3333333333335,762.6666666666666,7685.333333333333,135.33333333333334
1139,2677.3333333333335,3290.6666666666665,762.6666666666666,7685.333333333333,135.33333333333334
1140,2680.0,3296.0,762.6666666666666,7685.333333333333,135.33333333333334
1141,2682.6666666666665,3301.3333333333335,762.6666666666666,7685.333333333333,135.33333333333334
1142,2685.3333333333335,3306.6666666666665,762.6666666666666,7685.333333333333,135.33333333333334
1143,2690.6666666666665,3312.0,762.6666666666666,7685.333333333333,135.33333333333334
1144,2696.0,3317.3333333333335,760.0,7685.333333333333,135.33333333333334
1145,2701.3333333333335,3322.6666666666665,760.0,7685.333333333333,132.66666666666666
1146,2706.6666666666665,3328.0,760.0,7685.333333333333,132.66666666666666
1147,2712.0,3333.3333333333335,760.0,7685.333333333333,130.0
1148,2717.3333333333335,3338.6666666666665,757.3333333333334,7685.333333333333,130.0
1149,2722.6666666666665,3344.0,757.3333333333334,7685.333333333333,130.0
1150,2728.0,3352.0,757.3333333333334,7688.0,130.0
1151,2733.3333333333335,3357.3333333333335,757.3333333333334,7688.0,130.0
1152,2736.0,3362.6666666666665,757.3333333333334,7688.0,130.0
1153,2738.6666666666665,3368.0,757.3333333333334,7688.0,130.0
1154,2744.0,3370.6666666666665,757.3333333333334,7688.0,130.0
1155,2746.6666666666665,3376.0,757.3333333333334,7688.0,130.0
1156,2749.3333333333335,3381.3333333333335,757.3333333333334,7688.0,130.0
1157,2752.0,3386.6666666666665,757.3333333333334,7688.0,130.0
1158,2757.3333333333335,3394.6666666666665,757.3333333333334,7688.0,130.0
1159,2760.0,3400.0,757.3333333333334,7688.0,130.0
1160,2765.3333333333335,3405.3333333333335,757.3333333333334,7688.0,130.0
1161,2770.6666666666665,3410.6666666666665,757.3333333333334,7688.0,130.0
1162,2776.0,3416.0,757.3333333333334,7688.0,130.0
1163,2778.6666666666665,3421.3333333333335,757.3333333333334,7688.0,130.0
1164,2786.6666666666665,3426.6666666666665,757.3333333333334,7688.0,130.0
1165,2792.0,3434.6666666666665,754.6666666666666,7685.333333333333,130.0
1166,2797.3333333333335,3440.0,754.6666666666666,7685.333333333333,130.0
1167,2802.6666666666665,3442.6666666666665,754.6666666666666,7685.333333333333,132.66666666666666
1168,2808.0,3450.6666666666665,754.6666666666666,7685.333333333333,132.66666666666666
1169,2813.3333333333335,3456.0,754.6666666666666,7685.333333333333,132.66666666666666
1170,2818.6666666666665,3458.6666666666665,754.6666666666666,7685.333333333333,132.66666666666666
1171,2824.0,3464.0,754.6666666666666,7685.333333333333,132.66666666666666
1172,2829.3333333333335,3469.3333333333335,757.3333333333334,7685.333333333333,132.66666666666666
1173,2837.3333333333335,3474.6666666666665,757.3333333333334,7685.333333333333,132.66666666666666
1174,2840.0,3480.0,762.6666666666666,7685.333333333333,132.66666666666666
1175,2845.3333333333335,3485.3333333333335,762.6666666666666,7685.333333333333,132.66666666666666
1176,2850.6666666666665,3490.6666666666665,762.6666666666666,7685.333333333333,132.66666666666666
1177,2856.0,3498.6666666666665,762.6666666666666,7685.333333333333,135.33333333333334
1178,2861.3333333333335,3504.0,765.3333333333334,7685.333333333333,135.33333333333334
1179,2866.6666666666665,3509.3333333333335,765.3333333333334,7685.333333333333,135.33333333333334
1180,2872.0,3512.0,765.3333333333334,7682.666666666667,135.33333333333334
1181,2877.3333333333335,3520.0,765.3333333333334,7682.666666666667,135.33333333333334
1182,2882.6666666666665,3525.3333333333335,765.3333333333334,7682.666666666667,135.33333333333334
1183,2888.0,3528.0,765.3333333333334,7682.666666666667,135.33333333333334
1184,2893.3333333333335,3536.0,765.3333333333334,7682.666666666667,135.33333333333334
1185,2898.6666666666665,3541.3333333333335,762.6666666666666,7682.666666666667,135.33333333333334
1186,2904.0,3546.6666666666665,762.6666666666666,7682.666666666667,135.33333333333334
1187,2909.3333333333335,3552.0,762.6666666666666,7682.666666666667,135.33333333333334
1188,2914.6666666666665,3557.3333333333335,762.6666666666666,7682.666666666667,135.33333333333334
1189,2920.0,3562.6666666666665,762.6666666666666,7682.666666666667,138.0
1190,2922.6666666666665,3568.0,762.6666666666666,7682.666666666667,138.0
1191,2928.0,3573.3333333333335,762.6666666666666,7682.666666666667,138.0
1192,2933.3333333333335,3581.3333333333335,762.6666666666666,7682.666666666667,138.0
1193,2941.3333333333335,3586.6666666666665,762.6666666666666,7682.666666666667,140.66666666666666
1194,2946.6666666666665,3592.0,762.6666666666666,7682.666666666667,140.66666666666666
1195,2952.0,3594.6666666666665,762.6666666666666,7685.333333333333,140.66666666666666
1196,2957.3333333333335,3600.0,762.6666666666666,7682.666666666667,140.66666666666666
1197,2962.6666666666665,3605.3333333333335,762.6666666666666,7682.666666666667,138.0
1198,2968.0,3610.6666666666665,762.6666666666666,7682.666666666667,138.0
1199,2973.3333333333335,3616.0,762.6666666666666,7682.666666666667,138.0
1200,2978.6666666666665,3624.0,762.6666666666666,7682.666666666667,138.0
1201,2984.0,3629.3333333333335,762.6666666666666,7682.666666666667,138.0
1202,2989.3333333333335,3634.6666666666665,760.0,7682.666666666667,138.0
1203,2992.0,3640.0,760.0,7682.666666666667,138.0
1204,2997.3333333333335,3645.3333333333335,757.3333333333334,7682.666666666667,138.0
1205,3000.0,3650.6666666666665,757.3333333333334,7682.666666666667,138.0
1206,3002.6666666666665,3656.0,757.3333333333334,7685.333333333333,138.0
1207,3005.3333333333335,3661.3333333333335,757.3333333333334,7685.333333333333,135.33333333333334
1208,3010.6666666666665,3669.3333333333335,757.3333333333334,7685.333333333333,135.33333333333334
1209,3016.0,3677.3333333333335,757.3333333333334,7685.333333333333,135.33333333333334
1210,3021.3333333333335,3685.3333333333335,757.3333333333334,7688.0,135.33333333333334
1211,3026.6666666666665,3690.6666666666665,757.3333333333334,7688.0,135.33333333333334
1212,3032.0,3696.0,757.3333333333334,7688.0,135.33333333333334
1213,3037.3333333333335,3701.3333333333335,757.3333333333334,7688.0,135.33333333333334
1214,3042.6666666666665,3704.0,757.3333333333334,7688.0,135.33333333333334
1215,3048.0,3709.3333333333335,760.0,7688.0,135.33333333333334
1216,3053.3333333333335,3714.6666666666665,760.0,7688.0,135.33333333333334
1217,3058.6666666666665,3720.0,760.0,7688.0,135.33333333333334
1218,3064.0,3725.3333333333335,760.0,7688.0,135.33333333333334
1219,3069.3333333333335,3730.6666666666665,760.0,7688.0,132.66666666666666
1220,3074.6666666666665,3736.0,760.0,7688.0,132.66666666666666
1221,3077.3333333333335,3741.3333333333335,760.0,7688.0,132.66666666666666
1222,3080.0,3744.0,760.0,7688.0,132.66666666666666
1223,3082.6666666666665,3749.3333333333335,760.0,7690.666666666667,130.0
1224,3088.0,3754.6666666666665,760.0,7690.666666666667,130.0
1225,3093.3333333333335,3760.0,760.0,7688.0,130.0
1226,3098.6666666666665,3768.0,760.0,7688.0,130.0
1227,3104.0,3773.3333333333335,762.6666666666666,7688.0,130.0
1228,3109.3333333333335,3776.0,762.6666666666666,7688.0,130.0
1229,3114.6666666666665,3778.6666666666665,762.6666666666666,7688.0,130.0
1230,3120.0,3784.0,765.3333333333334,7688.0,130.0
1231,3125.3333333333335,3789.3333333333335,765.3333333333334,7688.0,130.0
1232,3130.6666666666665,3794.6666666666665,765.3333333333334,7688.0,130.0
1233,3136.0,3800.0,765.3333333333334,7688.0,130.0
1234,3144.0,3805.3333333333335,765.3333333333334,7688.0,130.0
1235,3149.3333333333335,3810.6666666666665,765.3333333333334,7688.0,130.0
1236,3152.0,3816.0,765.3333333333334,7685.333333333333,130.0
1237,3157.3333333333335,3818.6666666666665,765.3333333333334,7685.333333333333,130.0
1238,3160.0,3821.3333333333335,765.3333333333334,7685.333333333333,130.0
1239,3162.6666666666665,3824.0,765.3333333333334,7685.333333333333,130.0
1240,3165.3333333333335,3829.3333333333335,765.3333333333334,7682.666666666667,130.0
1241,3170.6666666666665,3834.6666666666665,765.3333333333334,7682.666666666667,130.0
1242,3173.3333333333335,3837.3333333333335,765.3333333333334,7682.666666666667,130.0
1243,3178.6666666666665,3845.3333333333335,765.3333333333334,7682.666666666667,130.0
1244,3184.0,3850.6666666666665,765.3333333333334,7682.666666666667,130.0
1245,3186.6666666666665,3856.0,765.3333333333334,7682.666666666667,130.0
1246,3189.3333333333335,3861.3333333333335,765.3333333333334,7682.666666666667,130.0
1247,3194.6666666666665,3869.3333333333335,765.3333333333334,7682.666666666667,130.0
1248,3200.0,3874.6666666666665,765.3333333333334,7682.666666666667,130.0
1249,3205.3333333333335,3880.0,768.0,7682.666666666667,130.0
1250,3210.6666666666665,3885.3333333333335,768.0,7682.666666666667,130.0
1251,3216.0,3890.6666666666665,768.0,7682.666666666667,130.0
1252,3221.3333333333335,3896.0,768.0,7682.666666666667,130.0
1253,3226.6666666666665,3901.3333333333335,768.0,7682.666666666667,130.0
1254,3232.0,3906.6666666666665,768.0,7682.666666666667,130.0
1255,3237.3333333333335,3912.0,768.0,7682.666666666667,130.0
1256,3242.6666666666665,3917.3333333333335,768.0,7682.666666666667,130.0
1257,3245.3333333333335,3925.3333333333335,765.3333333333334,7682.666666666667,130.0
1258,3250.6666666666665,3930.6666666666665,768.0,7682.666666666667,130.0
1259,3256.0,3936.0,768.0,7682.666666666667,130.0
1260,3258.6666666666665,3938.6666666666665,765.3333333333334,7682.666666666667,130.0
1261,3261.3333333333335,3944.0,765.3333333333334,7682.666666666667,130.0
1262,3266.6666666666665,3949.3333333333335,765.3333333333334,7682.666666666667,130.0
1263,3272.0,3954.6666666666665,768.0,7682.666666666667,130.0
1264,3274.6666666666665,3960.0,768.0,7682.666666666667,130.0
1265,3280.0,3965.3333333333335,768.0,7682.666666666667,130.0
1266,3288.0,3968.0,768.0,7682.666666666667,130.0
1267,3293.3333333333335,3973.3333333333335,768.0,7685.333333333333,130.0
1268,3298.6666666666665,3978.6666666666665,768.0,7685.333333333333,130.0
1269,3304.0,3984.0,768.0,7685.333333333333,130.0
1270,3309.3333333333335,3989.3333333333335,768.0,7685.333333333333,130.0
1271,3314.6666666666665,3992.0,768.0,7685.333333333333,130.0
1272,3322.6666666666665,3997.3333333333335,768.0,7682.666666666667,130.0
1273,3328.0,4002.6666666666665,768.0,7682.666666666667,130.0
1274,3333.3333333333335,4008.0,768.0,7682.666666666667,130.0
1275,3338.6666666666665,4010.6666666666665,768.0,7682.666666666667,130.0
1276,3346.6666666666665,4013.3333333333335,768.0,7682.666666666667,130.0
1277,3349.3333333333335,4016.0,768.0,7682.666666666667,130.0
1278,3354.6666666666665,4021.3333333333335,768.0,7682.666666666667,130.0
1279,3360.0,4026.6666666666665,765.3333333333334,7682.666666666667,130.0
1280,3365.3333333333335,4032.0,765.3333333333334,7682.666666666667,130.0
1281,3370.6666666666665,4034.6666666666665,765.3333333333334,7682.666666666667,127.33333333333333
1282,3376.0,4040.0,765.3333333333334,7682.666666666667,127.33333333333333
1283,3381.3333333333335,4045.3333333333335,765.3333333333334,7680.0,127.33333333333333
1284,3384.0,4050.6666666666665,765.3333333333334,7680.0,127.33333333333333
1285,3386.6666666666665,4056.0,765.3333333333334,7680.0,127.33333333333333
1286,3392.0,4058.6666666666665,765.3333333333334,7680.0,127.33333333333333
1287,3400.0,4061.3333333333335,765.3333333333334,7680.0,127.33333333333333
1288,3405.3333333333335,4066.6666666666665,762.6666666666666,7680.0,127.33333333333333
1289,3410.6666666666665,4072.0,762.6666666666666,7680.0,127.33333333333333
1290,3418.6666666666665,4077.3333333333335,762.6666666666666,7680.0,127.33333333333333
1291,3426.6666666666665,4082.6666666666665,762.6666666666666,7680.0,127.33333333333333
1292,3432.0,4088.0,762.6666666666666,7680.0,127.33333333333333
1293,3437.3333333333335,4093.3333333333335,760.0,7680.0,127.33333333333333
1294,3442.6666666666665,4098.666666666667,760.0,7680.0,127.33333333333333
1295,3448.0,4104.0,760.0,7680.0,127.33333333333333
1296,3453.3333333333335,4112.0,760.0,7680.0,127.33333333333333
1297,3458.6666666666665,4117.333333333333,762.6666666666666,7677.333333333333,127.33333333333333
1298,3464.0,4122.666666666667,762.6666666666666,7677.333333333333,127.33333333333333
1299,3466.6666666666665,4128.0,762.6666666666666,7677.333333333333,127.33333333333333
1300,3472.0,4130.666666666667,762.6666666666666,7677.333333333333,127.33333333333333
1301,3474.6666666666665,4136.0,762.6666666666666,7677.333333333333,127.33333333333333
1302,3480.0,4144.0,762.6666666666666,7680.0,127.33333333333333
1303,3485.3333333333335,4146.666666666667,762.6666666666666,7682.666666666667,127.33333333333333
1304,3490.6666666666665,4152.0,762.6666666666666,7682.666666666667,127.33333333333333
1305,3496.0,4157.333333333333,765.3333333333334,7682.666666666667,127.33333333333333
1306,3498.6666666666665,4165.333333333333,768.0,7682.666666666667,127.33333333333333
1307,3506.6666666666665,4168.0,768.0,7682.666666666667,127.33333333333333
1308,3509.3333333333335,4173.333333333333,768.0,7682.666666666667,127.33333333333333
1309,3514.6666666666665,4178.666666666667,768.0,7682.666666666667,127.33333333333333
1310,3520.0,4181.333333333333,768.0,7682.666666666667,127.33333333333333
1311,3525.3333333333335,4189.333333333333,770.6666666666666,7682.666666666667,130.0
1312,3530.6666666666665,4194.666666666667,770.6666666666666,7682.666666666667,130.0
1313,3536.0,4200.0,770.6666666666666,7682.666666666667,130.0
1314,3541.3333333333335,4205.333333333333,770.6666666666666,7682.666666666667,130.0
1315,3546.6666666666665,4210.666666666667,770.6666666666666,7682.666666666667,130.0
1316,3549.3333333333335,4216.0,770.6666666666666,7682.666666666667,130.0
1317,3552.0,4224.0,773.3333333333334,7682.666666666667,130.0
1318,3557.3333333333335,4229.333333333333,773.3333333333334,7682.666666666667,130.0
1319,3562.6666666666665,4234.666666666667,773.3333333333334,7682.666666666667,130.0
1320,3568.0,4240.0,773.3333333333334,7682.666666666667,130.0
1321,3573.3333333333335,4245.333333333333,773.3333333333334,7685.333333333333,130.0
1322,3578.6666666666665,4248.0,773.3333333333334,7685.333333333333,130.0
1323,3584.0,4250.666666666667,773.3333333333334,7685.333333333333,130.0
1324,3586.6666666666665,4256.0,773.3333333333334,7685.333333333333,130.0
1325,3592.0,4261.333333333333,773.3333333333334,7685.333333333333,130.0
1326,3597.3333333333335,4266.666666666667,770.6666666666666,7688.0,130.0
1327,3602.6666666666665,4272.0,768.0,7688.0,130.0
1328,3608.0,4277.333333333333,768.0,7688.0,130.0
1329,3616.0,4282.666666666667,768.0,7688.0,130.0
1330,3621.3333333333335,4288.0,768.0,7688.0,130.0
1331,3626.6666666666665,4293.333333333333,768.0,7688.0,130.0
1332,3629.3333333333335,4296.0,770.6666666666666,7688.0,130.0
1333,3634.6666666666665,4301.333333333333,770.6666666666666,7685.333333333333,130.0
1334,3640.0,4306.666666666667,770.6666666666666,7685.333333333333,130.0
1335,3648.0,4314.666666666667,768.0,7685.333333333333,130.0
1336,3656.0,4317.333333333333,765.3333333333334,7685.333333333333,130.0
1337,3658.6666666666665,4322.666666666667,765.3333333333334,7685.333333333333,130.0
1338,3664.0,4325.333333333333,765.3333333333334,7685.333333333333,130.0
1339,3669.3333333333335,4328.0,765.3333333333334,7685.333333333333,127.33333333333333
1340,3674.6666666666665,4336.0,768.0,7685.333333333333,127.33333333333333
1341,3680.0,4341.333333333333,768.0,7688.0,127.33333333333333
1342,3688.0,4346.666666666667,770.6666666666666,7688.0,127.33333333333333
1343,3696.0,4352.0,770.6666666666666,7690.666666666667,127.33333333333333
1344,3701.3333333333335,4357.333333333333,770.6666666666666,7690.666666666667,127.33333333333333
1345,3706.6666666666665,4360.0,770.6666666666666,7690.666666666667,127.33333333333333
1346,3712.0,4365.333333333333,770.6666666666666,7690.666666666667,127.33333333333333
1347,3714.6666666666665,4368.0,768.0,7690.666666666667,127.33333333333333
1348,3720.0,4373.333333333333,768.0,7690.666666666667,127.33333333333333
1349,3725.3333333333335,4381.333333333333,770.6666666666666,7690.666666666667,127.33333333333333
1350,3728.0,4386.666666666667,770.6666666666666,7690.666666666667,127.33333333333333
1351,3733.3333333333335,4389.333333333333,770.6666666666666,7688.0,127.33333333333333
1352,3738.6666666666665,4394.666666666667,770.6666666666666,7688.0,127.33333333333333
1353,3744.0,4400.0,770.6666666666666,7688.0,127.33333333333333
1354,3749.3333333333335,4402.666666666667,770.6666666666666,7688.0,127.33333333333333
1355,3752.0,4405.333333333333,770.6666666666666,7688.0,127.33333333333333
1356,3757.3333333333335,4408.0,773.3333333333334,7688.0,127.33333333333333
1357,3762.6666666666665,4410.666666666667,773.3333333333334,7688.0,127.33333333333333
1358,3768.0,4416.0,773.3333333333334,7688.0,127.33333333333333
1359,3776.0,4418.666666666667,773.3333333333334,7688.0,127.33333333333333
1360,3781.3333333333335,4421.333333333333,773.3333333333334,7688.0,127.33333333333333
1361,3786.6666666666665,4424.0,773.3333333333334,7688.0,127.33333333333333
1362,3792.0,4426.666666666667,770.6666666666666,7690.666666666667,127.33333333333333
1363,3794.6666666666665,4432.0,770.6666666666666,7690.666666666667,127.33333333333333
1364,3800.0,4437.333333333333,770.6666666666666,7690.666666666667,127.33333333333333
1365,3805.3333333333335,4440.0,770.6666666666666,7690.666666666667,127.33333333333333
1366,3810.6666666666665,4445.333333333333,770.6666666666666,7690.666666666667,127.33333333333333
1367,3816.0,4453.333333333333,770.6666666666666,7690.666666666667,127.33333333333333
1368,3821.3333333333335,4461.333333333333,770.6666666666666,7690.666666666667,127.33333333333333
1369,3824.0,4466.666666666667,770.6666666666666,7690.666666666667,130.0
1370,3826.6666666666665,4469.333333333333,768.0,7690.666666666667,130.0
1371,3832.0,4472.0,765.3333333333334,7688.0,130.0
1372,3834.6666666666665,4477.333333333333,762.6666666666666,7688.0,130.0
1373,3837.3333333333335,4480.0,762.6666666666666,7685.333333333333,130.0
1374,3842.6666666666665,4485.333333333333,765.3333333333334,7685.333333333333,130.0
1375,3848.0,4493.333333333333,768.0,7685.333333333333,130.0
1376,3853.3333333333335,4498.666666666667,768.0,7685.333333333333,130.0
1377,3861.3333333333335,4504.0,768.0,7685.333333333333,130.0
1378,3864.0,4509.333333333333,768.0,7685.333333333333,130.0
1379,3866.6666666666665,4512.0,765.3333333333334,7685.333333333333,130.0
1380,3874.6666666666665,4517.333333333333,768.0,7685.333333333333,130.0
1381,3877.3333333333335,4522.666666666667,768.0,7685.333333333333,130.0
1382,3880.0,4528.0,768.0,7685.333333333333,130.0
1383,3885.3333333333335,4533.333333333333,768.0,7685.333333333333,130.0
1384,3890.6666666666665,4538.666666666667,770.6666666666666,7685.333333333333,130.0
1385,3896.0,4544.0,770.6666666666666,7685.333333333333,130.0
1386,3901.3333333333335,4549.333333333333,773.3333333333334,7682.666666666667,130.0
1387,3906.6666666666665,4554.666666666667,773.3333333333334,7682.666666666667,130.0
1388,3912.0,4557.333333333333,773.3333333333334,7682.666666666667,130.0
1389,3914.6666666666665,4562.666666666667,773.3333333333334,7682.666666666667,130.0
1390,3920.0,4568.0,773.3333333333334,7682.666666666667,130.0
1391,3925.3333333333335,4573.333333333333,773.3333333333334,7682.666666666667,130.0
1392,3930.6666666666665,4578.666666666667,773.3333333333334,7680.0,130.0
1393,3936.0,4581.333333333333,773.3333333333334,7680.0,130.0
1394,3938.6666666666665,4586.666666666667,773.3333333333334,7680.0,127.33333333333333
1395,3941.3333333333335,4592.0,773.3333333333334,7680.0,124.66666666666667
1396,3946.6666666666665,4597.333333333333,773.3333333333334,7680.0,124.66666666666667
1397,3954.6666666666665,4600.0,773.3333333333334,7680.0,124.66666666666667
1398,3962.6666666666665,4602.666666666667,773.3333333333334,7680.0,124.66666666666667
1399,3970.6666666666665,4608.0,776.0,7680.0,124.66666666666667
1400,3976.0,4613.333333333333,776.0,7680.0,124.66666666666667
1401,3978.6666666666665,4618.666666666667,776.0,7680.0,124.66666666666667
1402,3984.0,4621.333333333333,776.0,7680.0,124.66666666666667
1403,3989.3333333333335,4626.666666666667,778.6666666666666,7680.0,124.66666666666667
1404,3994.6666666666665,4632.0,776.0,7680.0,124.66666666666667
1405,4000.0,4634.666666666667,773.3333333333334,7680.0,122.0
1406,4005.3333333333335,4637.333333333333,773.3333333333334,7680.0,122.0
1407,4010.6666666666665,4642.666666666667,773.3333333333334,7680.0,122.0
1408,4016.0,4645.333333333333,773.3333333333334,7680.0,122.0
1409,4021.3333333333335,4648.0,776.0,7680.0,122.0
1410,4024.0,4653.333333333333,773.3333333333334,7680.0,122.0
1411,4032.0,4658.666666666667,773.3333333333334,7680.0,122.0
1412,4040.0,4664.0,773.3333333333334,7682.666666666667,122.0
1413,4042.6666666666665,4669.333333333333,773.3333333333334,7682.666666666667,122.0
1414,4048.0,4674.666666666667,770.6666666666666,7685.333333333333,122.0
1415,4053.3333333333335,4680.0,770.6666666666666,7685.333333333333,122.0
1416,4058.6666666666665,4685.333333333333,768.0,7685.333333333333,122.0
1417,4064.0,4690.666666666667,768.0,7685.333333333333,122.0
1418,4069.3333333333335,4696.0,768.0,7685.333333333333,122.0
1419,4074.6666666666665,4704.0,768.0,7685.333333333333,122.0
1420,4080.0,4712.0,768.0,7685.333333333333,122.0
1421,4085.3333333333335,4720.0,768.0,7685.333333333333,122.0
1422,4090.6666666666665,4725.333333333333,768.0,7685.333333333333,122.0
1423,4096.0,4730.666666666667,768.0,7685.333333333333,122.0
1424,4101.333333333333,4733.333333333333,770.6666666666666,7685.333333333333,124.66666666666667
1425,4106.666666666667,4736.0,770.6666666666666,7685.333333333333,127.33333333333333
1426,4109.333333333333,4741.333333333333,770.6666666666666,7685.333333333333,127.33333333333333
1427,4112.0,4744.0,770.6666666666666,7685.333333333333,124.66666666666667
1428,4117.333333333333,4746.666666666667,770.6666666666666,7685.333333333333,124.66666666666667
1429,4120.0,4752.0,768.0,7685.333333333333,124.66666666666667
1430,4128.0,4757.333333333333,770.6666666666666,7685.333333333333,124.66666666666667
1431,4136.0,4762.666666666667,770.6666666666666,7685.333333333333,124.66666666666667
1432,4141.333333333333,4768.0,770.6666666666666,7688.0,124.66666666666667
1433,4144.0,4773.333333333333,770.6666666666666,7690.666666666667,124.66666666666667
1434,4149.333333333333,4776.0,770.6666666666666,7690.666666666667,124.66666666666667
1435,4154.666666666667,4781.333333333333,770.6666666666666,7690.666666666667,124.66666666666667
1436,4160.0,4786.666666666667,770.6666666666666,7690.666666666667,124.66666666666667
1437,4165.333333333333,4789.333333333333,770.6666666666666,7690.666666666667,124.66666666666667
1438,4170.666666666667,4794.666666666667,770.6666666666666,7690.666666666667,124.66666666666667
1439,4176.0,4800.0,768.0,7690.666666666667,124.66666666666667
1440,4181.333333333333,4802.666666666667,768.0,7690.666666666667,124.66666666666667
1441,4184.0,4808.0,768.0,7690.666666666667,124.66666666666667
1442,4186.666666666667,4813.333333333333,770.6666666666666,7688.0,124.66666666666667
1443,4192.0,4818.666666666667,770.6666666666666,7688.0,124.66666666666667
1444,4200.0,4824.0,773.3333333333334,7688.0,124.66666666666667
1445,4205.333333333333,4829.333333333333,773.3333333333334,7688.0,124.66666666666667
1446,4210.666666666667,4834.666666666667,773.3333333333334,7688.0,124.66666666666667
1447,4213.333333333333,4840.0,773.3333333333334,7688.0,124.66666666666667
1448,4218.666666666667,4845.333333333333,773.3333333333334,7688.0,124.66666666666667
1449,4224.0,4848.0,776.0,7688.0,124.66666666666667
1450,4229.333333333333,4850.666666666667,776.0,7688.0,124.66666666666667
1451,4234.666666666667,4853.333333333333,776.0,7688.0,124.66666666666667
1452,4240.0,4858.666666666667,776.0,7688.0,124.66666666666667
1453,4245.333333333333,4864.0,776.0,7688.0,124.66666666666667
1454,4250.666666666667,4869.333333333333,773.3333333333334,7688.0,122.0
1455,4256.0,4874.666666666667,773.3333333333334,7688.0,122.0
1456,4261.333333333333,4877.333333333333,776.0,7688.0,122.0
1457,4266.666666666667,4885.333333333333,776.0,7688.0,124.66666666666667
1458,4269.333333333333,4893.333333333333,776.0,7690.666666666667,124.66666666666667
1459,4274.666666666667,4898.666666666667,776.0,7693.333333333333,122.0
1460,4280.0,4904.0,776.0,7693.333333333333,122.0
1461,4282.666666666667,4909.333333333333,776.0,7693.333333333333,122.0
1462,4285.333333333333,4914.666666666667,776.0,7690.666666666667,122.0
1463,4290.666666666667,4920.0,773.3333333333334,7688.0,122.0
1464,4296.0,4925.333333333333,773.3333333333334,7688.0,122.0
1465,4301.333333333333,4930.666666666667,773.3333333333334,7688.0,124.66666666666667
1466,4306.666666666667,4936.0,773.3333333333334,7688.0,124.66666666666667
1467,4312.0,4941.333333333333,773.3333333333334,7688.0,124.66666666666667
1468,4317.333333333333,4946.666666666667,773.3333333333334,7688.0,124.66666666666667
1469,4322.666666666667,4952.0,773.3333333333334,7688.0,124.66666666666667
1470,4328.0,4957.333333333333,773.3333333333334,7688.0,124.66666666666667
1471,4333.333333333333,4960.0,773.3333333333334,7688.0,124.66666666666667
1472,4338.666666666667,4965.333333333333,770.6666666666666,7688.0,124.66666666666667
1473,4344.0,4970.666666666667,770.6666666666666,7688.0,124.66666666666667
1474,4346.666666666667,4973.333333333333,768.0,7685.333333333333,124.66666666666667
1475,4352.0,4978.666666666667,768.0,7685.333333333333,124.66666666666667
1476,4354.666666666667,4984.0,768.0,7685.333333333333,124.66666666666667
1477,4360.0,4989.333333333333,768.0,7685.333333333333,124.66666666666667
1478,4362.666666666667,4992.0,768.0,7685.333333333333,124.66666666666667
1479,4365.333333333333,4997.333333333333,765.3333333333334,7685.333333333333,124.66666666666667
1480,4368.0,5000.0,768.0,7685.333333333333,124.66666666666667
1481,4368.0,5002.666666666667,768.0,7685.333333333333,124.66666666666667
1482,4370.666666666667,5005.333333333333,768.0,7685.333333333333,124.66666666666667
1483,4373.333333333333,5008.0,770.6666666666666,7685.333333333333,124.66666666666667
1484,4373.333333333333,5010.666666666667,770.6666666666666,7685.333333333333,127.33333333333333
1485,4376.0,5013.333333333333,770.6666666666666,7688.0,127.33333333333333
1486,4378.666666666667,5016.0,768.0,7688.0,127.33333333333333
1487,4381.333333333333,5016.0,768.0,7688.0,127.33333333333333
1488,4384.0,5016.0,770.6666666666666,7688.0,127.33333333333333
1489,4384.0,5013.333333333333,770.6666666666666,7685.333333333333,130.0
1490,4381.333333333333,5010.666666666667,770.6666666666666,7685.333333333333,130.0
1491,4381.333333333333,5008.0,773.3333333333334,7685.333333333333,130.0
1492,4381.333333333333,5008.0,776.0,7685.333333333333,127.33333333333333
1493,4381.333333333333,5005.333333333333,776.0,7685.333333333333,127.33333333333333
1494,4378.666666666667,5002.666666666667,776.0,7685.333333333333,127.33333333333333
1495,4376.0,5000.0,776.0,7685.333333333333,127.33333333333333
1496,4373.333333333333,4997.333333333333,776.0,7685.333333333333,127.33333333333333
1497,4370.666666666667,4994.666666666667,776.0,7685.333333333333,124.66666666666667
1498,4368.0,4992.0,776.0,7685.333333333333,124.66666666666667
1499,4362.666666666667,4989.333333333333,776.0,7685.333333333333,124.66666666666667
1500,4360.0,4986.666666666667,778.6666666666666,7685.333333333333,124.66666666666667
1501,4357.333333333333,4984.0,778.6666666666666,7685.333333333333,124.66666666666667
1502,4354.666666666667,4978.666666666667,778.6666666666666,7685.333333333333,124.66666666666667
1503,4352.0,4973.333333333333,778.6666666666666,7685.333333333333,124.66666666666667
1504,4349.333333333333,4968.0,778.6666666666666,7685.333333333333,124.66666666666667
1505,4346.666666666667,4960.0,778.6666666666666,7685.333333333333,124.66666666666667
1506,4341.333333333333,4952.0,778.6666666666666,7685.333333333333,124.66666666666667
1507,4336.0,4946.666666666667,781.3333333333334,7685.333333333333,124.66666666666667
1508,4330.666666666667,4941.333333333333,781.3333333333334,7685.333333333333,124.66666666666667
1509,4325.333333333333,4936.0,781.3333333333334,7685.333333333333,124.66666666666667
1510,4320.0,4933.333333333333,778.6666666666666,7685.333333333333,122.0
1511,4317.333333333333,4928.0,778.6666666666666,7685.333333333333,122.0
1512,4312.0,4922.666666666667,778.6666666666666,7685.333333333333,122.0
1513,4306.666666666667,4917.333333333333,776.0,7685.333333333333,119.33333333333333
1514,4304.0,4912.0,776.0,7685.333333333333,119.33333333333333
1515,4298.666666666667,4906.666666666667,776.0,7682.666666666667,119.33333333333333
1516,4293.333333333333,4901.333333333333,776.0,7682.666666666667,116.66666666666667
1517,4288.0,4896.0,776.0,7682.666666666667,116.66666666666667
1518,4282.666666666667,4890.666666666667,773.3333333333334,7680.0,116.66666666666667
1519,4280.0,4888.0,773.3333333333334,7682.666666666667,116.66666666666667
1520,4277.333333333333,4882.666666666667,770.6666666666666,7682.666666666667,116.66666666666667
1521,4272.0,4877.333333333333,770.6666666666666,7682.666666666667,116.66666666666667
1522,4266.666666666667,4872.0,768.0,7682.666666666667,119.33333333333333
1523,4261.333333333333,4866.666666666667,768.0,7682.666666666667,119.33333333333333
1524,4256.0,4861.333333333333,768.0,7682.666666666667,119.33333333333333
1525,4250.666666666667,4858.666666666667,768.0,7682.666666666667,119.33333333333333
1526,4245.333333333333,4853.333333333333,768.0,7682.666666666667,119.33333333333333
1527,4240.0,4850.666666666667,768.0,7682.666666666667,122.0
1528,4232.0,4845.333333333333,770.6666666666666,7682.666666666667,122.0
1529,4229.333333333333,4840.0,770.6666666666666,7682.666666666667,122.0
1530,4224.0,4834.666666666667,768.0,7682.666666666667,122.0
1531,4216.0,4829.333333333333,768.0,7682.666666666667,122.0
1532,4210.666666666667,4824.0,770.6666666666666,7682.666666666667,119.33333333333333
1533,4202.666666666667,4818.666666666667,770.6666666666666,7682.666666666667,119.33333333333333
1534,4194.666666666667,4816.0,773.3333333333334,7682.666666666667,119.33333333333333
1535,4186.666666666667,4813.333333333333,773.3333333333334,7682.666666666667,119.33333333333333
1536,4181.333333333333,4808.0,773.3333333333334,7682.666666666667,119.33333333333333
1537,4176.0,4800.0,770.6666666666666,7682.666666666667,119.33333333333333
1538,4170.666666666667,4794.666666666667,770.6666666666666,7682.666666666667,119.33333333333333
1539,4165.333333333333,4786.666666666667,773.3333333333334,7682.666666666667,119.33333333333333
1540,4160.0,4778.666666666667,773.3333333333334,7682.666666666667,122.0
1541,4154.666666666667,4773.333333333333,776.0,7682.666666666667,122.0
1542,4149.333333333333,4770.666666666667,776.0,7685.333333333333,122.0
1543,4144.0,4765.333333333333,776.0,7685.333333333333,124.66666666666667
1544,4138.666666666667,4762.666666666667,776.0,7685.333333333333,124.66666666666667
1545,4133.333333333333,4760.0,778.6666666666666,7685.333333333333,124.66666666666667
1546,4128.0,4754.666666666667,778.6666666666666,7685.333333333333,127.33333333333333
1547,4122.666666666667,4752.0,778.6666666666666,7685.333333333333,127.33333333333333
1548,4117.333333333333,4746.666666666667,778.6666666666666,7685.333333333333,127.33333333333333
1549,4112.0,4741.333333333333,778.6666666666666,7682.666666666667,127.33333333333333
1550,4106.666666666667,4738.666666666667,778.6666666666666,7682.666666666667,127.33333333333333
1551,4104.0,4733.333333333333,776.0,7682.666666666667,127.33333333333333
1552,4098.666666666667,4725.333333333333,776.0,7682.666666666667,127.33333333333333
1553,4093.3333333333335,4722.666666666667,776.0,7682.666666666667,127.33333333333333
1554,4088.0,4720.0,776.0,7682.666666666667,127.33333333333333
1555,4082.6666666666665,4712.0,778.6666666666666,7682.666666666667,127.33333333333333
1556,4080.0,4709.333333333333,778.6666666666666,7680.0,127.33333333333333
1557,4074.6666666666665,4701.333333333333,778.6666666666666,7680.0,127.33333333333333
1558,4072.0,4696.0,776.0,7680.0,127.33333333333333
1559,4066.6666666666665,4690.666666666667,776.0,7680.0,127.33333333333333
1560,4061.3333333333335,4685.333333333333,776.0,7680.0,127.33333333333333
1561,4056.0,4680.0,776.0,7680.0,127.33333333333333
1562,4048.0,4674.666666666667,773.3333333333334,7680.0,130.0
1563,4045.3333333333335,4669.333333333333,773.3333333333334,7680.0,130.0
1564,4040.0,4664.0,770.6666666666666,7680.0,130.0
1565,4034.6666666666665,4658.666666666667,773.3333333333334,7680.0,130.0
1566,4032.0,4656.0,773.3333333333334,7680.0,130.0
1567,4026.6666666666665,4653.333333333333,773.3333333333334,7682.666666666667,130.0
1568,4021.3333333333335,4648.0,776.0,7682.666666666667,130.0
1569,4016.0,4642.666666666667,773.3333333333334,7682.666666666667,130.0
1570,4010.6666666666665,4637.333333333333,773.3333333333334,7682.666666666667,130.0
1571,4005.3333333333335,4632.0,773.3333333333334,7682.666666666667,130.0
1572,4000.0,4624.0,773.3333333333334,7680.0,130.0
1573,3994.6666666666665,4621.333333333333,776.0,7680.0,130.0
1574,3989.3333333333335,4613.333333333333,776.0,7680.0,127.33333333333333
1575,3984.0,4605.333333333333,776.0,7680.0,127.33333333333333
1576,3978.6666666666665,4600.0,776.0,7680.0,127.33333333333333
1577,3973.3333333333335,4592.0,776.0,7680.0,127.33333333333333
1578,3968.0,4586.666666666667,776.0,7680.0,127.33333333333333
1579,3960.0,4581.333333333333,776.0,7680.0,127.33333333333333
1580,3954.6666666666665,4576.0,776.0,7680.0,127.33333333333333
1581,3949.3333333333335,4573.333333333333,778.6666666666666,7680.0,127.33333333333333
1582,3944.0,4568.0,778.6666666666666,7680.0,127.33333333333333
1583,3938.6666666666665,4560.0,778.6666666666666,7680.0,127.33333333333333
1584,3933.3333333333335,4552.0,778.6666666666666,7680.0,127.33333333333333
1585,3928.0,4546.666666666667,776.0,7680.0,127.33333333333333
1586,3920.0,4538.666666666667,776.0,7682.666666666667,127.33333333333333
1587,3914.6666666666665,4533.333333333333,778.6666666666666,7682.666666666667,127.33333333333333
1588,3909.3333333333335,4528.0,778.6666666666666,7682.666666666667,127.33333333333333
1589,3904.0,4522.666666666667,778.6666666666666,7682.666666666667,127.33333333333333
1590,3898.6666666666665,4517.333333333333,778.6666666666666,7682.666666666667,127.33333333333333
1591,3893.3333333333335,4514.666666666667,781.3333333333334,7682.666666666667,127.33333333333333
1592,3888.0,4509.333333333333,781.3333333333334,7682.666666666667,127.33333333333333
1593,3882.6666666666665,4504.0,781.3333333333334,7682.666666666667,124.66666666666667
1594,3877.3333333333335,4498.666666666667,781.3333333333334,7682.666666666667,124.66666666666667
1595,3872.0,4493.333333333333,778.6666666666666,7682.666666666667,124.66666666666667
1596,3864.0,4488.0,778.6666666666666,7682.666666666667,124.66666666666667
1597,3861.3333333333335,4482.666666666667,781.3333333333334,7680.0,124.66666666666667
1598,3856.0,4480.0,778.6666666666666,7680.0,124.66666666666667
1599,3848.0,4477.333333333333,778.6666666666666,7680.0,124.66666666666667
1600,3842.6666666666665,4472.0,778.6666666666666,7680.0,124.66666666666667
1601,3837.3333333333335,4466.666666666667,776.0,7680.0,124.66666666666667
1602,3832.0,4461.333333333333,776.0,7680.0,124.66666666666667
1603,3826.6666666666665,4456.0,773.3333333333334,7680.0,124.66666666666667
1604,3821.3333333333335,4453.333333333333,773.3333333333334,7680.0,127.33333333333333
1605,3816.0,4448.0,773.3333333333334,7680.0,127.33333333333333
1606,3808.0,4442.666666666667,773.3333333333334,7680.0,127.33333333333333
1607,3800.0,4437.333333333333,773.3333333333334,7680.0,127.33333333333333
1608,3792.0,4432.0,773.3333333333334,7680.0,127.33333333333333
1609,3789.3333333333335,4426.666666666667,773.3333333333334,7680.0,127.33333333333333
1610,3781.3333333333335,4421.333333333333,773.3333333333334,7680.0,127.33333333333333
1611,3776.0,4416.0,770.6666666666666,7680.0,127.33333333333333
1612,3770.6666666666665,4413.333333333333,770.6666666666666,7680.0,127.33333333333333
1613,3765.3333333333335,4408.0,770.6666666666666,7680.0,127.33333333333333
1614,3760.0,4402.666666666667,770.6666666666666,7680.0,127.33333333333333
1615,3752.0,4397.333333333333,770.6666666666666,7680.0,127.33333333333333
1616,3746.6666666666665,4394.666666666667,770.6666666666666,7680.0,127.33333333333333
1617,3741.3333333333335,4389.333333333333,768.0,7680.0,127.33333333333333
1618,3736.0,4384.0,768.0,7680.0,127.33333333333333
1619,3730.6666666666665,4381.333333333333,768.0,7680.0,127.33333333333333
1620,3725.3333333333335,4376.0,768.0,7680.0,127.33333333333333
1621,3720.0,4368.0,765.3333333333334,7680.0,127.33333333333333
1622,3714.6666666666665,4362.666666666667,765.3333333333334,7680.0,127.33333333333333
1623,3706.6666666666665,4357.333333333333,765.3333333333334,7680.0,130.0
1624,3704.0,4352.0,765.3333333333334,7680.0,130.0
1625,3698.6666666666665,4346.666666666667,765.3333333333334,7680.0,130.0
1626,3693.3333333333335,4341.333333333333,768.0,7680.0,130.0
1627,3688.0,4336.0,765.3333333333334,7680.0,130.0
1628,3682.6666666666665,4330.666666666667,765.3333333333334,7677.333333333333,130.0
1629,3680.0,4325.333333333333,768.0,7677.333333333333,130.0
1630,3674.6666666666665,4320.0,768.0,7677.333333333333,130.0
1631,3669.3333333333335,4317.333333333333,768.0,7677.333333333333,130.0
1632,3664.0,4314.666666666667,768.0,7677.333333333333,130.0
1633,3658.6666666666665,4306.666666666667,770.6666666666666,7677.333333333333,130.0
1634,3653.3333333333335,4298.666666666667,770.6666666666666,7677.333333333333,130.0
1635,3648.0,4296.0,768.0,7677.333333333333,130.0
1636,3645.3333333333335,4290.666666666667,768.0,7677.333333333333,130.0
1637,3640.0,4285.333333333333,768.0,7674.666666666667,130.0
1638,3634.6666666666665,4280.0,768.0,7674.666666666667,130.0
1639,3626.6666666666665,4274.666666666667,768.0,7674.666666666667,130.0
1640,3621.3333333333335,4269.333333333333,768.0,7674.666666666667,130.0
1641,3613.3333333333335,4264.0,768.0,7674.666666666667,130.0
1642,3608.0,4258.666666666667,768.0,7674.666666666667,130.0
1643,3602.6666666666665,4256.0,768.0,7674.666666666667,130.0
1644,3597.3333333333335,4253.333333333333,768.0,7674.666666666667,130.0
1645,3594.6666666666665,4248.0,768.0,7674.666666666667,130.0
1646,3589.3333333333335,4242.666666666667,768.0,7674.666666666667,130.0
1647,3584.0,4240.0,768.0,7674.666666666667,130.0
1648,3576.0,4237.333333333333,768.0,7674.666666666667,130.0
1649,3570.6666666666665,4232.0,768.0,7674.666666666667,130.0
1650,3565.3333333333335,4229.333333333333,768.0,7674.666666666667,130.0
1651,3562.6666666666665,4226.666666666667,768.0,7674.666666666667,130.0
1652,3560.0,4221.333333333333,770.6666666666666,7674.666666666667,130.0
1653,3554.6666666666665,4216.0,770.6666666666666,7674.666666666667,130.0
1654,3546.6666666666665,4210.666666666667,770.6666666666666,7672.0,130.0
1655,3541.3333333333335,4205.333333333333,770.6666666666666,7672.0,130.0
1656,3536.0,4200.0,768.0,7672.0,130.0
1657,3528.0,4194.666666666667,768.0,7672.0,130.0
1658,3522.6666666666665,4189.333333333333,768.0,7674.666666666667,130.0
1659,3517.3333333333335,4184.0,762.6666666666666,7674.666666666667,130.0
1660,3512.0,4181.333333333333,765.3333333333334,7672.0,130.0
1661,3506.6666666666665,4173.333333333333,765.3333333333334,7672.0,130.0
1662,3501.3333333333335,4165.333333333333,765.3333333333334,7672.0,130.0
1663,3496.0,4162.666666666667,762.6666666666666,7672.0,130.0
1664,3488.0,4160.0,762.6666666666666,7672.0,130.0
1665,3482.6666666666665,4154.666666666667,762.6666666666666,7672.0,130.0
1666,3477.3333333333335,4152.0,762.6666666666666,7669.333333333333,130.0
1667,3472.0,4149.333333333333,762.6666666666666,7672.0,130.0
1668,3466.6666666666665,4146.666666666667,765.3333333333334,7672.0,130.0
1669,3464.0,4144.0,768.0,7672.0,130.0
1670,3461.3333333333335,4138.666666666667,768.0,7672.0,130.0
1671,3458.6666666666665,4133.333333333333,768.0,7672.0,130.0
1672,3456.0,4128.0,768.0,7672.0,130.0
1673,3453.3333333333335,4125.333333333333,768.0,7672.0,130.0
1674,3450.6666666666665,4120.0,768.0,7672.0,130.0
1675,3448.0,4117.333333333333,770.6666666666666,7672.0,130.0
1676,3440.0,4112.0,770.6666666666666,7672.0,130.0
1677,3434.6666666666665,4106.666666666667,770.6666666666666,7672.0,130.0
1678,3432.0,4098.666666666667,770.6666666666666,7672.0,130.0
1679,3426.6666666666665,4093.3333333333335,770.6666666666666,7672.0,130.0
1680,3421.3333333333335,4085.3333333333335,770.6666666666666,7672.0,130.0
1681,3413.3333333333335,4077.3333333333335,770.6666666666666,7672.0,130.0
1682,3408.0,4072.0,768.0,7669.333333333333,130.0
1683,3402.6666666666665,4069.3333333333335,768.0,7669.333333333333,130.0
1684,3400.0,4064.0,768.0,7669.333333333333,130.0
1685,3394.6666666666665,4058.6666666666665,768.0,7669.333333333333,130.0
1686,3389.3333333333335,4053.3333333333335,768.0,7669.333333333333,130.0
1687,3384.0,4048.0,768.0,7669.333333333333,130.0
1688,3378.6666666666665,4042.6666666666665,768.0,7669.333333333333,130.0
1689,3373.3333333333335,4037.3333333333335,770.6666666666666,7666.666666666667,130.0
1690,3368.0,4032.0,768.0,7669.333333333333,130.0
1691,3362.6666666666665,4029.3333333333335,768.0,7669.333333333333,130.0
1692,3357.3333333333335,4024.0,768.0,7669.333333333333,130.0
1693,3352.0,4018.6666666666665,770.6666666666666,7669.333333333333,130.0
1694,3349.3333333333335,4010.6666666666665,770.6666666666666,7669.333333333333,130.0
1695,3344.0,4005.3333333333335,770.6666666666666,7669.333333333333,130.0
1696,3336.0,4000.0,770.6666666666666,7672.0,130.0
1697,3330.6666666666665,3992.0,773.3333333333334,7672.0,130.0
1698,3328.0,3986.6666666666665,770.6666666666666,7672.0,130.0
1699,3322.6666666666665,3978.6666666666665,768.0,7672.0,130.0
1700,3314.6666666666665,3973.3333333333335,768.0,7672.0,130.0
1701,3306.6666666666665,3968.0,768.0,7672.0,130.0
1702,3298.6666666666665,3962.6666666666665,768.0,7672.0,130.0
1703,3290.6666666666665,3954.6666666666665,768.0,7672.0,130.0
1704,3282.6666666666665,3949.3333333333335,768.0,7672.0,130.0
1705,3274.6666666666665,3944.0,765.3333333333334,7672.0,130.0
1706,3272.0,3938.6666666666665,765.3333333333334,7672.0,130.0
1707,3266.6666666666665,3933.3333333333335,765.3333333333334,7672.0,130.0
1708,3258.6666666666665,3930.6666666666665,765.3333333333334,7672.0,130.0
1709,3253.3333333333335,3922.6666666666665,765.3333333333334,7672.0,130.0
1710,3248.0,3920.0,765.3333333333334,7672.0,130.0
1711,3242.6666666666665,3917.3333333333335,765.3333333333334,7672.0,130.0
1712,3234.6666666666665,3914.6666666666665,765.3333333333334,7674.666666666667,130.0
1713,3229.3333333333335,3909.3333333333335,765.3333333333334,7674.666666666667,130.0
1714,3224.0,3906.6666666666665,765.3333333333334,7677.333333333333,130.0
1715,3218.6666666666665,3901.3333333333335,765.3333333333334,7677.333333333333,130.0
1716,3213.3333333333335,3896.0,765.3333333333334,7674.666666666667,130.0
1717,3208.0,3890.6666666666665,765.3333333333334,7674.666666666667,130.0
1718,3202.6666666666665,3885.3333333333335,765.3333333333334,7672.0,130.0
1719,3197.3333333333335,3880.0,765.3333333333334,7674.666666666667,130.0
1720,3192.0,3874.6666666666665,765.3333333333334,7674.666666666667,130.0
1721,3186.6666666666665,3869.3333333333335,765.3333333333334,7674.666666666667,130.0
1722,3181.3333333333335,3866.6666666666665,765.3333333333334,7674.666666666667,130.0
1723,3176.0,3861.3333333333335,762.6666666666666,7674.666666666667,130.0
1724,3170.6666666666665,3858.6666666666665,765.3333333333334,7674.666666666667,130.0
1725,3165.3333333333335,3850.6666666666665,768.0,7674.666666666667,130.0
1726,3162.6666666666665,3845.3333333333335,768.0,7674.666666666667,130.0
1727,3160.0,3842.6666666666665,765.3333333333334,7674.666666666667,130.0
1728,3154.6666666666665,3834.6666666666665,765.3333333333334,7674.666666666667,130.0
1729,3149.3333333333335,3832.0,765.3333333333334,7674.666666666667,130.0
1730,3146.6666666666665,3829.3333333333335,765.3333333333334,7672.0,130.0
1731,3144.0,3824.0,765.3333333333334,7669.333333333333,130.0
1732,3138.6666666666665,3821.3333333333335,765.3333333333334,7669.333333333333,130.0
1733,3133.3333333333335,3816.0,765.3333333333334,7669.333333333333,130.0
1734,3130.6666666666665,3810.6666666666665,765.3333333333334,7669.333333333333,130.0
1735,3125.3333333333335,3805.3333333333335,765.3333333333334,7669.333333333333,130.0
1736,3120.0,3800.0,765.3333333333334,7669.333333333333,130.0
1737,3117.3333333333335,3794.6666666666665,765.3333333333334,7669.333333333333,130.0
1738,3114.6666666666665,3789.3333333333335,765.3333333333334,7669.333333333333,130.0
1739,3112.0,3784.0,765.3333333333334,7669.333333333333,130.0
1740,3106.6666666666665,3778.6666666666665,765.3333333333334,7669.333333333333,130.0
1741,3104.0,3773.3333333333335,765.3333333333334,7666.666666666667,130.0
1742,3101.3333333333335,3765.3333333333335,765.3333333333334,7666.666666666667,130.0
1743,3098.6666666666665,3757.3333333333335,765.3333333333334,7666.666666666667,130.0
1744,3093.3333333333335,3749.3333333333335,765.3333333333334,7664.0,130.0
1745,3090.6666666666665,3746.6666666666665,765.3333333333334,7664.0,130.0
1746,3085.3333333333335,3744.0,765.3333333333334,7664.0,130.0
1747,3080.0,3738.6666666666665,765.3333333333334,7661.333333333333,132.66666666666666
1748,3077.3333333333335,3733.3333333333335,765.3333333333334,7664.0,132.66666666666666
1749,3072.0,3728.0,765.3333333333334,7664.0,132.66666666666666
1750,3066.6666666666665,3722.6666666666665,765.3333333333334,7664.0,132.66666666666666
1751,3061.3333333333335,3717.3333333333335,765.3333333333334,7664.0,132.66666666666666
1752,3056.0,3712.0,765.3333333333334,7664.0,132.66666666666666
1753,3050.6666666666665,3706.6666666666665,765.3333333333334,7664.0,132.66666666666666
1754,3045.3333333333335,3701.3333333333335,762.6666666666666,7664.0,132.66666666666666
1755,3040.0,3696.0,760.0,7664.0,132.66666666666666
1756,3034.6666666666665,3688.0,760.0,7661.333333333333,132.66666666666666
1757,3029.3333333333335,3680.0,760.0,7661.333333333333,132.66666666666666
1758,3024.0,3674.6666666666665,760.0,7661.333333333333,132.66666666666666
1759,3018.6666666666665,3669.3333333333335,760.0,7661.333333333333,132.66666666666666
1760,3013.3333333333335,3664.0,760.0,7664.0,132.66666666666666
1761,3008.0,3658.6666666666665,760.0,7666.666666666667,132.66666666666666
1762,3005.3333333333335,3650.6666666666665,760.0,7664.0,132.66666666666666
1763,3000.0,3645.3333333333335,760.0,7661.333333333333,132.66666666666666
1764,2992.0,3640.0,760.0,7658.666666666667,132.66666666666666
1765,2989.3333333333335,3634.6666666666665,760.0,7656.0,132.66666666666666
1766,2986.6666666666665,3629.3333333333335,760.0,7656.0,132.66666666666666
1767,2978.6666666666665,3624.0,760.0,7656.0,132.66666666666666
1768,2976.0,3618.6666666666665,760.0,7656.0,132.66666666666666
1769,2968.0,3616.0,760.0,7653.333333333333,132.66666666666666
1770,2962.6666666666665,3608.0,760.0,7653.333333333333,132.66666666666666
1771,2957.3333333333335,3600.0,760.0,7656.0,132.66666666666666
1772,2952.0,3594.6666666666665,760.0,7656.0,132.66666666666666
1773,2946.6666666666665,3592.0,760.0,7653.333333333333,132.66666666666666
1774,2941.3333333333335,3589.3333333333335,760.0,7656.0,132.66666666666666
1775,2936.0,3584.0,760.0,7656.0,132.66666666666666
1776,2933.3333333333335,3576.0,762.6666666666666,7656.0,132.66666666666666
1777,2930.6666666666665,3570.6666666666665,762.6666666666666,7656.0,130.0
1778,2922.6666666666665,3565.3333333333335,762.6666666666666,7656.0,130.0
1779,2920.0,3557.3333333333335,762.6666666666666,7653.333333333333,130.0
1780,2914.6666666666665,3552.0,762.6666666666666,7653.333333333333,130.0
1781,2912.0,3546.6666666666665,762.6666666666666,7653.333333333333,130.0
1782,2906.6666666666665,3541.3333333333335,762.6666666666666,7653.333333333333,130.0
1783,2904.0,3536.0,765.3333333333334,7653.333333333333,130.0
1784,2901.3333333333335,3528.0,765.3333333333334,7653.333333333333,130.0
1785,2896.0,3525.3333333333335,765.3333333333334,7650.666666666667,130.0
1786,2890.6666666666665,3520.0,765.3333333333334,7653.333333333333,130.0
1787,2885.3333333333335,3514.6666666666665,765.3333333333334,7650.666666666667,130.0
1788,2880.0,3512.0,765.3333333333334,7648.0,130.0
1789,2874.6666666666665,3506.6666666666665,765.3333333333334,7648.0,130.0
1790,2869.3333333333335,3501.3333333333335,765.3333333333334,7648.0,130.0
1791,2864.0,3496.0,765.3333333333334,7648.0,130.0
1792,2858.6666666666665,3490.6666666666665,765.3333333333334,7648.0,130.0
1793,2856.0,3485.3333333333335,765.3333333333334,7648.0,130.0
1794,2853.3333333333335,3480.0,765.3333333333334,7648.0,130.0
1795,2848.0,3474.6666666666665,765.3333333333334,7650.666666666667,130.0
1796,2842.6666666666665,3472.0,765.3333333333334,7650.666666666667,130.0
1797,2840.0,3466.6666666666665,765.3333333333334,7650.666666666667,130.0
1798,2837.3333333333335,3464.0,765.3333333333334,7650.666666666667,130.0
1799,2834.6666666666665,3461.3333333333335,765.3333333333334,7653.333333333333,130.0
1800,2832.0,3458.6666666666665,765.3333333333334,7653.333333333333,130.0
1801,2826.6666666666665,3456.0,768.0,7653.333333333333,130.0
1802,2821.3333333333335,3450.6666666666665,768.0,7653.333333333333,130.0
1803,2816.0,3445.3333333333335,768.0,7656.0,130.0
1804,2810.6666666666665,3437.3333333333335,768.0,7656.0,130.0
1805,2805.3333333333335,3429.3333333333335,770.6666666666666,7656.0,130.0
1806,2800.0,3424.0,768.0,7656.0,130.0
1807,2794.6666666666665,3418.6666666666665,768.0,7656.0,130.0
1808,2792.0,3416.0,768.0,7653.333333333333,130.0
1809,2786.6666666666665,3413.3333333333335,768.0,7653.333333333333,130.0
1810,2784.0,3408.0,768.0,7650.666666666667,130.0
1811,2778.6666666666665,3402.6666666666665,768.0,7650.666666666667,130.0
1812,2776.0,3397.3333333333335,768.0,7650.666666666667,130.0
1813,2768.0,3392.0,765.3333333333334,7650.666666666667,130.0
1814,2762.6666666666665,3389.3333333333335,765.3333333333334,7650.666666666667,130.0
1815,2760.0,3384.0,765.3333333333334,7653.333333333333,130.0
1816,2757.3333333333335,3381.3333333333335,765.3333333333334,7653.333333333333,130.0
1817,2752.0,3376.0,765.3333333333334,7653.333333333333,130.0
1818,2746.6666666666665,3368.0,765.3333333333334,7656.0,130.0
1819,2741.3333333333335,3360.0,765.3333333333334,7656.0,130.0
1820,2736.0,3354.6666666666665,765.3333333333334,7653.333333333333,130.0
1821,2730.6666666666665,3349.3333333333335,765.3333333333334,7653.333333333333,130.0
1822,2725.3333333333335,3346.6666666666665,765.3333333333334,7656.0,130.0
1823,2720.0,3341.3333333333335,765.3333333333334,7658.666666666667,130.0
1824,2714.6666666666665,3336.0,765.3333333333334,7658.666666666667,130.0
1825,2709.3333333333335,3330.6666666666665,765.3333333333334,7658.666666666667,130.0
1826,2704.0,3320.0,765.3333333333334,7656.0,130.0
1827,2698.6666666666665,3312.0,765.3333333333334,7653.333333333333,130.0
1828,2690.6666666666665,3304.0,765.3333333333334,7650.666666666667,130.0
1829,2685.3333333333335,3296.0,765.3333333333334,7650.666666666667,130.0
1830,2680.0,3290.6666666666665,765.3333333333334,7648.0,130.0
1831,2674.6666666666665,3285.3333333333335,762.6666666666666,7645.333333333333,130.0
1832,2672.0,3282.6666666666665,762.6666666666666,7645.333333333333,130.0
1833,2669.3333333333335,3274.6666666666665,762.6666666666666,7642.666666666667,130.0
1834,2664.0,3272.0,762.6666666666666,7640.0,130.0
1835,2658.6666666666665,3269.3333333333335,760.0,7637.333333333333,130.0
1836,2653.3333333333335,3264.0,760.0,7637.333333333333,130.0
1837,2648.0,3258.6666666666665,760.0,7640.0,130.0
1838,2642.6666666666665,3250.6666666666665,760.0,7642.666666666667,130.0
1839,2637.3333333333335,3248.0,760.0,7645.333333333333,130.0
1840,2632.0,3242.6666666666665,760.0,7648.0,130.0
1841,2626.6666666666665,3237.3333333333335,760.0,7648.0,130.0
1842,2621.3333333333335,3232.0,760.0,7645.333333333333,130.0
1843,2618.6666666666665,3226.6666666666665,757.3333333333334,7642.666666666667,130.0
1844,2613.3333333333335,3221.3333333333335,757.3333333333334,7640.0,130.0
1845,2605.3333333333335,3216.0,757.3333333333334,7637.333333333333,130.0
1846,2600.0,3210.6666666666665,757.3333333333334,7634.666666666667,130.0
1847,2597.3333333333335,3208.0,757.3333333333334,7634.666666666667,130.0
1848,2592.0,3205.3333333333335,757.3333333333334,7632.0,130.0
1849,2586.6666666666665,3202.6666666666665,757.3333333333334,7629.333333333333,130.0
1850,2581.3333333333335,3194.6666666666665,757.3333333333334,7632.0,132.66666666666666
1851,2576.0,3189.3333333333335,757.3333333333334,7632.0,132.66666666666666
1852,2570.6666666666665,3184.0,757.3333333333334,7629.333333333333,132.66666666666666
1853,2565.3333333333335,3178.6666666666665,757.3333333333334,7629.333333333333,132.66666666666666
1854,2560.0,3173.3333333333335,757.3333333333334,7632.0,135.33333333333334
1855,2554.6666666666665,3168.0,760.0,7632.0,135.33333333333334
1856,2549.3333333333335,3165.3333333333335,760.0,7632.0,135.33333333333334
1857,2541.3333333333335,3162.6666666666665,760.0,7634.666666666667,135.33333333333334
1858,2536.0,3157.3333333333335,760.0,7637.333333333333,138.0
1859,2530.6666666666665,3152.0,760.0,7634.666666666667,138.0
1860,2525.3333333333335,3146.6666666666665,760.0,7637.333333333333,138.0
1861,2522.6666666666665,3141.3333333333335,760.0,7637.333333333333,138.0
1862,2517.3333333333335,3136.0,760.0,7634.666666666667,138.0
1863,2512.0,3130.6666666666665,760.0,7634.666666666667,138.0
1864,2506.6666666666665,3122.6666666666665,760.0,7637.333333333333,138.0
1865,2501.3333333333335,3114.6666666666665,760.0,7637.333333333333,138.0
1866,2496.0,3112.0,760.0,7637.333333333333,140.66666666666666
1867,2490.6666666666665,3106.6666666666665,760.0,7634.666666666667,140.66666666666666
1868,2485.3333333333335,3101.3333333333335,760.0,7634.666666666667,140.66666666666666
1869,2480.0,3093.3333333333335,760.0,7632.0,140.66666666666666
1870,2474.6666666666665,3090.6666666666665,760.0,7632.0,140.66666666666666
1871,2469.3333333333335,3085.3333333333335,760.0,7632.0,140.66666666666666
1872,2464.0,3080.0,760.0,7634.666666666667,140.66666666666666
1873,2458.6666666666665,3074.6666666666665,762.6666666666666,7637.333333333333,140.66666666666666
1874,2453.3333333333335,3069.3333333333335,762.6666666666666,7637.333333333333,140.66666666666666
1875,2450.6666666666665,3064.0,762.6666666666666,7637.333333333333,143.33333333333334
1876,2445.3333333333335,3058.6666666666665,762.6666666666666,7637.333333333333,143.33333333333334
1877,2440.0,3053.3333333333335,762.6666666666666,7640.0,143.33333333333334
1878,2437.3333333333335,3048.0,762.6666666666666,7640.0,143.33333333333334
1879,2432.0,3042.6666666666665,762.6666666666666,7640.0,143.33333333333334
1880,2426.6666666666665,3040.0,762.6666666666666,7640.0,140.66666666666666
1881,2421.3333333333335,3034.6666666666665,762.6666666666666,7640.0,143.33333333333334
1882,2416.0,3026.6666666666665,762.6666666666666,7640.0,146.0
1883,2410.6666666666665,3024.0,762.6666666666666,7637.333333333333,146.0
1884,2408.0,3018.6666666666665,762.6666666666666,7634.666666666667,143.33333333333334
1885,2402.6666666666665,3013.3333333333335,760.0,7632.0,143.33333333333334
1886,2397.3333333333335,3008.0,760.0,7634.666666666667,146.0
1887,2394.6666666666665,3002.6666666666665,760.0,7632.0,146.0
1888,2389.3333333333335,2997.3333333333335,760.0,7632.0,146.0
1889,2384.0,2994.6666666666665,760.0,7632.0,146.0
1890,2378.6666666666665,2989.3333333333335,760.0,7629.333333333333,146.0
1891,2373.3333333333335,2984.0,760.0,7629.333333333333,146.0
1892,2365.3333333333335,2978.6666666666665,760.0,7629.333333333333,146.0
1893,2360.0,2976.0,760.0,7629.333333333333,146.0
1894,2357.3333333333335,2973.3333333333335,760.0,7626.666666666667,146.0
1895,2352.0,2970.6666666666665,760.0,7626.666666666667,146.0
1896,2346.6666666666665,2962.6666666666665,760.0,7626.666666666667,146.0
1897,2341.3333333333335,2960.0,760.0,7626.666666666667,146.0
1898,2336.0,2957.3333333333335,760.0,7626.666666666667,146.0
1899,2330.6666666666665,2952.0,760.0,7626.666666666667,146.0
1900,2325.3333333333335,2946.6666666666665,760.0,7626.666666666667,146.0
1901,2322.6666666666665,2944.0,760.0,7626.666666666667,146.0
1902,2317.3333333333335,2938.6666666666665,760.0,7626.666666666667,146.0
1903,2312.0,2933.3333333333335,760.0,7624.0,146.0
1904,2304.0,2928.0,760.0,7624.0,146.0
1905,2298.6666666666665,2925.3333333333335,760.0,7624.0,143.33333333333334
1906,2290.6666666666665,2920.0,760.0,7624.0,146.0
1907,2285.3333333333335,2914.6666666666665,762.6666666666666,7621.333333333333,148.66666666666666
1908,2280.0,2909.3333333333335,762.6666666666666,7621.333333333333,148.66666666666666
1909,2277.3333333333335,2904.0,762.6666666666666,7621.333333333333,151.33333333333334
1910,2272.0,2898.6666666666665,762.6666666666666,7618.666666666667,154.0
1911,2269.3333333333335,2896.0,762.6666666666666,7616.0,154.0
1912,2266.6666666666665,2890.6666666666665,762.6666666666666,7616.0,151.33333333333334
1913,2264.0,2885.3333333333335,762.6666666666666,7616.0,151.33333333333334
1914,2256.0,2882.6666666666665,762.6666666666666,7618.666666666667,151.33333333333334
1915,2253.3333333333335,2880.0,762.6666666666666,7621.333333333333,151.33333333333334
1916,2250.6666666666665,2877.3333333333335,762.6666666666666,7618.666666666667,151.33333333333334
1917,2248.0,2874.6666666666665,762.6666666666666,7621.333333333333,154.0
1918,2242.6666666666665,2872.0,762.6666666666666,7618.666666666667,151.33333333333334
1919,2240.0,2864.0,762.6666666666666,7621.333333333333,151.33333333333334
1920,2234.6666666666665,2858.6666666666665,762.6666666666666,7621.333333333333,151.33333333333334
1921,2229.3333333333335,2856.0,762.6666666666666,7621.333333333333,151.33333333333334
1922,2226.6666666666665,2850.6666666666665,762.6666666666666,7621.333333333333,154.0
1923,2224.0,2845.3333333333335,762.6666666666666,7621.333333333333,156.66666666666666
1924,2221.3333333333335,2840.0,762.6666666666666,7621.333333333333,156.66666666666666
1925,2218.6666666666665,2834.6666666666665,762.6666666666666,7621.333333333333,156.66666666666666
1926,2213.3333333333335,2829.3333333333335,762.6666666666666,7621.333333333333,156.66666666666666
1927,2208.0,2824.0,762.6666666666666,7624.0,159.33333333333334
1928,2202.6666666666665,2816.0,762.6666666666666,7621.333333333333,162.0
1929,2200.0,2813.3333333333335,762.6666666666666,7624.0,162.0
1930,2194.6666666666665,2808.0,762.6666666666666,7621.333333333333,164.66666666666666
1931,2186.6666666666665,2802.6666666666665,762.6666666666666,7618.666666666667,164.66666666666666
1932,2181.3333333333335,2800.0,762.6666666666666,7616.0,167.33333333333334
1933,2178.6666666666665,2794.6666666666665,762.6666666666666,7616.0,167.33333333333334
1934,2176.0,2789.3333333333335,762.6666666666666,7616.0,167.33333333333334
1935,2170.6666666666665,2781.3333333333335,762.6666666666666,7616.0,167.33333333333334
1936,2168.0,2776.0,762.6666666666666,7616.0,164.66666666666666
1937,2160.0,2770.6666666666665,760.0,7616.0,164.66666666666666
1938,2154.6666666666665,2765.3333333333335,760.0,7616.0,167.33333333333334
1939,2149.3333333333335,2760.0,760.0,7616.0,164.66666666666666
1940,2146.6666666666665,2754.6666666666665,760.0,7616.0,162.0
1941,2141.3333333333335,2749.3333333333335,760.0,7616.0,159.33333333333334
1942,2133.3333333333335,2746.6666666666665,760.0,7616.0,162.0
1943,2125.3333333333335,2741.3333333333335,760.0,7618.666666666667,162.0
1944,2120.0,2736.0,760.0,7616.0,164.66666666666666
1945,2112.0,2728.0,760.0,7613.333333333333,164.66666666666666
1946,2104.0,2722.6666666666665,760.0,7613.333333333333,164.66666666666666
1947,2096.0,2714.6666666666665,760.0,7610.666666666667,162.0
1948,2093.3333333333335,2709.3333333333335,760.0,7610.666666666667,164.66666666666666
1949,2085.3333333333335,2706.6666666666665,760.0,7608.0,164.66666666666666
1950,2080.0,2701.3333333333335,760.0,7608.0,167.33333333333334
1951,2074.6666666666665,2693.3333333333335,760.0,7608.0,167.33333333333334
1952,2069.3333333333335,2688.0,760.0,7608.0,167.33333333333334
1953,2061.3333333333335,2682.6666666666665,760.0,7608.0,167.33333333333334
1954,2053.3333333333335,2680.0,760.0,7608.0,170.0
1955,2048.0,2674.6666666666665,760.0,7608.0,172.66666666666666
1956,2045.3333333333333,2672.0,760.0,7608.0,172.66666666666666
1957,2040.0,2666.6666666666665,760.0,7605.333333333333,170.0
1958,2034.6666666666667,2664.0,760.0,7605.333333333333,170.0
1959,2026.6666666666667,2658.6666666666665,760.0,7605.333333333333,170.0
1960,2021.3333333333333,2653.3333333333335,760.0,7605.333333333333,170.0
1961,2016.0,2648.0,762.6666666666666,7605.333333333333,170.0
1962,2010.6666666666667,2642.6666666666665,762.6666666666666,7605.333333333333,167.33333333333334
1963,2002.6666666666667,2640.0,762.6666666666666,7605.333333333333,170.0
1964,1997.3333333333333,2637.3333333333335,762.6666666666666,7605.333333333333,172.66666666666666
1965,1992.0,2632.0,762.6666666666666,7605.333333333333,175.33333333333334
1966,1986.6666666666667,2629.3333333333335,762.6666666666666,7605.333333333333,178.0
1967,1984.0,2624.0,762.6666666666666,7605.333333333333,178.0
1968,1978.6666666666667,2618.6666666666665,762.6666666666666,7605.333333333333,178.0
1969,1973.3333333333333,2616.0,762.6666666666666,7605.333333333333,180.66666666666666
1970,1968.0,2610.6666666666665,762.6666666666666,7605.333333333333,183.33333333333334
1971,1962.6666666666667,2605.3333333333335,762.6666666666666,7605.333333333333,183.33333333333334
1972,1960.0,2600.0,762.6666666666666,7605.333333333333,183.33333333333334
1973,1954.6666666666667,2594.6666666666665,762.6666666666666,7602.666666666667,186.0
1974,1952.0,2589.3333333333335,762.6666666666666,7602.666666666667,186.0
1975,1949.3333333333333,2586.6666666666665,762.6666666666666,7602.666666666667,188.66666666666666
1976,1946.6666666666667,2581.3333333333335,762.6666666666666,7602.666666666667,188.66666666666666
1977,1944.0,2578.6666666666665,762.6666666666666,7602.666666666667,191.33333333333334
1978,1938.6666666666667,2573.3333333333335,762.6666666666666,7600.0,188.66666666666666
1979,1936.0,2568.0,762.6666666666666,7600.0,191.33333333333334
1980,1933.3333333333333,2565.3333333333335,762.6666666666666,7597.333333333333,191.33333333333334
1981,1928.0,2562.6666666666665,762.6666666666666,7597.333333333333,194.0
1982,1922.6666666666667,2560.0,762.6666666666666,7597.333333333333,194.0
1983,1917.3333333333333,2557.3333333333335,762.6666666666666,7597.333333333333,194.0
1984,1912.0,2552.0,762.6666666666666,7597.333333333333,194.0
1985,1906.6666666666667,2549.3333333333335,762.6666666666666,7597.333333333333,194.0
1986,1901.3333333333333,2546.6666666666665,762.6666666666666,7597.333333333333,194.0
1987,1898.6666666666667,2544.0,762.6666666666666,7597.333333333333,196.66666666666666
1988,1896.0,2538.6666666666665,762.6666666666666,7597.333333333333,196.66666666666666
1989,1893.3333333333333,2533.3333333333335,762.6666666666666,7594.666666666667,199.33333333333334
1990,1888.0,2528.0,762.6666666666666,7594.666666666667,199.33333333333334
1991,1882.6666666666667,2522.6666666666665,760.0,7594.666666666667,202.0
1992,1877.3333333333333,2517.3333333333335,760.0,7594.666666666667,204.66666666666666
1993,1872.0,2512.0,760.0,7594.666666666667,202.0
1994,1869.3333333333333,2506.6666666666665,760.0,7594.666666666667,202.0
1995,1866.6666666666667,2504.0,760.0,7594.666666666667,202.0
1996,1861.3333333333333,2498.6666666666665,760.0,7594.666666666667,202.0
1997,1856.0,2496.0,760.0,7592.0,202.0
1998,1850.6666666666667,2493.3333333333335,760.0,7592.0,202.0
1999,1845.3333333333333,2488.0,760.0,7592.0,202.0
2000,1840.0,2485.3333333333335,760.0,7589.333333333333,202.0
2001,1834.6666666666667,2482.6666666666665,760.0,7586.666666666667,204.66666666666666
2002,1829.3333333333333,2480.0,760.0,7586.666666666667,204.66666666666666
2003,1826.6666666666667,2477.3333333333335,760.0,7586.666666666667,204.66666666666666
2004,1821.3333333333333,2472.0,760.0,7586.666666666667,204.66666666666666
2005,1816.0,2466.6666666666665,760.0,7586.666666666667,204.66666666666666
2006,1810.6666666666667,2461.3333333333335,760.0,7586.666666666667,204.66666666666666
2007,1805.3333333333333,2456.0,760.0,7586.666666666667,202.0
2008,1800.0,2450.6666666666665,760.0,7589.333333333333,204.66666666666666
2009,1794.6666666666667,2445.3333333333335,760.0,7589.333333333333,204.66666666666666
2010,1789.3333333333333,2440.0,760.0,7589.333333333333,204.66666666666666
2011,1786.6666666666667,2434.6666666666665,760.0,7589.333333333333,204.66666666666666
2012,1781.3333333333333,2429.3333333333335,760.0,7589.333333333333,204.66666666666666
2013,1776.0,2424.0,760.0,7586.666666666667,204.66666666666666
2014,1773.3333333333333,2418.6666666666665,760.0,7586.666666666667,204.66666666666666
2015,1768.0,2413.3333333333335,760.0,7584.0,204.66666666666666
2016,1762.6666666666667,2408.0,760.0,7584.0,204.66666666666666
2017,1757.3333333333333,2402.6666666666665,760.0,7584.0,207.33333333333334
2018,1754.6666666666667,2397.3333333333335,760.0,7584.0,207.33333333333334
2019,1749.3333333333333,2394.6666666666665,760.0,7584.0,207.33333333333334
2020,1746.6666666666667,2389.3333333333335,760.0,7584.0,207.33333333333334
2021,1744.0,2384.0,757.3333333333334,7584.0,207.33333333333334
2022,1741.3333333333333,2378.6666666666665,757.3333333333334,7581.333333333333,207.33333333333334
2023,1738.6666666666667,2373.3333333333335,757.3333333333334,7581.333333333333,210.0
2024,1730.6666666666667,2370.6666666666665,757.3333333333334,7578.666666666667,210.0
2025,1725.3333333333333,2368.0,757.3333333333334,7576.0,210.0
2026,1722.6666666666667,2362.6666666666665,757.3333333333334,7573.333333333333,210.0
2027,1717.3333333333333,2357.3333333333335,757.3333333333334,7573.333333333333,210.0
2028,1712.0,2352.0,757.3333333333334,7570.666666666667,212.66666666666666
2029,1706.6666666666667,2346.6666666666665,757.3333333333334,7568.0,212.66666666666666
2030,1701.3333333333333,2341.3333333333335,757.3333333333334,7568.0,212.66666666666666
2031,1696.0,2336.0,757.3333333333334,7568.0,212.66666666666666
2032,1690.6666666666667,2330.6666666666665,757.3333333333334,7565.333333333333,212.66666666666666
2033,1685.3333333333333,2325.3333333333335,757.3333333333334,7562.666666666667,212.66666666666666
2034,1680.0,2322.6666666666665,757.3333333333334,7560.0,212.66666666666666
2035,1674.6666666666667,2320.0,757.3333333333334,7557.333333333333,215.33333333333334
2036,1669.3333333333333,2314.6666666666665,757.3333333333334,7557.333333333333,215.33333333333334
2037,1664.0,2309.3333333333335,757.3333333333334,7554.666666666667,220.66666666666666
2038,1658.6666666666667,2304.0,757.3333333333334,7552.0,220.66666666666666
2039,1653.3333333333333,2298.6666666666665,757.3333333333334,7549.333333333333,220.66666666666666
2040,1648.0,2293.3333333333335,757.3333333333334,7549.333333333333,220.66666666666666
2041,1642.6666666666667,2290.6666666666665,757.3333333333334,7546.666666666667,223.33333333333334
2042,1640.0,2285.3333333333335,757.3333333333334,7544.0,223.33333333333334
2043,1637.3333333333333,2282.6666666666665,757.3333333333334,7544.0,223.33333333333334
2044,1632.0,2277.3333333333335,760.0,7541.333333333333,223.33333333333334
2045,1629.3333333333333,2272.0,760.0,7541.333333333333,226.0
2046,1626.6666666666667,2266.6666666666665,760.0,7538.666666666667,228.66666666666666
2047,1624.0,2261.3333333333335,760.0,7538.666666666667,226.0
2048,1618.6666666666667,2261.3333333333335,757.3333333333334,7538.666666666667,228.66666666666666
2049,1616.0,2256.0,757.3333333333334,7536.0,231.33333333333334
2050,1610.6666666666667,2256.0,757.3333333333334,7533.333333333333,234.0
2051,1605.3333333333333,2250.6666666666665,760.0,7530.666666666667,236.66666666666666
2052,1600.0,2245.3333333333335,760.0,7530.666666666667,239.33333333333334
2053,1594.6666666666667,2240.0,760.0,7528.0,242.0
2054,1592.0,2232.0,760.0,7528.0,244.66666666666666
2055,1586.6666666666667,2224.0,760.0,7528.0,244.66666666666666
2056,1581.3333333333333,2218.6666666666665,760.0,7528.0,247.33333333333334
2057,1576.0,2213.3333333333335,760.0,7528.0,250.0
2058,1573.3333333333333,2208.0,760.0,7525.333333333333,250.0
2059,1568.0,2202.6666666666665,760.0,7525.333333333333,252.66666666666666
2060,1562.6666666666667,2197.3333333333335,760.0,7525.333333333333,255.33333333333334
2061,1557.3333333333333,2192.0,760.0,7522.666666666667,258.0
2062,1552.0,2186.6666666666665,760.0,7522.666666666667,260.6666666666667
2063,1546.6666666666667,2181.3333333333335,760.0,7522.666666666667,266.0
2064,1541.3333333333333,2176.0,760.0,7522.666666666667,268.6666666666667
2065,1536.0,2170.6666666666665,760.0,7520.0,268.6666666666667
2066,1530.6666666666667,2168.0,760.0,7514.666666666667,271.3333333333333
2067,1525.3333333333333,2165.3333333333335,760.0,7512.0,271.3333333333333
2068,1517.3333333333333,2160.0,760.0,7512.0,274.0
2069,1512.0,2154.6666666666665,760.0,7509.333333333333,276.6666666666667
2070,1506.6666666666667,2149.3333333333335,760.0,7509.333333333333,279.3333333333333
2071,1501.3333333333333,2141.3333333333335,760.0,7509.333333333333,279.3333333333333
2072,1493.3333333333333,2136.0,760.0,7506.666666666667,284.6666666666667
2073,1488.0,2128.0,760.0,7506.666666666667,290.0
2074,1482.6666666666667,2122.6666666666665,757.3333333333334,7506.666666666667,292.6666666666667
2075,1474.6666666666667,2117.3333333333335,757.3333333333334,7504.0,292.6666666666667
2076,1466.6666666666667,2112.0,757.3333333333334,7504.0,292.6666666666667
2077,1458.6666666666667,2106.6666666666665,757.3333333333334,7498.666666666667,295.3333333333333
2078,1450.6666666666667,2098.6666666666665,760.0,7496.0,298.0
2079,1442.6666666666667,2093.3333333333335,760.0,7493.333333333333,300.6666666666667
2080,1437.3333333333333,2085.3333333333335,760.0,7493.333333333333,303.3333333333333
2081,1434.6666666666667,2082.6666666666665,760.0,7493.333333333333,306.0
2082,1429.3333333333333,2077.3333333333335,760.0,7490.666666666667,308.6666666666667
2083,1424.0,2072.0,760.0,7488.0,308.6666666666667
2084,1416.0,2069.3333333333335,760.0,7485.333333333333,311.3333333333333
2085,1410.6666666666667,2064.0,760.0,7482.666666666667,316.6666666666667
2086,1405.3333333333333,2058.6666666666665,760.0,7482.666666666667,319.3333333333333
2087,1402.6666666666667,2053.3333333333335,760.0,7480.0,322.0
2088,1397.3333333333333,2048.0,760.0,7480.0,324.6666666666667
2089,1394.6666666666667,2042.6666666666667,760.0,7477.333333333333,327.3333333333333
2090,1389.3333333333333,2037.3333333333333,760.0,7472.0,330.0
2091,1384.0,2032.0,760.0,7472.0,332.6666666666667
2092,1378.6666666666667,2024.0,760.0,7469.333333333333,335.3333333333333
2093,1373.3333333333333,2018.6666666666667,760.0,7466.666666666667,335.3333333333333
2094,1368.0,2013.3333333333333,760.0,7464.0,338.0
2095,1362.6666666666667,2008.0,760.0,7464.0,340.6666666666667
2096,1357.3333333333333,2002.6666666666667,760.0,7466.666666666667,346.0
2097,1352.0,1997.3333333333333,760.0,7464.0,351.3333333333333
2098,1349.3333333333333,1992.0,760.0,7461.333333333333,354.0
2099,1344.0,1986.6666666666667,757.3333333333334,7458.666666666667,356.6666666666667
2100,1336.0,1981.3333333333333,757.3333333333334,7453.333333333333,362.0
2101,1330.6666666666667,1978.6666666666667,757.3333333333334,7448.0,367.3333333333333
2102,1328.0,1976.0,757.3333333333334,7445.333333333333,370.0
2103,1320.0,1970.6666666666667,757.3333333333334,7440.0,372.6666666666667
2104,1314.6666666666667,1965.3333333333333,757.3333333333334,7434.666666666667,378.0
2105,1312.0,1960.0,757.3333333333334,7432.0,383.3333333333333
2106,1306.6666666666667,1954.6666666666667,757.3333333333334,7429.333333333333,388.6666666666667
2107,1301.3333333333333,1949.3333333333333,757.3333333333334,7429.333333333333,394.0
2108,1298.6666666666667,1944.0,757.3333333333334,7424.0,396.6666666666667
2109,1293.3333333333333,1938.6666666666667,757.3333333333334,7421.333333333333,399.3333333333333
2110,1288.0,1933.3333333333333,757.3333333333334,7416.0,402.0
2111,1280.0,1928.0,757.3333333333334,7410.666666666667,404.6666666666667
2112,1274.6666666666667,1925.3333333333333,757.3333333333334,7408.0,407.3333333333333
2113,1269.3333333333333,1922.6666666666667,757.3333333333334,7405.333333333333,412.6666666666667
2114,1266.6666666666667,1914.6666666666667,757.3333333333334,7402.666666666667,415.3333333333333
2115,1261.3333333333333,1909.3333333333333,757.3333333333334,7400.0,418.0
2116,1256.0,1904.0,757.3333333333334,7394.666666666667,420.6666666666667
2117,1250.6666666666667,1898.6666666666667,757.3333333333334,7392.0,426.0
2118,1245.3333333333333,1893.3333333333333,757.3333333333334,7389.333333333333,431.3333333333333
2119,1240.0,1888.0,757.3333333333334,7386.666666666667,436.6666666666667
2120,1234.6666666666667,1882.6666666666667,757.3333333333334,7386.666666666667,442.0
2121,1232.0,1877.3333333333333,757.3333333333334,7384.0,447.3333333333333
2122,1229.3333333333333,1874.6666666666667,757.3333333333334,7378.666666666667,452.6666666666667
2123,1224.0,1869.3333333333333,757.3333333333334,7376.0,458.0
2124,1218.6666666666667,1864.0,757.3333333333334,7370.666666666667,463.3333333333333
2125,1213.3333333333333,1856.0,757.3333333333334,7365.333333333333,468.6666666666667
2126,1208.0,1850.6666666666667,757.3333333333334,7357.333333333333,471.3333333333333
2127,1202.6666666666667,1845.3333333333333,757.3333333333334,7354.666666666667,474.0
2128,1197.3333333333333,1842.6666666666667,757.3333333333334,7349.333333333333,482.0
2129,1192.0,1840.0,760.0,7346.666666666667,487.3333333333333
2130,1189.3333333333333,1834.6666666666667,760.0,7344.0,490.0
2131,1184.0,1826.6666666666667,760.0,7341.333333333333,492.6666666666667
2132,1178.6666666666667,1818.6666666666667,760.0,7338.666666666667,498.0
2133,1176.0,1813.3333333333333,760.0,7333.333333333333,503.3333333333333
2134,1170.6666666666667,1808.0,760.0,7330.666666666667,508.6666666666667
2135,1165.3333333333333,1805.3333333333333,760.0,7328.0,514.0
2136,1162.6666666666667,1800.0,760.0,7322.666666666667,519.3333333333334
2137,1160.0,1794.6666666666667,760.0,7317.333333333333,524.6666666666666
2138,1152.0,1789.3333333333333,760.0,7312.0,530.0
2139,1149.3333333333333,1784.0,760.0,7306.666666666667,535.3333333333334
2140,1146.6666666666667,1778.6666666666667,760.0,7301.333333333333,540.6666666666666
2141,1144.0,1773.3333333333333,760.0,7296.0,548.6666666666666
2142,1141.3333333333333,1768.0,760.0,7290.666666666667,554.0
2143,1138.6666666666667,1762.6666666666667,760.0,7285.333333333333,562.0
2144,1136.0,1757.3333333333333,760.0,7280.0,570.0
2145,1130.6666666666667,1752.0,760.0,7274.666666666667,578.0
2146,1125.3333333333333,1746.6666666666667,760.0,7269.333333333333,586.0
2147,1120.0,1741.3333333333333,760.0,7264.0,591.3333333333334
2148,1114.6666666666667,1736.0,760.0,7256.0,596.6666666666666
2149,1109.3333333333333,1730.6666666666667,760.0,7250.666666666667,602.0
2150,1106.6666666666667,1725.3333333333333,760.0,7242.666666666667,607.3333333333334
2151,1101.3333333333333,1720.0,760.0,7237.333333333333,615.3333333333334
2152,1096.0,1714.6666666666667,760.0,7232.0,623.3333333333334
2153,1093.3333333333333,1709.3333333333333,760.0,7224.0,631.3333333333334
2154,1090.6666666666667,1704.0,760.0,7218.666666666667,639.3333333333334
2155,1088.0,1701.3333333333333,760.0,7213.333333333333,647.3333333333334
2156,1082.6666666666667,1696.0,760.0,7208.0,658.0
2157,1077.3333333333333,1690.6666666666667,757.3333333333334,7202.666666666667,666.0
2158,1072.0,1685.3333333333333,757.3333333333334,7197.333333333333,674.0
2159,1069.3333333333333,1680.0,757.3333333333334,7192.0,684.6666666666666
2160,1064.0,1674.6666666666667,757.3333333333334,7184.0,695.3333333333334
2161,1058.6666666666667,1669.3333333333333,757.3333333333334,7176.0,706.0
2162,1053.3333333333333,1664.0,757.3333333333334,7168.0,714.0
2163,1048.0,1658.6666666666667,757.3333333333334,7162.666666666667,722.0
2164,1042.6666666666667,1653.3333333333333,757.3333333333334,7154.666666666667,730.0
2165,1037.3333333333333,1645.3333333333333,757.3333333333334,7146.666666666667,738.0
2166,1032.0,1640.0,757.3333333333334,7138.666666666667,746.0
2167,1026.6666666666667,1634.6666666666667,757.3333333333334,7130.666666666667,754.0
2168,1024.0,1629.3333333333333,757.3333333333334,7122.666666666667,762.0
2169,1018.6666666666666,1624.0,757.3333333333334,7117.333333333333,770.0
2170,1013.3333333333334,1618.6666666666667,757.3333333333334,7112.0,778.0
2171,1008.0,1613.3333333333333,757.3333333333334,7106.666666666667,783.3333333333334
2172,1002.6666666666666,1608.0,754.6666666666666,7101.333333333333,794.0
2173,997.3333333333334,1602.6666666666667,754.6666666666666,7096.0,804.6666666666666
2174,992.0,1600.0,754.6666666666666,7090.666666666667,815.3333333333334
2175,989.3333333333334,1597.3333333333333,754.6666666666666,7085.333333333333,826.0
2176,984.0,1592.0,754.6666666666666,7077.333333333333,836.6666666666666
2177,978.6666666666666,1586.6666666666667,754.6666666666666,7066.666666666667,847.3333333333334
2178,973.3333333333334,1581.3333333333333,754.6666666666666,7058.666666666667,858.0
2179,968.0,1576.0,752.0,7050.666666666667,868.6666666666666
2180,962.6666666666666,1570.6666666666667,752.0,7042.666666666667,882.0
2181,957.3333333333334,1565.3333333333333,752.0,7032.0,892.6666666666666
2182,952.0,1560.0,752.0,7024.0,903.3333333333334
2183,946.6666666666666,1554.6666666666667,749.3333333333334,7016.0,914.0
2184,941.3333333333334,1549.3333333333333,749.3333333333334,7005.333333333333,924.6666666666666
2185,936.0,1541.3333333333333,746.6666666666666,6994.666666666667,935.3333333333334
2186,930.6666666666666,1536.0,746.6666666666666,6984.0,946.0
2187,928.0,1530.6666666666667,746.6666666666666,6973.333333333333,959.3333333333334
2188,922.6666666666666,1525.3333333333333,746.6666666666666,6960.0,970.0
2189,914.6666666666666,1517.3333333333333,746.6666666666666,6949.333333333333,980.6666666666666
2190,909.3333333333334,1514.6666666666667,744.0,6941.333333333333,991.3333333333334
2191,906.6666666666666,1509.3333333333333,744.0,6933.333333333333,1002.0
2192,901.3333333333334,1504.0,741.3333333333334,6922.666666666667,1012.6666666666666
2193,896.0,1498.6666666666667,741.3333333333334,6912.0,1026.0
2194,890.6666666666666,1493.3333333333333,741.3333333333334,6901.333333333333,1039.3333333333333
2195,885.3333333333334,1488.0,741.3333333333334,6890.666666666667,1052.6666666666667
2196,880.0,1482.6666666666667,741.3333333333334,6880.0,1068.6666666666667
2197,874.6666666666666,1477.3333333333333,741.3333333333334,6869.333333333333,1082.0
2198,869.3333333333334,1472.0,741.3333333333334,6861.333333333333,1095.3333333333333
2199,864.0,1466.6666666666667,738.6666666666666,6850.666666666667,1111.3333333333333
2200,858.6666666666666,1461.3333333333333,738.6666666666666,6837.333333333333,1127.3333333333333
2201,850.6666666666666,1453.3333333333333,738.6666666666666,6824.0,1143.3333333333333
2202,845.3333333333334,1448.0,741.3333333333334,6810.666666666667,1156.6666666666667
2203,837.3333333333334,1442.6666666666667,741.3333333333334,6794.666666666667,1167.3333333333333
2204,832.0,1437.3333333333333,741.3333333333334,6781.333333333333,1180.6666666666667
2205,824.0,1432.0,741.3333333333334,6765.333333333333,1194.0
2206,818.6666666666666,1429.3333333333333,738.6666666666666,6752.0,1207.3333333333333
2207,813.3333333333334,1424.0,738.6666666666666,6741.333333333333,1220.6666666666667
2208,808.0,1418.6666666666667,738.6666666666666,6730.666666666667,1234.0
2209,802.6666666666666,1413.3333333333333,741.3333333333334,6717.333333333333,1250.0
2210,797.3333333333334,1408.0,741.3333333333334,6704.0,1260.6666666666667
2211,792.0,1402.6666666666667,741.3333333333334,6693.333333333333,1274.0
2212,786.6666666666666,1397.3333333333333,741.3333333333334,6680.0,1287.3333333333333
2213,781.3333333333334,1392.0,744.0,6666.666666666667,1303.3333333333333
2214,778.6666666666666,1386.6666666666667,744.0,6656.0,1319.3333333333333
2215,773.3333333333334,1384.0,746.6666666666666,6645.333333333333,1335.3333333333333
2216,770.6666666666666,1378.6666666666667,746.6666666666666,6632.0,1348.6666666666667
2217,765.3333333333334,1370.6666666666667,749.3333333333334,6618.666666666667,1362.0
2218,762.6666666666666,1365.3333333333333,749.3333333333334,6608.0,1375.3333333333333
2219,760.0,1360.0,749.3333333333334,6592.0,1391.3333333333333
2220,754.6666666666666,1354.6666666666667,752.0,6578.666666666667,1407.3333333333333
2221,749.3333333333334,1352.0,752.0,6565.333333333333,1423.3333333333333
2222,746.6666666666666,1349.3333333333333,752.0,6552.0,1439.3333333333333
2223,741.3333333333334,1344.0,752.0,6538.666666666667,1450.0
2224,736.0,1338.6666666666667,752.0,6525.333333333333,1463.3333333333333
2225,730.6666666666666,1333.3333333333333,752.0,6512.0,1476.6666666666667
2226,725.3333333333334,1328.0,749.3333333333334,6498.666666666667,1490.0
2227,720.0,1322.6666666666667,749.3333333333334,6485.333333333333,1506.0
2228,714.6666666666666,1317.3333333333333,749.3333333333334,6472.0,1522.0
2229,712.0,1312.0,752.0,6458.666666666667,1535.3333333333333
2230,706.6666666666666,1306.6666666666667,752.0,6445.333333333333,1548.6666666666667
2231,704.0,1304.0,752.0,6434.666666666667,1562.0
2232,698.6666666666666,1298.6666666666667,749.3333333333334,6421.333333333333,1578.0
2233,696.0,1290.6666666666667,749.3333333333334,6410.666666666667,1594.0
2234,690.6666666666666,1285.3333333333333,746.6666666666666,6394.666666666667,1607.3333333333333
2235,688.0,1280.0,746.6666666666666,6381.333333333333,1623.3333333333333
2236,682.6666666666666,1274.6666666666667,749.3333333333334,6368.0,1639.3333333333333
2237,680.0,1272.0,749.3333333333334,6354.666666666667,1655.3333333333333
2238,674.6666666666666,1269.3333333333333,749.3333333333334,6341.333333333333,1671.3333333333333
2239,669.3333333333334,1264.0,749.3333333333334,6328.0,1687.3333333333333
2240,666.6666666666666,1258.6666666666667,749.3333333333334,6314.666666666667,1703.3333333333333
2241,661.3333333333334,1256.0,749.3333333333334,6301.333333333333,1719.3333333333333
2242,656.0,1253.3333333333333,749.3333333333334,6288.0,1735.3333333333333
2243,650.6666666666666,1250.6666666666667,746.6666666666666,6274.666666666667,1748.6666666666667
2244,642.6666666666666,1245.3333333333333,744.0,6261.333333333333,1764.6666666666667
2245,637.3333333333334,1240.0,744.0,6248.0,1778.0
2246,632.0,1234.6666666666667,744.0,6234.666666666667,1794.0
2247,626.6666666666666,1232.0,741.3333333333334,6221.333333333333,1810.0
2248,621.3333333333334,1226.6666666666667,738.6666666666666,6205.333333333333,1826.0
2249,616.0,1224.0,738.6666666666666,6194.666666666667,1842.0
2250,610.6666666666666,1218.6666666666667,738.6666666666666,6181.333333333333,1858.0
2251,605.3333333333334,1213.3333333333333,738.6666666666666,6165.333333333333,1874.0
2252,600.0,1208.0,741.3333333333334,6152.0,1892.6666666666667
2253,597.3333333333334,1205.3333333333333,738.6666666666666,6138.666666666667,1914.0
2254,592.0,1200.0,738.6666666666666,6125.333333333333,1932.6666666666667
2255,586.6666666666666,1194.6666666666667,738.6666666666666,6112.0,1951.3333333333333
2256,581.3333333333334,1189.3333333333333,738.6666666666666,6096.0,1970.0
2257,576.0,1184.0,738.6666666666666,6080.0,1988.6666666666667
2258,570.6666666666666,1178.6666666666667,738.6666666666666,6061.333333333333,2007.3333333333333
2259,562.6666666666666,1173.3333333333333,736.0,6042.666666666667,2028.6666666666667
2260,557.3333333333334,1168.0,733.3333333333334,6026.666666666667,2050.0
2261,554.6666666666666,1165.3333333333333,733.3333333333334,6008.0,2071.3333333333335
2262,549.3333333333334,1160.0,733.3333333333334,5989.333333333333,2092.6666666666665
2263,544.0,1157.3333333333333,733.3333333333334,5970.666666666667,2111.3333333333335
2264,538.6666666666666,1152.0,736.0,5954.666666666667,2130.0
2265,533.3333333333334,1146.6666666666667,733.3333333333334,5938.666666666667,2148.6666666666665
2266,530.6666666666666,1141.3333333333333,733.3333333333334,5922.666666666667,2170.0
2267,525.3333333333334,1136.0,730.6666666666666,5906.666666666667,2191.3333333333335
2268,522.6666666666666,1128.0,730.6666666666666,5888.0,2212.6666666666665
2269,520.0,1125.3333333333333,730.6666666666666,5869.333333333333,2231.3333333333335
2270,514.6666666666666,1120.0,728.0,5853.333333333333,2252.6666666666665
2271,512.0,1114.6666666666667,725.3333333333334,5832.0,2274.0
2272,509.3333333333333,1109.3333333333333,725.3333333333334,5813.333333333333,2295.3333333333335
2273,506.6666666666667,1101.3333333333333,728.0,5794.666666666667,2316.6666666666665
2274,504.0,1096.0,730.6666666666666,5776.0,2338.0
2275,498.6666666666667,1090.6666666666667,728.0,5757.333333333333,2362.0
2276,496.0,1085.3333333333333,725.3333333333334,5741.333333333333,2386.0
2277,493.3333333333333,1080.0,728.0,5722.666666666667,2410.0
2278,488.0,1074.6666666666667,730.6666666666666,5704.0,2434.0
2279,482.6666666666667,1069.3333333333333,730.6666666666666,5682.666666666667,2455.3333333333335
2280,480.0,1064.0,730.6666666666666,5661.333333333333,2476.6666666666665
2281,474.6666666666667,1056.0,728.0,5642.666666666667,2500.6666666666665
2282,469.3333333333333,1050.6666666666667,725.3333333333334,5624.0,2522.0
2283,464.0,1045.3333333333333,725.3333333333334,5605.333333333333,2546.0
2284,461.3333333333333,1042.6666666666667,722.6666666666666,5586.666666666667,2567.3333333333335
2285,458.6666666666667,1040.0,722.6666666666666,5562.666666666667,2594.0
2286,456.0,1034.6666666666667,725.3333333333334,5541.333333333333,2618.0
2287,453.3333333333333,1029.3333333333333,722.6666666666666,5520.0,2642.0
2288,448.0,1024.0,722.6666666666666,5501.333333333333,2666.0
2289,442.6666666666667,1018.6666666666666,722.6666666666666,5480.0,2687.3333333333335
2290,440.0,1013.3333333333334,722.6666666666666,5458.666666666667,2708.6666666666665
2291,432.0,1005.3333333333334,720.0,5437.333333333333,2730.0
2292,429.3333333333333,1000.0,720.0,5418.666666666667,2748.6666666666665
2293,426.6666666666667,994.6666666666666,717.3333333333334,5400.0,2770.0
2294,424.0,989.3333333333334,714.6666666666666,5381.333333333333,2788.6666666666665
2295,421.3333333333333,984.0,714.6666666666666,5362.666666666667,2807.3333333333335
2296,418.6666666666667,981.3333333333334,714.6666666666666,5344.0,2828.6666666666665
2297,413.3333333333333,976.0,714.6666666666666,5325.333333333333,2852.6666666666665
2298,410.6666666666667,973.3333333333334,712.0,5309.333333333333,2882.0
2299,405.3333333333333,968.0,712.0,5293.333333333333,2914.0
2300,402.6666666666667,965.3333333333334,712.0,5274.666666666667,2946.0
2301,397.3333333333333,957.3333333333334,712.0,5256.0,2978.0
2302,392.0,952.0,709.3333333333334,5234.666666666667,3010.0
2303,386.6666666666667,949.3333333333334,706.6666666666666,5210.666666666667,3044.6666666666665
2304,378.6666666666667,944.0,704.0,5184.0,3082.0
2305,376.0,938.6666666666666,706.6666666666666,5157.333333333333,3122.0
2306,370.6666666666667,936.0,706.6666666666666,5130.666666666667,3159.3333333333335
2307,365.3333333333333,933.3333333333334,704.0,5106.666666666667,3199.3333333333335
2308,362.6666666666667,928.0,701.3333333333334,5082.666666666667,3242.0
2309,357.3333333333333,922.6666666666666,701.3333333333334,5056.0,3282.0
2310,352.0,917.3333333333334,698.6666666666666,5026.666666666667,3324.6666666666665
2311,349.3333333333333,914.6666666666666,698.6666666666666,4994.666666666667,3370.0
2312,344.0,909.3333333333334,698.6666666666666,4965.333333333333,3423.3333333333335
2313,338.6666666666667,901.3333333333334,698.6666666666666,4933.333333333333,3476.6666666666665
2314,333.3333333333333,896.0,698.6666666666666,4901.333333333333,3535.3333333333335
2315,328.0,890.6666666666666,696.0,4874.666666666667,3588.6666666666665
2316,322.6666666666667,885.3333333333334,693.3333333333334,4845.333333333333,3642.0
2317,317.3333333333333,880.0,693.3333333333334,4810.666666666667,3695.3333333333335
2318,314.6666666666667,874.6666666666666,690.6666666666666,4776.0,3748.6666666666665
2319,312.0,869.3333333333334,690.6666666666666,4741.333333333333,3820.6666666666665
2320,304.0,864.0,690.6666666666666,4704.0,3898.0
2321,301.3333333333333,858.6666666666666,690.6666666666666,4669.333333333333,3975.3333333333335
2322,296.0,853.3333333333334,690.6666666666666,4632.0,4052.6666666666665
2323,290.6666666666667,848.0,690.6666666666666,4594.666666666667,4130.0
2324,285.3333333333333,842.6666666666666,690.6666666666666,4549.333333333333,4210.0
2325,280.0,837.3333333333334,688.0,4498.666666666667,4284.666666666667
2326,274.6666666666667,829.3333333333334,685.3333333333334,4442.666666666667,4359.333333333333
2327,272.0,824.0,685.3333333333334,4386.666666666667,4447.333333333333
2328,264.0,818.6666666666666,685.3333333333334,4330.666666666667,4532.666666666667
2329,261.3333333333333,810.6666666666666,682.6666666666666,4277.333333333333,4618.0
2330,256.0,805.3333333333334,682.6666666666666,4226.666666666667,4703.333333333333
2331,253.33333333333334,800.0,682.6666666666666,4170.666666666667,4786.0
2332,248.0,792.0,682.6666666666666,4101.333333333333,4868.666666666667
2333,242.66666666666666,784.0,682.6666666666666,4034.6666666666665,4948.666666666667
2334,240.0,778.6666666666666,680.0,3970.6666666666665,5031.333333333333
2335,234.66666666666666,773.3333333333334,677.3333333333334,3906.6666666666665,5122.0
2336,229.33333333333334,765.3333333333334,677.3333333333334,3842.6666666666665,5215.333333333333
2337,224.0,757.3333333333334,677.3333333333334,3778.6666666666665,5306.0
2338,218.66666666666666,752.0,677.3333333333334,3717.3333333333335,5394.0
2339,218.66666666666666,746.6666666666666,674.6666666666666,3645.3333333333335,5482.0
2340,216.0,741.3333333333334,674.6666666666666,3568.0,5570.0
2341,210.66666666666666,736.0,674.6666666666666,3493.3333333333335,5652.666666666667
2342,205.33333333333334,730.6666666666666,674.6666666666666,3413.3333333333335,5738.0
2343,200.0,728.0,672.0,3336.0,5826.0
2344,197.33333333333334,722.6666666666666,669.3333333333334,3258.6666666666665,5914.0
2345,194.66666666666666,717.3333333333334,666.6666666666666,3184.0,6002.0
2346,192.0,714.6666666666666,664.0,3109.3333333333335,6090.0
2347,189.33333333333334,712.0,661.3333333333334,3026.6666666666665,6178.0
2348,184.0,706.6666666666666,661.3333333333334,2938.6666666666665,6263.333333333333
2349,178.66666666666666,701.3333333333334,661.3333333333334,2850.6666666666665,6330.0
2350,178.66666666666666,696.0,661.3333333333334,2768.0,6404.666666666667
2351,173.33333333333334,693.3333333333334,661.3333333333334,2682.6666666666665,6482.0
2352,170.66666666666666,688.0,661.3333333333334,2600.0,6559.333333333333
2353,165.33333333333334,682.6666666666666,661.3333333333334,2517.3333333333335,6636.666666666667
2354,162.66666666666666,680.0,658.6666666666666,2437.3333333333335,6714.0
2355,157.33333333333334,674.6666666666666,658.6666666666666,2352.0,6794.0
2356,152.0,669.3333333333334,658.6666666666666,2269.3333333333335,6868.666666666667
2357,146.66666666666666,664.0,656.0,2184.0,6927.333333333333
2358,144.0,658.6666666666666,653.3333333333334,2101.3333333333335,6991.333333333333
2359,138.66666666666666,656.0,650.6666666666666,2013.3333333333333,7055.333333333333
2360,133.33333333333334,650.6666666666666,648.0,1925.3333333333333,7116.666666666667
2361,128.0,645.3333333333334,645.3333333333334,1848.0,7180.666666666667
2362,125.33333333333333,642.6666666666666,642.6666666666666,1781.3333333333333,7242.0
2363,122.66666666666667,637.3333333333334,640.0,1704.0,7303.333333333333
2364,120.0,634.6666666666666,640.0,1626.6666666666667,7356.666666666667
2365,117.33333333333333,629.3333333333334,634.6666666666666,1549.3333333333333,7399.333333333333
2366,114.66666666666667,624.0,632.0,1472.0,7444.666666666667
2367,112.0,621.3333333333334,629.3333333333334,1394.6666666666667,7490.0
2368,109.33333333333333,618.6666666666666,626.6666666666666,1317.3333333333333,7532.666666666667
2369,104.0,613.3333333333334,624.0,1253.3333333333333,7580.666666666667
2370,101.33333333333333,608.0,621.3333333333334,1192.0,7626.0
2371,98.66666666666667,602.6666666666666,616.0,1125.3333333333333,7668.666666666667
2372,96.0,597.3333333333334,610.6666666666666,1061.3333333333333,7703.333333333333
2373,96.0,592.0,608.0,1000.0,7732.666666666667
2374,93.33333333333333,586.6666666666666,605.3333333333334,936.0,7759.333333333333
2375,90.66666666666667,581.3333333333334,602.6666666666666,869.3333333333334,7786.0
2376,88.0,576.0,600.0,805.3333333333334,7815.333333333333
2377,85.33333333333333,570.6666666666666,597.3333333333334,754.6666666666666,7842.0
2378,82.66666666666667,568.0,592.0,706.6666666666666,7871.333333333333
2379,82.66666666666667,562.6666666666666,586.6666666666666,661.3333333333334,7900.666666666667
2380,80.0,557.3333333333334,581.3333333333334,613.3333333333334,7916.666666666667
2381,80.0,549.3333333333334,576.0,565.3333333333334,7930.0
2382,77.33333333333333,544.0,570.6666666666666,517.3333333333334,7943.333333333333
2383,77.33333333333333,538.6666666666666,565.3333333333334,469.3333333333333,7956.666666666667
2384,74.66666666666667,530.6666666666666,562.6666666666666,426.6666666666667,7970.0
2385,74.66666666666667,525.3333333333334,560.0,394.6666666666667,7983.333333333333
2386,74.66666666666667,520.0,554.6666666666666,365.3333333333333,7996.666666666667
2387,74.66666666666667,514.6666666666666,549.3333333333334,338.6666666666667,8010.0
2388,74.66666666666667,509.3333333333333,544.0,306.6666666666667,8015.333333333333
2389,74.66666666666667,504.0,538.6666666666666,280.0,8020.666666666667
2390,72.0,498.6666666666667,533.3333333333334,250.66666666666666,8026.0
2391,72.0,496.0,528.0,221.33333333333334,8028.666666666667
2392,72.0,490.6666666666667,522.6666666666666,197.33333333333334,8034.0
2393,69.33333333333333,488.0,517.3333333333334,184.0,8039.333333333333
2394,69.33333333333333,482.6666666666667,512.0,168.0,8044.666666666667
2395,69.33333333333333,477.3333333333333,509.3333333333333,154.66666666666666,8050.0
2396,69.33333333333333,472.0,504.0,141.33333333333334,8052.666666666667
2397,69.33333333333333,464.0,496.0,128.0,8055.333333333333
2398,69.33333333333333,456.0,490.6666666666667,114.66666666666667,8058.0
2399,69.33333333333333,450.6666666666667,485.3333333333333,101.33333333333333,8060.666666666667
2400,69.33333333333333,445.3333333333333,480.0,93.33333333333333,8060.666666666667
2401,69.33333333333333,440.0,477.3333333333333,88.0,8066.0
2402,72.0,434.6666666666667,474.6666666666667,82.66666666666667,8066.0
2403,69.33333333333333,429.3333333333333,469.3333333333333,74.66666666666667,8068.666666666667
2404,69.33333333333333,424.0,464.0,72.0,8071.333333333333
2405,69.33333333333333,418.6666666666667,458.6666666666667,66.66666666666667,8074.0
2406,69.33333333333333,413.3333333333333,453.3333333333333,61.333333333333336,8074.0
2407,69.33333333333333,405.3333333333333,450.6666666666667,56.0,8074.0
2408,72.0,400.0,445.3333333333333,53.333333333333336,8074.0
2409,69.33333333333333,394.6666666666667,440.0,50.666666666666664,8074.0
2410,69.33333333333333,389.3333333333333,434.6666666666667,50.666666666666664,8074.0
2411,69.33333333333333,384.0,429.3333333333333,50.666666666666664,8076.666666666667
2412,69.33333333333333,378.6666666666667,424.0,50.666666666666664,8079.333333333333
2413,69.33333333333333,373.3333333333333,418.6666666666667,48.0,8082.0
2414,69.33333333333333,368.0,410.6666666666667,45.333333333333336,8082.0
2415,66.66666666666667,362.6666666666667,405.3333333333333,42.666666666666664,8084.666666666667
2416,66.66666666666667,357.3333333333333,400.0,42.666666666666664,8084.666666666667
2417,66.66666666666667,352.0,394.6666666666667,42.666666666666664,8087.333333333333
2418,66.66666666666667,349.3333333333333,389.3333333333333,42.666666666666664,8090.0
2419,66.66666666666667,344.0,384.0,40.0,8090.0
2420,69.33333333333333,338.6666666666667,378.6666666666667,42.666666666666664,8092.666666666667
2421,69.33333333333333,333.3333333333333,376.0,42.666666666666664,8095.333333333333
2422,69.33333333333333,330.6666666666667,370.6666666666667,42.666666666666664,8095.333333333333
2423,72.0,328.0,368.0,42.666666666666664,8095.333333333333
2424,69.33333333333333,322.6666666666667,362.6666666666667,42.666666666666664,8098.0
2425,69.33333333333333,320.0,357.3333333333333,42.666666666666664,8100.666666666667
2426,66.66666666666667,314.6666666666667,352.0,42.666666666666664,8100.666666666667
2427,66.66666666666667,309.3333333333333,349.3333333333333,42.666666666666664,8098.0
2428,66.66666666666667,304.0,341.3333333333333,40.0,8100.666666666667
2429,66.66666666666667,298.6666666666667,333.3333333333333,40.0,8100.666666666667
2430,66.66666666666667,293.3333333333333,328.0,40.0,8103.333333333333
2431,66.66666666666667,288.0,322.6666666666667,42.666666666666664,8103.333333333333
2432,66.66666666666667,282.6666666666667,314.6666666666667,42.666666666666664,8106.0
2433,69.33333333333333,277.3333333333333,309.3333333333333,45.333333333333336,8106.0
2434,66.66666666666667,272.0,306.6666666666667,45.333333333333336,8106.0
2435,66.66666666666667,264.0,301.3333333333333,45.333333333333336,8106.0
2436,66.66666666666667,258.6666666666667,296.0,48.0,8106.0
2437,66.66666666666667,256.0,288.0,48.0,8108.666666666667
2438,66.66666666666667,248.0,282.6666666666667,50.666666666666664,8111.333333333333
2439,69.33333333333333,245.33333333333334,277.3333333333333,50.666666666666664,8114.0
2440,69.33333333333333,242.66666666666666,272.0,50.666666666666664,8116.666666666667
2441,69.33333333333333,237.33333333333334,266.6666666666667,48.0,8116.666666666667
2442,69.33333333333333,232.0,261.3333333333333,48.0,8116.666666666667
2443,66.66666666666667,226.66666666666666,253.33333333333334,50.666666666666664,8116.666666666667
2444,66.66666666666667,221.33333333333334,250.66666666666666,50.666666666666664,8119.333333333333
2445,69.33333333333333,216.0,245.33333333333334,50.666666666666664,8119.333333333333
2446,69.33333333333333,210.66666666666666,237.33333333333334,50.666666666666664,8122.0
2447,69.33333333333333,205.33333333333334,232.0,48.0,8122.0
2448,69.33333333333333,197.33333333333334,226.66666666666666,48.0,8122.0
2449,69.33333333333333,192.0,224.0,48.0,8122.0
2450,66.66666666666667,184.0,218.66666666666666,45.333333333333336,8122.0
2451,66.66666666666667,178.66666666666666,210.66666666666666,45.333333333333336,8122.0
2452,66.66666666666667,170.66666666666666,205.33333333333334,42.666666666666664,8124.666666666667
2453,66.66666666666667,160.0,197.33333333333334,40.0,8127.333333333333
2454,69.33333333333333,152.0,192.0,40.0,8127.333333333333
2455,69.33333333333333,144.0,186.66666666666666,37.333333333333336,8127.333333333333
2456,72.0,138.66666666666666,181.33333333333334,37.333333333333336,8127.333333333333
2457,72.0,133.33333333333334,176.0,34.666666666666664,8130.0
2458,72.0,128.0,173.33333333333334,37.333333333333336,8130.0
2459,72.0,122.66666666666667,168.0,34.666666666666664,8130.0
2460,72.0,117.33333333333333,160.0,34.666666666666664,8130.0
2461,72.0,112.0,152.0,32.0,8130.0
2462,72.0,106.66666666666667,149.33333333333334,34.666666666666664,8130.0
2463,72.0,101.33333333333333,144.0,32.0,8130.0
2464,74.66666666666667,96.0,136.0,32.0,8130.0
2465,74.66666666666667,90.66666666666667,130.66666666666666,32.0,8130.0
2466,74.66666666666667,82.66666666666667,125.33333333333333,29.333333333333332,8130.0
2467,72.0,74.66666666666667,120.0,32.0,8130.0
2468,72.0,69.33333333333333,114.66666666666667,29.333333333333332,8130.0
2469,72.0,64.0,109.33333333333333,32.0,8130.0
2470,72.0,56.0,104.0,32.0,8130.0
2471,69.33333333333333,50.666666666666664,98.66666666666667,34.666666666666664,8130.0
2472,66.66666666666667,45.333333333333336,93.33333333333333,34.666666666666664,8130.0
2473,66.66666666666667,40.0,90.66666666666667,34.666666666666664,8130.0
2474,66.66666666666667,34.666666666666664,85.33333333333333,34.666666666666664,8130.0
2475,66.66666666666667,29.333333333333332,80.0,37.333333333333336,8130.0
2476,66.66666666666667,24.0,74.66666666666667,34.666666666666664,8130.0
2477,66.66666666666667,18.666666666666668,72.0,37.333333333333336,8130.0
2478,66.66666666666667,13.333333333333334,69.33333333333333,40.0,8130.0
2479,66.66666666666667,8.0,61.333333333333336,40.0,8130.0
2480,69.33333333333333,5.333333333333333,58.666666666666664,40.0,8130.0
2481,69.33333333333333,0.0,56.0,37.333333333333336,8130.0
2482,69.33333333333333,-2.6666666666666665,56.0,37.333333333333336,8130.0
2483,69.33333333333333,-5.333333333333333,53.333333333333336,37.333333333333336,8130.0
2484,69.33333333333333,-8.0,50.666666666666664,40.0,8130.0
2485,69.33333333333333,-8.0,48.0,40.0,8130.0
2486,69.33333333333333,-8.0,45.333333333333336,37.333333333333336,8130.0
2487,69.33333333333333,-10.666666666666666,42.666666666666664,37.333333333333336,8130.0
2488,69.33333333333333,-10.666666666666666,40.0,37.333333333333336,8130.0
2489,69.33333333333333,-10.666666666666666,42.666666666666664,40.0,8132.666666666667
2490,69.33333333333333,-10.666666666666666,42.666666666666664,37.333333333333336,8132.666666666667
2491,69.33333333333333,-10.666666666666666,42.666666666666664,40.0,8135.333333333333
2492,69.33333333333333,-10.666666666666666,42.666666666666664,37.333333333333336,8135.333333333333
2493,69.33333333333333,-10.666666666666666,45.333333333333336,37.333333333333336,8135.333333333333
2494,69.33333333333333,-10.666666666666666,48.0,34.666666666666664,8135.333333333333
2495,69.33333333333333,-5.333333333333333,48.0,34.666666666666664,8135.333333333333
2496,69.33333333333333,-2.6666666666666665,50.666666666666664,37.333333333333336,8135.333333333333
2497,72.0,2.6666666666666665,53.333333333333336,37.333333333333336,8135.333333333333
2498,72.0,8.0,56.0,37.333333333333336,8135.333333333333
2499,69.33333333333333,10.666666666666666,58.666666666666664,34.666666666666664,8135.333333333333
2500,69.33333333333333,13.333333333333334,61.333333333333336,32.0,8135.333333333333
2501,72.0,18.666666666666668,64.0,29.333333333333332,8135.333333333333
2502,74.66666666666667,24.0,66.66666666666667,26.666666666666668,8135.333333333333
2503,77.33333333333333,29.333333333333332,69.33333333333333,24.0,8138.0
2504,77.33333333333333,34.666666666666664,72.0,24.0,8140.666666666667
2505,74.66666666666667,40.0,77.33333333333333,21.333333333333332,8140.666666666667
2506,72.0,45.333333333333336,85.33333333333333,21.333333333333332,8140.666666666667
2507,72.0,50.666666666666664,90.66666666666667,21.333333333333332,8140.666666666667
2508,72.0,58.666666666666664,96.0,18.666666666666668,8140.666666666667
2509,69.33333333333333,64.0,101.33333333333333,18.666666666666668,8143.333333333333
2510,69.33333333333333,69.33333333333333,104.0,21.333333333333332,8143.333333333333
2511,69.33333333333333,77.33333333333333,106.66666666666667,24.0,8143.333333333333
2512,69.33333333333333,82.66666666666667,109.33333333333333,24.0,8143.333333333333
2513,66.66666666666667,90.66666666666667,114.66666666666667,24.0,8146.0
2514,66.66666666666667,98.66666666666667,120.0,21.333333333333332,8146.0
2515,66.66666666666667,104.0,125.33333333333333,24.0,8146.0
2516,66.66666666666667,106.66666666666667,133.33333333333334,24.0,8148.666666666667
2517,66.66666666666667,114.66666666666667,138.66666666666666,26.666666666666668,8148.666666666667
2518,66.66666666666667,120.0,144.0,26.666666666666668,8151.333333333333
2519,66.66666666666667,125.33333333333333,146.66666666666666,24.0,8151.333333333333
2520,66.66666666666667,133.33333333333334,152.0,24.0,8151.333333333333
2521,66.66666666666667,138.66666666666666,160.0,24.0,8151.333333333333
2522,66.66666666666667,146.66666666666666,162.66666666666666,24.0,8154.0
2523,66.66666666666667,154.66666666666666,168.0,24.0,8154.0
2524,66.66666666666667,160.0,173.33333333333334,24.0,8154.0
2525,66.66666666666667,162.66666666666666,181.33333333333334,26.666666666666668,8154.0
2526,66.66666666666667,168.0,186.66666666666666,24.0,8154.0
2527,66.66666666666667,173.33333333333334,192.0,21.333333333333332,8154.0
2528,64.0,178.66666666666666,197.33333333333334,24.0,8154.0
2529,66.66666666666667,184.0,202.66666666666666,24.0,8154.0
2530,64.0,192.0,208.0,24.0,8154.0
2531,64.0,200.0,213.33333333333334,24.0,8154.0
2532,64.0,205.33333333333334,218.66666666666666,24.0,8156.666666666667
2533,64.0,210.66666666666666,224.0,24.0,8156.666666666667
2534,64.0,216.0,229.33333333333334,26.666666666666668,8156.666666666667
2535,66.66666666666667,224.0,232.0,29.333333333333332,8156.666666666667
2536,69.33333333333333,229.33333333333334,237.33333333333334,29.333333333333332,8159.333333333333
2537,69.33333333333333,237.33333333333334,242.66666666666666,29.333333333333332,8162.0
2538,69.33333333333333,242.66666666666666,248.0,29.333333333333332,8162.0
2539,72.0,250.66666666666666,256.0,32.0,8159.333333333333
2540,72.0,258.6666666666667,264.0,29.333333333333332,8162.0
2541,72.0,264.0,272.0,26.666666666666668,8164.666666666667
2542,72.0,266.6666666666667,277.3333333333333,26.666666666666668,8164.666666666667
2543,74.66666666666667,272.0,282.6666666666667,29.333333333333332,8164.666666666667
2544,74.66666666666667,277.3333333333333,290.6666666666667,32.0,8167.333333333333
2545,72.0,280.0,296.0,32.0,8170.0
2546,72.0,288.0,301.3333333333333,34.666666666666664,8170.0
2547,72.0,293.3333333333333,306.6666666666667,34.666666666666664,8172.666666666667
2548,72.0,298.6666666666667,314.6666666666667,34.666666666666664,8172.666666666667
2549,72.0,304.0,322.6666666666667,34.666666666666664,8172.666666666667
2550,69.33333333333333,306.6666666666667,328.0,37.333333333333336,8175.333333333333
2551,69.33333333333333,314.6666666666667,333.3333333333333,34.666666666666664,8175.333333333333
2552,69.33333333333333,320.0,341.3333333333333,37.333333333333336,8172.666666666667
2553,69.33333333333333,325.3333333333333,346.6666666666667,37.333333333333336,8175.333333333333
2554,69.33333333333333,333.3333333333333,354.6666666666667,40.0,8175.333333333333
2555,69.33333333333333,341.3333333333333,360.0,37.333333333333336,8178.0
2556,66.66666666666667,349.3333333333333,365.3333333333333,40.0,8178.0
2557,64.0,354.6666666666667,370.6666666666667,42.666666666666664,8178.0
2558,66.66666666666667,360.0,376.0,42.666666666666664,8180.666666666667
2559,66.66666666666667,365.3333333333333,384.0,45.333333333333336,8183.333333333333
2560,69.33333333333333,370.6666666666667,392.0,48.0,8186.0
2561,69.33333333333333,373.3333333333333,400.0,50.666666666666664,8186.0
2562,69.33333333333333,378.6666666666667,408.0,53.333333333333336,8183.333333333333
2563,66.66666666666667,386.6666666666667,416.0,53.333333333333336,8180.666666666667
2564,64.0,392.0,421.3333333333333,53.333333333333336,8178.0
2565,64.0,394.6666666666667,429.3333333333333,53.333333333333336,8178.0
2566,64.0,402.6666666666667,432.0,58.666666666666664,8175.333333333333
2567,61.333333333333336,408.0,437.3333333333333,61.333333333333336,8175.333333333333
2568,61.333333333333336,413.3333333333333,442.6666666666667,69.33333333333333,8175.333333333333
2569,61.333333333333336,418.6666666666667,448.0,72.0,8175.333333333333
2570,61.333333333333336,424.0,453.3333333333333,77.33333333333333,8170.0
2571,58.666666666666664,429.3333333333333,458.6666666666667,82.66666666666667,8164.666666666667
2572,58.666666666666664,437.3333333333333,464.0,88.0,8164.666666666667
2573,58.666666666666664,440.0,469.3333333333333,93.33333333333333,8162.0
2574,58.666666666666664,445.3333333333333,472.0,104.0,8159.333333333333
2575,61.333333333333336,453.3333333333333,477.3333333333333,117.33333333333333,8156.666666666667
2576,61.333333333333336,458.6666666666667,482.6666666666667,130.66666666666666,8151.333333333333
2577,61.333333333333336,464.0,490.6666666666667,144.0,8140.666666666667
2578,61.333333333333336,469.3333333333333,496.0,157.33333333333334,8127.333333333333
2579,61.333333333333336,474.6666666666667,498.6666666666667,173.33333333333334,8114.0
2580,64.0,480.0,506.6666666666667,186.66666666666666,8100.666666666667
2581,64.0,482.6666666666667,512.0,210.66666666666666,8087.333333333333
2582,64.0,488.0,517.3333333333334,237.33333333333334,8074.0
2583,64.0,493.3333333333333,522.6666666666666,269.3333333333333,8060.666666666667
2584,64.0,496.0,525.3333333333334,298.6666666666667,8047.333333333333
2585,64.0,501.3333333333333,530.6666666666666,330.6666666666667,8020.666666666667
2586,66.66666666666667,506.6666666666667,536.0,360.0,7991.333333333333
2587,69.33333333333333,512.0,541.3333333333334,389.3333333333333,7964.666666666667
2588,69.33333333333333,517.3333333333334,546.6666666666666,418.6666666666667,7935.333333333333
2589,69.33333333333333,522.6666666666666,549.3333333333334,461.3333333333333,7906.0
2590,69.33333333333333,528.0,552.0,512.0,7876.666666666667
2591,69.33333333333333,533.3333333333334,557.3333333333334,560.0,7850.0
2592,69.33333333333333,538.6666666666666,562.6666666666666,610.6666666666666,7815.333333333333
2593,72.0,541.3333333333334,565.3333333333334,661.3333333333334,7772.666666666667
2594,74.66666666666667,549.3333333333334,570.6666666666666,709.3333333333334,7727.333333333333
2595,74.66666666666667,554.6666666666666,573.3333333333334,760.0,7682.0
2596,74.66666666666667,557.3333333333334,578.6666666666666,808.0,7639.333333333333
2597,80.0,560.0,584.0,872.0,7591.333333333333
2598,82.66666666666667,565.3333333333334,586.6666666666666,936.0,7546.0
2599,85.33333333333333,570.6666666666666,592.0,1005.3333333333334,7500.666666666667
2600,88.0,576.0,597.3333333333334,1072.0,7447.333333333333
2601,93.33333333333333,581.3333333333334,602.6666666666666,1138.6666666666667,7383.333333333333
2602,96.0,586.6666666666666,608.0,1205.3333333333333,7316.666666666667
2603,98.66666666666667,592.0,610.6666666666666,1269.3333333333333,7250.0
2604,98.66666666666667,597.3333333333334,613.3333333333334,1330.6666666666667,7183.333333333333
2605,101.33333333333333,602.6666666666666,618.6666666666666,1405.3333333333333,7116.666666666667
2606,104.0,610.6666666666666,621.3333333333334,1485.3333333333333,7052.666666666667
2607,106.66666666666667,618.6666666666666,624.0,1568.0,6991.333333333333
2608,109.33333333333333,626.6666666666666,626.6666666666666,1648.0,6916.666666666667
2609,112.0,634.6666666666666,632.0,1728.0,6836.666666666667
2610,114.66666666666667,642.6666666666666,634.6666666666666,1808.0,6754.0
2611,117.33333333333333,650.6666666666666,634.6666666666666,1880.0,6674.0
2612,120.0,656.0,637.3333333333334,1949.3333333333333,6596.666666666667
2613,122.66666666666667,658.6666666666666,640.0,2032.0,6514.0
2614,125.33333333333333,666.6666666666666,642.6666666666666,2117.3333333333335,6434.0
2615,128.0,672.0,645.3333333333334,2205.3333333333335,6362.0
2616,133.33333333333334,677.3333333333334,648.0,2293.3333333333335,6279.333333333333
2617,136.0,680.0,650.6666666666666,2381.3333333333335,6191.333333333333
2618,138.66666666666666,685.3333333333334,653.3333333333334,2469.3333333333335,6100.666666666667
2619,144.0,690.6666666666666,656.0,2544.0,6010.0
2620,146.66666666666666,696.0,658.6666666666666,2613.3333333333335,5916.666666666667
2621,152.0,701.3333333333334,658.6666666666666,2693.3333333333335,5826.0
2622,157.33333333333334,709.3333333333334,658.6666666666666,2773.3333333333335,5743.333333333333
2623,162.66666666666666,717.3333333333334,664.0,2861.3333333333335,5666.0
2624,168.0,722.6666666666666,666.6666666666666,2946.6666666666665,5583.333333333333
2625,173.33333333333334,728.0,669.3333333333334,3032.0,5495.333333333333
2626,178.66666666666666,736.0,672.0,3114.6666666666665,5402.0
2627,181.33333333333334,744.0,672.0,3184.0,5311.333333333333
2628,184.0,749.3333333333334,674.6666666666666,3253.3333333333335,5220.666666666667
2629,186.66666666666666,754.6666666666666,674.6666666666666,3322.6666666666665,5130.0
2630,192.0,760.0,674.6666666666666,3397.3333333333335,5050.0
2631,194.66666666666666,765.3333333333334,674.6666666666666,3472.0,4980.666666666667
2632,200.0,770.6666666666666,674.6666666666666,3546.6666666666665,4906.0
2633,202.66666666666666,778.6666666666666,677.3333333333334,3624.0,4828.666666666667
2634,208.0,784.0,680.0,3698.6666666666665,4748.666666666667
2635,210.66666666666666,789.3333333333334,680.0,3757.3333333333335,4666.0
2636,213.33333333333334,792.0,680.0,3813.3333333333335,4586.0
2637,218.66666666666666,797.3333333333334,680.0,3869.3333333333335,4506.0
2638,224.0,800.0,680.0,3928.0,4442.0
2639,229.33333333333334,802.6666666666666,680.0,3989.3333333333335,4383.333333333333
2640,234.66666666666666,808.0,680.0,4050.6666666666665,4322.0
2641,240.0,810.6666666666666,682.6666666666666,4114.666666666667,4258.0
2642,242.66666666666666,816.0,682.6666666666666,4176.0,4191.333333333333
2643,250.66666666666666,821.3333333333334,682.6666666666666,4221.333333333333,4127.333333333333
2644,256.0,826.6666666666666,682.6666666666666,4264.0,4060.6666666666665
2645,261.3333333333333,832.0,682.6666666666666,4306.666666666667,3996.6666666666665
2646,264.0,837.3333333333334,682.6666666666666,4352.0,3948.6666666666665
2647,269.3333333333333,845.3333333333334,682.6666666666666,4397.333333333333,3903.3333333333335
2648,274.6666666666667,850.6666666666666,682.6666666666666,4445.333333333333,3858.0
2649,277.3333333333333,856.0,682.6666666666666,4490.666666666667,3810.0
2650,282.6666666666667,861.3333333333334,682.6666666666666,4533.333333333333,3764.6666666666665
2651,285.3333333333333,866.6666666666666,682.6666666666666,4568.0,3716.6666666666665
2652,288.0,869.3333333333334,682.6666666666666,4605.333333333333,3666.0
2653,293.3333333333333,874.6666666666666,680.0,4637.333333333333,3618.0
2654,298.6666666666667,877.3333333333334,682.6666666666666,4672.0,3578.0
2655,301.3333333333333,885.3333333333334,682.6666666666666,4706.666666666667,3540.6666666666665
2656,306.6666666666667,888.0,682.6666666666666,4744.0,3506.0
2657,312.0,893.3333333333334,682.6666666666666,4778.666666666667,3468.6666666666665
2658,317.3333333333333,898.6666666666666,685.3333333333334,4810.666666666667,3428.6666666666665
2659,322.6666666666667,904.0,688.0,4840.0,3391.3333333333335
2660,325.3333333333333,909.3333333333334,690.6666666666666,4869.333333333333,3354.0
2661,330.6666666666667,914.6666666666666,690.6666666666666,4901.333333333333,3316.6666666666665
2662,333.3333333333333,920.0,693.3333333333334,4933.333333333333,3282.0
2663,338.6666666666667,925.3333333333334,693.3333333333334,4962.666666666667,3247.3333333333335
2664,344.0,930.6666666666666,693.3333333333334,4992.0,3215.3333333333335
2665,349.3333333333333,936.0,693.3333333333334,5024.0,3186.0
2666,354.6666666666667,941.3333333333334,693.3333333333334,5053.333333333333,3151.3333333333335
2667,357.3333333333333,944.0,696.0,5080.0,3119.3333333333335
2668,362.6666666666667,952.0,698.6666666666666,5106.666666666667,3087.3333333333335
2669,368.0,960.0,701.3333333333334,5133.333333333333,3052.6666666666665
2670,373.3333333333333,965.3333333333334,701.3333333333334,5160.0,3023.3333333333335
2671,378.6666666666667,970.6666666666666,701.3333333333334,5184.0,2994.0
2672,384.0,976.0,704.0,5208.0,2964.6666666666665
2673,386.6666666666667,984.0,706.6666666666666,5234.666666666667,2935.3333333333335
2674,392.0,986.6666666666666,709.3333333333334,5261.333333333333,2908.6666666666665
2675,397.3333333333333,992.0,709.3333333333334,5285.333333333333,2882.0
2676,402.6666666666667,997.3333333333334,709.3333333333334,5309.333333333333,2855.3333333333335
2677,408.0,1002.6666666666666,712.0,5333.333333333333,2826.0
2678,413.3333333333333,1008.0,712.0,5357.333333333333,2796.6666666666665
2679,418.6666666666667,1013.3333333333334,714.6666666666666,5384.0,2772.6666666666665
2680,424.0,1018.6666666666666,717.3333333333334,5410.666666666667,2746.0
2681,429.3333333333333,1024.0,720.0,5437.333333333333,2719.3333333333335
2682,434.6666666666667,1029.3333333333333,720.0,5458.666666666667,2692.6666666666665
2683,437.3333333333333,1032.0,722.6666666666666,5480.0,2666.0
2684,440.0,1037.3333333333333,720.0,5504.0,2639.3333333333335
2685,448.0,1042.6666666666667,720.0,5528.0,2615.3333333333335
2686,450.6666666666667,1050.6666666666667,722.6666666666666,5549.333333333333,2591.3333333333335
2687,456.0,1053.3333333333333,725.3333333333334,5570.666666666667,2567.3333333333335
2688,458.6666666666667,1056.0,725.3333333333334,5594.666666666667,2543.3333333333335
2689,464.0,1058.6666666666667,725.3333333333334,5618.666666666667,2516.6666666666665
2690,469.3333333333333,1061.3333333333333,725.3333333333334,5640.0,2490.0
2691,474.6666666666667,1066.6666666666667,728.0,5658.666666666667,2463.3333333333335
2692,480.0,1072.0,728.0,5677.333333333333,2439.3333333333335
2693,485.3333333333333,1077.3333333333333,728.0,5698.666666666667,2418.0
2694,493.3333333333333,1082.6666666666667,730.6666666666666,5720.0,2396.6666666666665
2695,498.6666666666667,1088.0,733.3333333333334,5738.666666666667,2372.6666666666665
2696,504.0,1093.3333333333333,733.3333333333334,5760.0,2351.3333333333335
2697,509.3333333333333,1098.6666666666667,730.6666666666666,5781.333333333333,2327.3333333333335
2698,512.0,1101.3333333333333,730.6666666666666,5802.666666666667,2303.3333333333335
2699,517.3333333333334,1104.0,730.6666666666666,5821.333333333333,2282.0
2700,520.0,1109.3333333333333,733.3333333333334,5842.666666666667,2260.6666666666665
2701,525.3333333333334,1114.6666666666667,736.0,5864.0,2239.3333333333335
2702,533.3333333333334,1120.0,736.0,5885.333333333333,2218.0
2703,538.6666666666666,1122.6666666666667,736.0,5904.0,2196.6666666666665
2704,544.0,1128.0,736.0,5922.666666666667,2175.3333333333335
2705,549.3333333333334,1133.3333333333333,738.6666666666666,5941.333333333333,2154.0
2706,552.0,1138.6666666666667,738.6666666666666,5957.333333333333,2130.0
2707,557.3333333333334,1144.0,738.6666666666666,5973.333333333333,2108.6666666666665
2708,562.6666666666666,1149.3333333333333,741.3333333333334,5989.333333333333,2090.0
2709,568.0,1154.6666666666667,738.6666666666666,6005.333333333333,2068.6666666666665
2710,573.3333333333334,1160.0,738.6666666666666,6021.333333333333,2050.0
2711,578.6666666666666,1165.3333333333333,736.0,6040.0,2031.3333333333333
2712,584.0,1170.6666666666667,738.6666666666666,6058.666666666667,2012.6666666666667
2713,589.3333333333334,1176.0,738.6666666666666,6077.333333333333,1994.0
2714,594.6666666666666,1181.3333333333333,738.6666666666666,6093.333333333333,1975.3333333333333
2715,597.3333333333334,1184.0,741.3333333333334,6106.666666666667,1956.6666666666667
2716,602.6666666666666,1186.6666666666667,741.3333333333334,6125.333333333333,1938.0
2717,605.3333333333334,1194.6666666666667,741.3333333333334,6144.0,1922.0
2718,613.3333333333334,1200.0,738.6666666666666,6160.0,1906.0
2719,616.0,1205.3333333333333,738.6666666666666,6176.0,1890.0
2720,618.6666666666666,1213.3333333333333,738.6666666666666,6192.0,1874.0
2721,624.0,1218.6666666666667,736.0,6208.0,1858.0
2722,629.3333333333334,1224.0,736.0,6224.0,1839.3333333333333
2723,634.6666666666666,1229.3333333333333,738.6666666666666,6240.0,1823.3333333333333
2724,637.3333333333334,1232.0,736.0,6256.0,1804.6666666666667
2725,642.6666666666666,1237.3333333333333,733.3333333333334,6272.0,1788.6666666666667
2726,648.0,1242.6666666666667,733.3333333333334,6285.333333333333,1772.6666666666667
2727,653.3333333333334,1248.0,733.3333333333334,6298.666666666667,1759.3333333333333
2728,658.6666666666666,1253.3333333333333,733.3333333333334,6312.0,1746.0
2729,661.3333333333334,1258.6666666666667,733.3333333333334,6325.333333333333,1730.0
2730,666.6666666666666,1261.3333333333333,733.3333333333334,6338.666666666667,1714.0
2731,669.3333333333334,1266.6666666666667,733.3333333333334,6352.0,1698.0
2732,672.0,1269.3333333333333,733.3333333333334,6365.333333333333,1684.6666666666667
2733,677.3333333333334,1274.6666666666667,733.3333333333334,6381.333333333333,1671.3333333333333
2734,680.0,1280.0,733.3333333333334,6397.333333333333,1655.3333333333333
2735,682.6666666666666,1282.6666666666667,733.3333333333334,6413.333333333333,1639.3333333333333
2736,688.0,1285.3333333333333,733.3333333333334,6429.333333333333,1626.0
2737,690.6666666666666,1288.0,733.3333333333334,6445.333333333333,1612.6666666666667
2738,696.0,1293.3333333333333,733.3333333333334,6458.666666666667,1596.6666666666667
2739,701.3333333333334,1298.6666666666667,736.0,6472.0,1580.6666666666667
2740,706.6666666666666,1304.0,736.0,6485.333333333333,1564.6666666666667
2741,712.0,1309.3333333333333,738.6666666666666,6496.0,1548.6666666666667
2742,717.3333333333334,1314.6666666666667,738.6666666666666,6506.666666666667,1535.3333333333333
2743,720.0,1320.0,738.6666666666666,6520.0,1519.3333333333333
2744,725.3333333333334,1325.3333333333333,741.3333333333334,6533.333333333333,1506.0
2745,730.6666666666666,1330.6666666666667,741.3333333333334,6546.666666666667,1490.0
2746,736.0,1336.0,738.6666666666666,6557.333333333333,1474.0
2747,741.3333333333334,1341.3333333333333,738.6666666666666,6570.666666666667,1458.0
2748,746.6666666666666,1349.3333333333333,738.6666666666666,6584.0,1444.6666666666667
2749,752.0,1357.3333333333333,738.6666666666666,6597.333333333333,1431.3333333333333
2750,760.0,1362.6666666666667,738.6666666666666,6610.666666666667,1415.3333333333333
2751,765.3333333333334,1365.3333333333333,741.3333333333334,6624.0,1399.3333333333333
2752,768.0,1368.0,741.3333333333334,6637.333333333333,1388.6666666666667
2753,773.3333333333334,1373.3333333333333,741.3333333333334,6648.0,1372.6666666666667
2754,778.6666666666666,1381.3333333333333,744.0,6661.333333333333,1359.3333333333333
2755,784.0,1386.6666666666667,746.6666666666666,6672.0,1346.0
2756,789.3333333333334,1392.0,749.3333333333334,6685.333333333333,1332.6666666666667
2757,792.0,1397.3333333333333,749.3333333333334,6698.666666666667,1319.3333333333333
2758,797.3333333333334,1402.6666666666667,746.6666666666666,6712.0,1303.3333333333333
2759,802.6666666666666,1408.0,746.6666666666666,6725.333333333333,1290.0
2760,808.0,1413.3333333333333,746.6666666666666,6736.0,1276.6666666666667
2761,813.3333333333334,1418.6666666666667,746.6666666666666,6749.333333333333,1263.3333333333333
2762,818.6666666666666,1424.0,746.6666666666666,6762.666666666667,1250.0
2763,821.3333333333334,1432.0,746.6666666666666,6773.333333333333,1236.6666666666667
2764,826.6666666666666,1437.3333333333333,746.6666666666666,6784.0,1223.3333333333333
2765,832.0,1445.3333333333333,746.6666666666666,6794.666666666667,1210.0
2766,837.3333333333334,1453.3333333333333,749.3333333333334,6805.333333333333,1196.6666666666667
2767,842.6666666666666,1458.6666666666667,749.3333333333334,6816.0,1183.3333333333333
2768,845.3333333333334,1461.3333333333333,749.3333333333334,6826.666666666667,1172.6666666666667
2769,850.6666666666666,1466.6666666666667,749.3333333333334,6837.333333333333,1162.0
2770,856.0,1472.0,749.3333333333334,6850.666666666667,1151.3333333333333
2771,861.3333333333334,1477.3333333333333,749.3333333333334,6864.0,1140.6666666666667
2772,866.6666666666666,1482.6666666666667,749.3333333333334,6877.333333333333,1127.3333333333333
2773,874.6666666666666,1488.0,749.3333333333334,6888.0,1116.6666666666667
2774,880.0,1493.3333333333333,749.3333333333334,6898.666666666667,1103.3333333333333
2775,885.3333333333334,1498.6666666666667,749.3333333333334,6909.333333333333,1092.6666666666667
2776,890.6666666666666,1504.0,752.0,6922.666666666667,1082.0
2777,896.0,1506.6666666666667,752.0,6933.333333333333,1071.3333333333333
2778,898.6666666666666,1512.0,754.6666666666666,6944.0,1058.0
2779,904.0,1517.3333333333333,754.6666666666666,6954.666666666667,1047.3333333333333
2780,906.6666666666666,1522.6666666666667,754.6666666666666,6965.333333333333,1039.3333333333333
2781,909.3333333333334,1530.6666666666667,754.6666666666666,6976.0,1028.6666666666667
2782,917.3333333333334,1538.6666666666667,754.6666666666666,6986.666666666667,1015.3333333333334
2783,920.0,1544.0,754.6666666666666,6997.333333333333,1004.6666666666666
2784,922.6666666666666,1549.3333333333333,754.6666666666666,7005.333333333333,994.0
2785,928.0,1554.6666666666667,754.6666666666666,7016.0,983.3333333333334
2786,933.3333333333334,1560.0,754.6666666666666,7026.666666666667,972.6666666666666
2787,941.3333333333334,1565.3333333333333,757.3333333333334,7037.333333333333,959.3333333333334
2788,946.6666666666666,1570.6666666666667,760.0,7048.0,948.6666666666666
2789,952.0,1576.0,760.0,7058.666666666667,938.0
2790,957.3333333333334,1581.3333333333333,760.0,7069.333333333333,927.3333333333334
2791,962.6666666666666,1586.6666666666667,760.0,7077.333333333333,916.6666666666666
2792,965.3333333333334,1592.0,760.0,7085.333333333333,906.0
2793,970.6666666666666,1597.3333333333333,760.0,7096.0,895.3333333333334
2794,976.0,1602.6666666666667,760.0,7106.666666666667,884.6666666666666
2795,981.3333333333334,1608.0,760.0,7117.333333333333,874.0
2796,989.3333333333334,1613.3333333333333,760.0,7128.0,863.3333333333334
2797,997.3333333333334,1618.6666666666667,760.0,7138.666666666667,852.6666666666666
2798,1002.6666666666666,1624.0,760.0,7149.333333333333,842.0
2799,1005.3333333333334,1629.3333333333333,760.0,7160.0,831.3333333333334
2800,1008.0,1634.6666666666667,760.0,7168.0,818.0
2801,1010.6666666666666,1640.0,760.0,7176.0,807.3333333333334
2802,1016.0,1645.3333333333333,760.0,7184.0,799.3333333333334
2803,1021.3333333333334,1650.6666666666667,757.3333333333334,7194.666666666667,791.3333333333334
2804,1024.0,1656.0,757.3333333333334,7205.333333333333,780.6666666666666
2805,1029.3333333333333,1661.3333333333333,757.3333333333334,7216.0,770.0
2806,1034.6666666666667,1666.6666666666667,757.3333333333334,7224.0,759.3333333333334
2807,1040.0,1672.0,757.3333333333334,7232.0,748.6666666666666
2808,1045.3333333333333,1674.6666666666667,754.6666666666666,7240.0,740.6666666666666
2809,1050.6666666666667,1680.0,754.6666666666666,7250.666666666667,732.6666666666666
2810,1058.6666666666667,1685.3333333333333,754.6666666666666,7258.666666666667,722.0
2811,1064.0,1690.6666666666667,754.6666666666666,7266.666666666667,714.0
2812,1066.6666666666667,1696.0,754.6666666666666,7274.666666666667,703.3333333333334
2813,1072.0,1698.6666666666667,754.6666666666666,7282.666666666667,692.6666666666666
2814,1077.3333333333333,1704.0,754.6666666666666,7290.666666666667,684.6666666666666
2815,1080.0,1709.3333333333333,754.6666666666666,7301.333333333333,674.0
2816,1085.3333333333333,1714.6666666666667,752.0,7309.333333333333,663.3333333333334
2817,1090.6666666666667,1720.0,752.0,7317.333333333333,658.0
2818,1096.0,1725.3333333333333,752.0,7325.333333333333,650.0
2819,1101.3333333333333,1730.6666666666667,752.0,7333.333333333333,642.0
2820,1106.6666666666667,1736.0,752.0,7341.333333333333,634.0
2821,1112.0,1741.3333333333333,752.0,7349.333333333333,626.0
2822,1120.0,1746.6666666666667,752.0,7357.333333333333,618.0
2823,1125.3333333333333,1749.3333333333333,752.0,7362.666666666667,610.0
2824,1130.6666666666667,1754.6666666666667,752.0,7368.0,604.6666666666666
2825,1136.0,1757.3333333333333,752.0,7373.333333333333,599.3333333333334
2826,1138.6666666666667,1762.6666666666667,752.0,7381.333333333333,594.0
2827,1141.3333333333333,1770.6666666666667,752.0,7386.666666666667,586.0
2828,1146.6666666666667,1778.6666666666667,752.0,7392.0,580.6666666666666
2829,1152.0,1784.0,752.0,7397.333333333333,572.6666666666666
2830,1157.3333333333333,1786.6666666666667,752.0,7402.666666666667,567.3333333333334
2831,1165.3333333333333,1792.0,752.0,7408.0,562.0
2832,1170.6666666666667,1797.3333333333333,752.0,7413.333333333333,554.0
2833,1176.0,1802.6666666666667,754.6666666666666,7416.0,546.0
2834,1184.0,1808.0,754.6666666666666,7421.333333333333,543.3333333333334
2835,1186.6666666666667,1813.3333333333333,754.6666666666666,7426.666666666667,538.0
2836,1192.0,1818.6666666666667,754.6666666666666,7432.0,532.6666666666666
2837,1197.3333333333333,1824.0,754.6666666666666,7437.333333333333,527.3333333333334
2838,1202.6666666666667,1829.3333333333333,754.6666666666666,7442.666666666667,522.0
2839,1208.0,1832.0,754.6666666666666,7442.666666666667,514.0
2840,1210.6666666666667,1834.6666666666667,754.6666666666666,7448.0,508.6666666666667
2841,1216.0,1840.0,754.6666666666666,7453.333333333333,503.3333333333333
2842,1221.3333333333333,1845.3333333333333,754.6666666666666,7458.666666666667,500.6666666666667
2843,1226.6666666666667,1853.3333333333333,754.6666666666666,7464.0,498.0
2844,1232.0,1858.6666666666667,754.6666666666666,7469.333333333333,492.6666666666667
2845,1237.3333333333333,1864.0,754.6666666666666,7472.0,487.3333333333333
2846,1240.0,1869.3333333333333,757.3333333333334,7474.666666666667,484.6666666666667
2847,1242.6666666666667,1874.6666666666667,757.3333333333334,7477.333333333333,476.6666666666667
2848,1245.3333333333333,1880.0,757.3333333333334,7480.0,474.0
2849,1250.6666666666667,1885.3333333333333,757.3333333333334,7482.666666666667,471.3333333333333
2850,1256.0,1890.6666666666667,757.3333333333334,7485.333333333333,468.6666666666667
2851,1261.3333333333333,1898.6666666666667,757.3333333333334,7490.666666666667,466.0
2852,1264.0,1904.0,757.3333333333334,7493.333333333333,460.6666666666667
2853,1269.3333333333333,1909.3333333333333,757.3333333333334,7498.666666666667,458.0
2854,1274.6666666666667,1914.6666666666667,757.3333333333334,7501.333333333333,452.6666666666667
2855,1280.0,1920.0,757.3333333333334,7504.0,450.0
2856,1285.3333333333333,1922.6666666666667,757.3333333333334,7504.0,444.6666666666667
2857,1290.6666666666667,1928.0,757.3333333333334,7509.333333333333,442.0
2858,1296.0,1933.3333333333333,757.3333333333334,7514.666666666667,436.6666666666667
2859,1301.3333333333333,1938.6666666666667,757.3333333333334,7520.0,434.0
2860,1306.6666666666667,1946.6666666666667,754.6666666666666,7525.333333333333,431.3333333333333
2861,1309.3333333333333,1952.0,754.6666666666666,7530.666666666667,426.0
2862,1314.6666666666667,1957.3333333333333,754.6666666666666,7536.0,423.3333333333333
2863,1317.3333333333333,1962.6666666666667,754.6666666666666,7541.333333333333,420.6666666666667
2864,1320.0,1968.0,754.6666666666666,7544.0,415.3333333333333
2865,1328.0,1973.3333333333333,754.6666666666666,7546.666666666667,410.0
2866,1330.6666666666667,1978.6666666666667,754.6666666666666,7549.333333333333,407.3333333333333
2867,1336.0,1984.0,754.6666666666666,7552.0,402.0
2868,1338.6666666666667,1989.3333333333333,757.3333333333334,7554.666666666667,396.6666666666667
2869,1341.3333333333333,1994.6666666666667,757.3333333333334,7560.0,394.0
2870,1346.6666666666667,2000.0,757.3333333333334,7562.666666666667,391.3333333333333
2871,1352.0,2005.3333333333333,757.3333333333334,7565.333333333333,388.6666666666667
2872,1357.3333333333333,2010.6666666666667,757.3333333333334,7568.0,386.0
2873,1362.6666666666667,2016.0,757.3333333333334,7570.666666666667,380.6666666666667
2874,1368.0,2018.6666666666667,757.3333333333334,7573.333333333333,378.0
2875,1373.3333333333333,2024.0,757.3333333333334,7576.0,378.0
2876,1378.6666666666667,2026.6666666666667,754.6666666666666,7578.666666666667,372.6666666666667
2877,1384.0,2029.3333333333333,754.6666666666666,7581.333333333333,372.6666666666667
2878,1389.3333333333333,2034.6666666666667,754.6666666666666,7584.0,367.3333333333333
2879,1392.0,2042.6666666666667,754.6666666666666,7589.333333333333,362.0
2880,1397.3333333333333,2048.0,754.6666666666666,7594.666666666667,356.6666666666667
2881,1402.6666666666667,2050.6666666666665,754.6666666666666,7594.666666666667,351.3333333333333
2882,1408.0,2056.0,754.6666666666666,7600.0,348.6666666666667
2883,1410.6666666666667,2061.3333333333335,754.6666666666666,7600.0,343.3333333333333
2884,1416.0,2066.6666666666665,754.6666666666666,7602.666666666667,340.6666666666667
2885,1421.3333333333333,2072.0,754.6666666666666,7608.0,335.3333333333333
2886,1426.6666666666667,2077.3333333333335,754.6666666666666,7613.333333333333,332.6666666666667
2887,1432.0,2082.6666666666665,754.6666666666666,7613.333333333333,330.0
2888,1437.3333333333333,2088.0,754.6666666666666,7613.333333333333,327.3333333333333
2889,1442.6666666666667,2093.3333333333335,754.6666666666666,7613.333333333333,324.6666666666667
2890,1448.0,2098.6666666666665,757.3333333333334,7616.0,322.0
2891,1453.3333333333333,2104.0,757.3333333333334,7618.666666666667,319.3333333333333
2892,1456.0,2109.3333333333335,757.3333333333334,7621.333333333333,316.6666666666667
2893,1461.3333333333333,2114.6666666666665,757.3333333333334,7624.0,314.0
2894,1466.6666666666667,2120.0,757.3333333333334,7626.666666666667,311.3333333333333
2895,1472.0,2125.3333333333335,757.3333333333334,7629.333333333333,311.3333333333333
2896,1480.0,2130.6666666666665,757.3333333333334,7632.0,308.6666666666667
2897,1485.3333333333333,2136.0,757.3333333333334,7634.666666666667,308.6666666666667
2898,1493.3333333333333,2144.0,757.3333333333334,7637.333333333333,308.6666666666667
2899,1501.3333333333333,2149.3333333333335,757.3333333333334,7640.0,306.0
2900,1504.0,2154.6666666666665,757.3333333333334,7640.0,303.3333333333333
2901,1509.3333333333333,2157.3333333333335,757.3333333333334,7642.666666666667,300.6666666666667
2902,1514.6666666666667,2162.6666666666665,757.3333333333334,7642.666666666667,298.0
2903,1520.0,2165.3333333333335,757.3333333333334,7645.333333333333,298.0
2904,1525.3333333333333,2173.3333333333335,757.3333333333334,7648.0,292.6666666666667
2905,1530.6666666666667,2178.6666666666665,757.3333333333334,7650.666666666667,290.0
2906,1536.0,2186.6666666666665,760.0,7653.333333333333,290.0
2907,1541.3333333333333,2194.6666666666665,760.0,7656.0,287.3333333333333
2908,1546.6666666666667,2200.0,760.0,7658.666666666667,287.3333333333333
2909,1552.0,2202.6666666666665,760.0,7658.666666666667,287.3333333333333
2910,1554.6666666666667,2208.0,760.0,7658.666666666667,287.3333333333333
2911,1557.3333333333333,2213.3333333333335,760.0,7661.333333333333,287.3333333333333
2912,1565.3333333333333,2218.6666666666665,760.0,7661.333333333333,287.3333333333333
2913,1570.6666666666667,2224.0,760.0,7664.0,284.6666666666667
2914,1573.3333333333333,2229.3333333333335,760.0,7666.666666666667,282.0
2915,1578.6666666666667,2234.6666666666665,760.0,7666.666666666667,282.0
2916,1581.3333333333333,2240.0,760.0,7666.666666666667,282.0
2917,1586.6666666666667,2245.3333333333335,760.0,7669.333333333333,282.0
2918,1592.0,2250.6666666666665,760.0,7672.0,282.0
2919,1597.3333333333333,2253.3333333333335,760.0,7674.666666666667,282.0
2920,1602.6666666666667,2258.6666666666665,760.0,7674.666666666667,282.0
2921,1608.0,2261.3333333333335,760.0,7674.666666666667,282.0
2922,1616.0,2266.6666666666665,760.0,7674.666666666667,282.0
2923,1621.3333333333333,2272.0,760.0,7674.666666666667,282.0
2924,1626.6666666666667,2277.3333333333335,760.0,7674.666666666667,282.0
2925,1629.3333333333333,2282.6666666666665,760.0,7674.666666666667,282.0
2926,1632.0,2288.0,760.0,7674.666666666667,279.3333333333333
2927,1637.3333333333333,2293.3333333333335,760.0,7674.666666666667,279.3333333333333
2928,1642.6666666666667,2296.0,760.0,7674.666666666667,279.3333333333333
2929,1648.0,2301.3333333333335,760.0,7674.666666666667,276.6666666666667
2930,1653.3333333333333,2309.3333333333335,757.3333333333334,7677.333333333333,274.0
2931,1658.6666666666667,2314.6666666666665,757.3333333333334,7677.333333333333,271.3333333333333
2932,1664.0,2317.3333333333335,757.3333333333334,7680.0,268.6666666666667
2933,1669.3333333333333,2325.3333333333335,757.3333333333334,7680.0,266.0
2934,1674.6666666666667,2330.6666666666665,757.3333333333334,7680.0,268.6666666666667
2935,1680.0,2333.3333333333335,757.3333333333334,7680.0,266.0
2936,1685.3333333333333,2338.6666666666665,757.3333333333334,7680.0,263.3333333333333
2937,1690.6666666666667,2344.0,757.3333333333334,7680.0,260.6666666666667
2938,1696.0,2346.6666666666665,757.3333333333334,7680.0,258.0
2939,1701.3333333333333,2352.0,757.3333333333334,7680.0,255.33333333333334
2940,1706.6666666666667,2357.3333333333335,757.3333333333334,7680.0,252.66666666666666
2941,1712.0,2362.6666666666665,757.3333333333334,7680.0,250.0
2942,1717.3333333333333,2368.0,757.3333333333334,7680.0,247.33333333333334
2943,1725.3333333333333,2373.3333333333335,757.3333333333334,7680.0,247.33333333333334
2944,1733.3333333333333,2378.6666666666665,757.3333333333334,7682.666666666667,247.33333333333334
2945,1738.6666666666667,2384.0,760.0,7685.333333333333,244.66666666666666
2946,1746.6666666666667,2389.3333333333335,762.6666666666666,7685.333333333333,242.0
2947,1749.3333333333333,2392.0,762.6666666666666,7685.333333333333,239.33333333333334
2948,1752.0,2394.6666666666665,762.6666666666666,7685.333333333333,236.66666666666666
2949,1757.3333333333333,2402.6666666666665,762.6666666666666,7685.333333333333,236.66666666666666
2950,1762.6666666666667,2408.0,762.6666666666666,7685.333333333333,234.0
2951,1765.3333333333333,2416.0,762.6666666666666,7685.333333333333,231.33333333333334
2952,1768.0,2421.3333333333335,762.6666666666666,7685.333333333333,228.66666666666666
2953,1773.3333333333333,2426.6666666666665,762.6666666666666,7685.333333333333,226.0
2954,1778.6666666666667,2429.3333333333335,762.6666666666666,7685.333333333333,223.33333333333334
2955,1784.0,2434.6666666666665,762.6666666666666,7685.333333333333,220.66666666666666
2956,1789.3333333333333,2440.0,760.0,7685.333333333333,220.66666666666666
2957,1792.0,2445.3333333333335,762.6666666666666,7685.333333333333,218.0
2958,1797.3333333333333,2450.6666666666665,762.6666666666666,7685.333333333333,215.33333333333334
2959,1802.6666666666667,2456.0,762.6666666666666,7685.333333333333,215.33333333333334
2960,1808.0,2458.6666666666665,765.3333333333334,7688.0,215.33333333333334
2961,1813.3333333333333,2464.0,765.3333333333334,7688.0,215.33333333333334
2962,1818.6666666666667,2469.3333333333335,765.3333333333334,7688.0,215.33333333333334
2963,1824.0,2472.0,765.3333333333334,7688.0,215.33333333333334
2964,1829.3333333333333,2474.6666666666665,765.3333333333334,7690.666666666667,212.66666666666666
2965,1834.6666666666667,2482.6666666666665,765.3333333333334,7690.666666666667,212.66666666666666
2966,1840.0,2488.0,765.3333333333334,7690.666666666667,212.66666666666666
2967,1845.3333333333333,2493.3333333333335,765.3333333333334,7690.666666666667,212.66666666666666
2968,1850.6666666666667,2498.6666666666665,765.3333333333334,7690.666666666667,212.66666666666666
2969,1856.0,2501.3333333333335,765.3333333333334,7693.333333333333,212.66666666666666
2970,1861.3333333333333,2506.6666666666665,765.3333333333334,7693.333333333333,212.66666666666666
2971,1866.6666666666667,2509.3333333333335,765.3333333333334,7693.333333333333,212.66666666666666
2972,1869.3333333333333,2512.0,765.3333333333334,7693.333333333333,212.66666666666666
2973,1872.0,2517.3333333333335,765.3333333333334,7693.333333333333,212.66666666666666
2974,1874.6666666666667,2522.6666666666665,765.3333333333334,7690.666666666667,212.66666666666666
2975,1877.3333333333333,2528.0,762.6666666666666,7688.0,212.66666666666666
2976,1880.0,2533.3333333333335,760.0,7688.0,212.66666666666666
2977,1885.3333333333333,2538.6666666666665,760.0,7688.0,212.66666666666666
2978,1890.6666666666667,2541.3333333333335,760.0,7688.0,212.66666666666666
2979,1893.3333333333333,2541.3333333333335,760.0,7690.666666666667,210.0
2980,1896.0,2544.0,760.0,7693.333333333333,210.0
2981,1904.0,2546.6666666666665,760.0,7693.333333333333,210.0
2982,1909.3333333333333,2549.3333333333335,760.0,7693.333333333333,210.0
2983,1912.0,2552.0,760.0,7693.333333333333,210.0
2984,1914.6666666666667,2557.3333333333335,760.0,7693.333333333333,210.0
2985,1920.0,2560.0,762.6666666666666,7693.333333333333,210.0
2986,1925.3333333333333,2562.6666666666665,765.3333333333334,7693.333333333333,210.0
2987,1930.6666666666667,2565.3333333333335,762.6666666666666,7693.333333333333,210.0
2988,1933.3333333333333,2570.6666666666665,762.6666666666666,7693.333333333333,210.0
2989,1936.0,2576.0,762.6666666666666,7693.333333333333,210.0
2990,1941.3333333333333,2578.6666666666665,762.6666666666666,7693.333333333333,210.0
2991,1944.0,2584.0,762.6666666666666,7693.333333333333,210.0
2992,1946.6666666666667,2589.3333333333335,762.6666666666666,7696.0,210.0
2993,1949.3333333333333,2592.0,762.6666666666666,7696.0,210.0
2994,1952.0,2597.3333333333335,762.6666666666666,7696.0,210.0
2995,1954.6666666666667,2600.0,760.0,7696.0,210.0
2996,1960.0,2602.6666666666665,760.0,7696.0,210.0
2997,1965.3333333333333,2605.3333333333335,760.0,7696.0,210.0
2998,1970.6666666666667,2610.6666666666665,760.0,7698.666666666667,210.0
2999,1976.0,2616.0,760.0,7696.0,210.0
